{"eval": 631, "purpose": "arclength_fold_corrector", "status": "NUMERICAL_ONLY", "r": 1209.1828812823044, "c": "15434892924244821/10000000000000000", "K": "7639679683826287/1250000000000000", "L": -0.0005983748419723207}
{"eval": 632, "purpose": "arclength_fold_corrector", "status": "NUMERICAL_ONLY", "r": 1212.0449214732319, "c": "3857678925757267/2500000000000000", "K": "61036403342237087/10000000000000000", "L": 3.16199932188428e-05}
{"eval": 633, "purpose": "arclength_fold_corrector", "status": "NUMERICAL_ONLY", "r": 1212.0418988285564, "c": "3857680310226153/2500000000000000", "K": "61036488764635743/10000000000000000", "L": 5.784324129113525e-10}
{"eval": 634, "purpose": "fold_pair_profile", "status": "NUMERICAL_ONLY", "r": 8.166674074977722, "c": 1.5430738754370412, "K": null, "L": 0.08510064173339071}
{"eval": 635, "purpose": "fold_pair_profile", "status": "NUMERICAL_ONLY", "r": 164.03203367260454, "c": 1.5430738754370412, "K": null, "L": 0.04689609205951577}
{"eval": 636, "purpose": "fold_pair_profile", "status": "NUMERICAL_ONLY", "r": 445.88529641742315, "c": 1.5430738754370412, "K": null, "L": 0.016242979670758932}
{"eval": 637, "purpose": "fold_pair_profile", "status": "NUMERICAL_ONLY", "r": 854.1114903445379, "c": 1.5430738754370412, "K": null, "L": 0.0022235942104871687}
{"eval": 638, "purpose": "fold_pair_profile", "status": "NUMERICAL_ONLY", "r": 1212.0418988285564, "c": 1.5430738754370412, "K": null, "L": -0.0004771630428198792}
{"eval": 639, "purpose": "fold_pair_profile", "status": "NUMERICAL_ONLY", "r": 1719.9693261629557, "c": 1.5430738754370412, "K": null, "L": 0.002681321985952698}
{"eval": 640, "purpose": "fold_pair_profile", "status": "NUMERICAL_ONLY", "r": 3294.6714689166643, "c": 1.5430738754370412, "K": null, "L": 0.03622363547756572}
{"eval": 641, "purpose": "fold_pair_profile", "status": "NUMERICAL_ONLY", "r": 8955.845584698638, "c": 1.5430738754370412, "K": null, "L": 0.2794495691562021}
{"eval": 642, "purpose": "fold_pair_profile", "status": "UNRESOLVED", "r": null, "c": null, "K": null, "L": null}
{"eval": 643, "purpose": "fold_pair_profile", "status": "UNRESOLVED", "r": null, "c": null, "K": null, "L": null}
{"eval": 644, "purpose": "fold_pair_profile", "status": "UNRESOLVED", "r": null, "c": null, "K": null, "L": null}
{"eval": 645, "purpose": "fold_pair_profile", "status": "UNRESOLVED", "r": null, "c": null, "K": null, "L": null}
{"eval": 646, "purpose": "pair_root_isolation", "status": "NUMERICAL_ONLY", "r": 1139.3629969467972, "c": 1.5430738754370412, "K": null, "L": -0.0003561496825791649}
{"eval": 647, "purpose": "pair_root_isolation", "status": "NUMERICAL_ONLY", "r": 1094.925862278535, "c": 1.5430738754370412, "K": null, "L": -0.0001892021727413437}
{"eval": 648, "purpose": "pair_root_isolation", "status": "NUMERICAL_ONLY", "r": 1068.065037766712, "c": 1.5430738754370412, "K": null, "L": -5.133788433460557e-05}
{"eval": 649, "purpose": "pair_root_isolation", "status": "NUMERICAL_ONLY", "r": 1044.4541637622735, "c": 1.5430738754370412, "K": null, "L": 9.400646487697053e-05}
{"eval": 650, "purpose": "pair_root_isolation", "status": "NUMERICAL_ONLY", "r": 1059.6649551419437, "c": 1.5430738754370412, "K": null, "L": -2.2855343261615798e-06}
{"eval": 651, "purpose": "pair_root_isolation", "status": "NUMERICAL_ONLY", "r": 1058.1339604014902, "c": 1.5430738754370412, "K": null, "L": 6.970193016592265e-06}
{"eval": 652, "purpose": "pair_root_isolation", "status": "NUMERICAL_ONLY", "r": 1059.2866978650984, "c": 1.5430738754370412, "K": null, "L": -7.753987038092252e-09}
{"eval": 653, "purpose": "pair_root_isolation", "status": "NUMERICAL_ONLY", "r": 1059.1713676303389, "c": 1.5430738754370412, "K": null, "L": 6.878849857461598e-07}
{"eval": 654, "purpose": "pair_root_isolation", "status": "NUMERICAL_ONLY", "r": 1059.2751642765352, "c": 1.5430738754370412, "K": null, "L": 6.17508149977119e-08}
{"eval": 655, "purpose": "pair_root_isolation", "status": "NUMERICAL_ONLY", "r": 1277.8540451883625, "c": 1.5430738754370412, "K": null, "L": -0.0004382210260304099}
{"eval": 656, "purpose": "pair_root_isolation", "status": "NUMERICAL_ONLY", "r": 1332.3189408283336, "c": 1.5430738754370412, "K": null, "L": -0.0003086632938292702}
{"eval": 657, "purpose": "pair_root_isolation", "status": "NUMERICAL_ONLY", "r": 1367.9113822133036, "c": 1.5430738754370412, "K": null, "L": -0.00017962801314507437}
{"eval": 658, "purpose": "pair_root_isolation", "status": "NUMERICAL_ONLY", "r": 1399.6009774936529, "c": 1.5430738754370412, "K": null, "L": -3.676569630561656e-05}
{"eval": 659, "purpose": "pair_root_isolation", "status": "NUMERICAL_ONLY", "r": 1428.7488162890254, "c": 1.5430738754370412, "K": null, "L": 0.00011700739363472292}
{"eval": 660, "purpose": "pair_root_isolation", "status": "NUMERICAL_ONLY", "r": 1406.5153992846053, "c": 1.5430738754370412, "K": null, "L": -2.1793464617459543e-06}
{"eval": 661, "purpose": "pair_root_isolation", "status": "NUMERICAL_ONLY", "r": 1408.7230821168882, "c": 1.5430738754370412, "K": null, "L": 9.107775996291517e-06}
{"eval": 662, "purpose": "pair_root_isolation", "status": "NUMERICAL_ONLY", "r": 1406.9413946427721, "c": 1.5430738754370412, "K": null, "L": -1.0931562159719008e-08}
{"eval": 663, "purpose": "pair_root_isolation", "status": "NUMERICAL_ONLY", "r": 1407.11946194033, "c": 1.5430738754370412, "K": null, "L": 8.968169393598351e-07}
{"eval": 664, "purpose": "arclength_fold_corrector", "status": "NUMERICAL_ONLY", "r": 1894.2927689201865, "c": "15487260422628697/10000000000000000", "K": "31069852550785857/5000000000000000", "L": 0.00155118329756176}
{"eval": 665, "purpose": "arclength_fold_corrector", "status": "NUMERICAL_ONLY", "r": 1898.5023696774576, "c": "7741346032799161/5000000000000000", "K": "31025045396972093/5000000000000000", "L": 6.921941963065896e-05}
{"eval": 666, "purpose": "arclength_fold_corrector", "status": "NUMERICAL_ONLY", "r": 1898.5021868119343, "c": "15482693741377247/10000000000000000", "K": "31025047303379427/5000000000000000", "L": 2.531168160751638e-09}
{"eval": 667, "purpose": "fold_pair_profile", "status": "NUMERICAL_ONLY", "r": 12.792007112386669, "c": 1.5482703267886937, "K": null, "L": 0.09593520720719842}
{"eval": 668, "purpose": "fold_pair_profile", "status": "NUMERICAL_ONLY", "r": 256.9343311775217, "c": 1.5482703267886937, "K": null, "L": 0.044647753533752166}
{"eval": 669, "purpose": "fold_pair_profile", "status": "NUMERICAL_ONLY", "r": 698.4199235471356, "c": 1.5482703267886937, "K": null, "L": 0.015259295546313936}
{"eval": 670, "purpose": "fold_pair_profile", "status": "NUMERICAL_ONLY", "r": 1337.8518793513024, "c": 1.5482703267886937, "K": null, "L": 0.0020797318223230313}
{"eval": 671, "purpose": "fold_pair_profile", "status": "NUMERICAL_ONLY", "r": 1898.5021868119343, "c": 1.5482703267886937, "K": null, "L": -0.00044525684249735253}
{"eval": 672, "purpose": "fold_pair_profile", "status": "NUMERICAL_ONLY", "r": 2694.1028442381485, "c": 1.5482703267886937, "K": null, "L": 0.0024970060692803956}
{"eval": 673, "purpose": "fold_pair_profile", "status": "NUMERICAL_ONLY", "r": 5160.6639957006355, "c": 1.5482703267886937, "K": null, "L": 0.033668250231133665}
{"eval": 674, "purpose": "fold_pair_profile", "status": "NUMERICAL_ONLY", "r": 14028.139162295887, "c": 1.5482703267886937, "K": null, "L": 0.2575829322367404}
{"eval": 675, "purpose": "fold_pair_profile", "status": "UNRESOLVED", "r": null, "c": null, "K": null, "L": null}
{"eval": 676, "purpose": "fold_pair_profile", "status": "UNRESOLVED", "r": null, "c": null, "K": null, "L": null}
{"eval": 677, "purpose": "fold_pair_profile", "status": "UNRESOLVED", "r": null, "c": null, "K": null, "L": null}
{"eval": 678, "purpose": "fold_pair_profile", "status": "UNRESOLVED", "r": null, "c": null, "K": null, "L": null}
{"eval": 679, "purpose": "pair_root_isolation", "status": "NUMERICAL_ONLY", "r": 1784.871109813267, "c": 1.5482703267886937, "K": null, "L": -0.0003325929431350669}
{"eval": 680, "purpose": "pair_root_isolation", "status": "NUMERICAL_ONLY", "r": 1715.3209840358859, "c": 1.5482703267886937, "K": null, "L": -0.00017697372755741978}
{"eval": 681, "purpose": "pair_root_isolation", "status": "NUMERICAL_ONLY", "r": 1673.2146705091768, "c": 1.5482703267886937, "K": null, "L": -4.827040945302592e-05}
{"eval": 682, "purpose": "pair_root_isolation", "status": "NUMERICAL_ONLY", "r": 1636.2034373197228, "c": 1.5482703267886937, "K": null, "L": 8.748232312677733e-05}
{"eval": 683, "purpose": "pair_root_isolation", "status": "NUMERICAL_ONLY", "r": 1659.9594140863328, "c": 1.5482703267886937, "K": null, "L": -2.1289431929690235e-06}
{"eval": 684, "purpose": "pair_root_isolation", "status": "NUMERICAL_ONLY", "r": 1657.5683773672197, "c": 1.5482703267886937, "K": null, "L": 6.487173538651047e-06}
{"eval": 685, "purpose": "pair_root_isolation", "status": "NUMERICAL_ONLY", "r": 1659.3682958238037, "c": 1.5482703267886937, "K": null, "L": -7.229402769246254e-09}
{"eval": 686, "purpose": "pair_root_isolation", "status": "NUMERICAL_ONLY", "r": 1659.1882160609407, "c": 1.5482703267886937, "K": null, "L": 6.401989640834128e-07}
{"eval": 687, "purpose": "pair_root_isolation", "status": "NUMERICAL_ONLY", "r": 1659.350286968031, "c": 1.5482703267886937, "K": null, "L": 5.7470184292075665e-08}
{"eval": 688, "purpose": "pair_root_isolation", "status": "NUMERICAL_ONLY", "r": 2001.7689240894565, "c": 1.5482703267886937, "K": null, "L": -0.00040882683571670243}
{"eval": 689, "purpose": "pair_root_isolation", "status": "NUMERICAL_ONLY", "r": 2087.195914148664, "c": 1.5482703267886937, "K": null, "L": -0.00028772748307335795}
{"eval": 690, "purpose": "pair_root_isolation", "status": "NUMERICAL_ONLY", "r": 2142.972941155216, "c": 1.5482703267886937, "K": null, "L": -0.00016721005913036756}
{"eval": 691, "purpose": "pair_root_isolation", "status": "NUMERICAL_ONLY", "r": 2192.5849847105533, "c": 1.5482703267886937, "K": null, "L": -3.3946704695567385e-05}
{"eval": 692, "purpose": "pair_root_isolation", "status": "NUMERICAL_ONLY", "r": 2238.2170983803867, "c": 1.5482703267886937, "K": null, "L": 0.00010936780412986834}
{"eval": 693, "purpose": "pair_root_isolation", "status": "NUMERICAL_ONLY", "r": 2203.308999422014, "c": 1.5482703267886937, "K": null, "L": -2.0269785085586536e-06}
{"eval": 694, "purpose": "pair_root_isolation", "status": "NUMERICAL_ONLY", "r": 2206.775168243821, "c": 1.5482703267886937, "K": null, "L": 8.522562997576575e-06}
{"eval": 695, "purpose": "pair_root_isolation", "status": "NUMERICAL_ONLY", "r": 2203.9745628837945, "c": 1.5482703267886937, "K": null, "L": -1.0057565830785537e-08}
{"eval": 696, "purpose": "pair_root_isolation", "status": "NUMERICAL_ONLY", "r": 2204.254463404892, "c": 1.5482703267886937, "K": null, "L": 8.394324433948968e-07}
{"eval": 697, "purpose": "arclength_fold_corrector", "status": "NUMERICAL_ONLY", "r": 3187.1526552958458, "c": "15537536093972757/10000000000000000", "K": "31559415659658683/5000000000000000", "L": 0.007007556559028141}
{"eval": 698, "purpose": "arclength_fold_corrector", "status": "NUMERICAL_ONLY", "r": 3193.5140050691634, "c": "3883162781069413/2500000000000000", "K": "12604485371106529/2000000000000000", "L": 0.0001859438052676631}
{"eval": 699, "purpose": "arclength_fold_corrector", "status": "NUMERICAL_ONLY", "r": 3193.4644590227913, "c": "7766345923752429/5000000000000000", "K": "63023176830384999/10000000000000000", "L": 2.591784797609522e-08}
{"eval": 700, "purpose": "arclength_fold_corrector", "status": "NUMERICAL_ONLY", "r": 3193.464393324319, "c": "15532691898984681/10000000000000000", "K": "31511588912497497/5000000000000000", "L": -6.46422915216792e-11}
{"eval": 701, "purpose": "fold_pair_profile", "status": "NUMERICAL_ONLY", "r": 21.517393825685886, "c": 1.553269661270457, "K": null, "L": 0.10384275148819448}
{"eval": 702, "purpose": "fold_pair_profile", "status": "NUMERICAL_ONLY", "r": 432.18840817658423, "c": 1.553269661270457, "K": null, "L": 0.04191962235315406}
{"eval": 703, "purpose": "fold_pair_profile", "status": "NUMERICAL_ONLY", "r": 1174.8098964170497, "c": 1.553269661270457, "K": null, "L": 0.014171455045268802}
{"eval": 704, "purpose": "fold_pair_profile", "status": "NUMERICAL_ONLY", "r": 2250.396322916445, "c": 1.553269661270457, "K": null, "L": 0.0019247930908495442}
{"eval": 705, "purpose": "fold_pair_profile", "status": "NUMERICAL_ONLY", "r": 3193.464393324319, "c": 1.553269661270457, "K": null, "L": -0.0004111642333071947}
{"eval": 706, "purpose": "fold_pair_profile", "status": "NUMERICAL_ONLY", "r": 4531.741688154593, "c": 1.553269661270457, "K": null, "L": 0.0023026139230140573}
{"eval": 707, "purpose": "fold_pair_profile", "status": "NUMERICAL_ONLY", "r": 8680.736230204486, "c": 1.553269661270457, "K": null, "L": 0.03099447194080537}
{"eval": 708, "purpose": "fold_pair_profile", "status": "NUMERICAL_ONLY", "r": 23596.68755221093, "c": 1.553269661270457, "K": null, "L": 0.23512054219709444}
{"eval": 709, "purpose": "fold_pair_profile", "status": "UNRESOLVED", "r": null, "c": null, "K": null, "L": null}
{"eval": 710, "purpose": "fold_pair_profile", "status": "UNRESOLVED", "r": null, "c": null, "K": null, "L": null}
{"eval": 711, "purpose": "fold_pair_profile", "status": "UNRESOLVED", "r": null, "c": null, "K": null, "L": null}
{"eval": 712, "purpose": "fold_pair_profile", "status": "UNRESOLVED", "r": null, "c": null, "K": null, "L": null}
{"eval": 713, "purpose": "pair_root_isolation", "status": "NUMERICAL_ONLY", "r": 3002.6672848512003, "c": 1.553269661270457, "K": null, "L": -0.0003072977816750415}
{"eval": 714, "purpose": "pair_root_isolation", "status": "NUMERICAL_ONLY", "r": 2885.7849552498574, "c": 1.553269661270457, "K": null, "L": -0.0001638590823492597}
{"eval": 715, "purpose": "pair_root_isolation", "status": "NUMERICAL_ONLY", "r": 2814.903230059792, "c": 1.553269661270457, "K": null, "L": -4.484201643859171e-05}
{"eval": 716, "purpose": "pair_root_isolation", "status": "NUMERICAL_ONLY", "r": 2752.599479428572, "c": 1.553269661270457, "K": null, "L": 8.066040299013946e-05}
{"eval": 717, "purpose": "pair_root_isolation", "status": "NUMERICAL_ONLY", "r": 2792.481816754516, "c": 1.553269661270457, "K": null, "L": -1.9613532732294474e-06}
{"eval": 718, "purpose": "pair_root_isolation", "status": "NUMERICAL_ONLY", "r": 2788.4677166934216, "c": 1.553269661270457, "K": null, "L": 5.984976183649471e-06}
{"eval": 719, "purpose": "pair_root_isolation", "status": "NUMERICAL_ONLY", "r": 2791.49049945963, "c": 1.553269661270457, "K": null, "L": -6.687288745133048e-09}
{"eval": 720, "purpose": "pair_root_isolation", "status": "NUMERICAL_ONLY", "r": 2791.1880737861575, "c": 1.553269661270457, "K": null, "L": 5.906477032860641e-07}
{"eval": 721, "purpose": "pair_root_isolation", "status": "NUMERICAL_ONLY", "r": 2791.460255417788, "c": 1.553269661270457, "K": null, "L": 5.309784648661999e-08}
{"eval": 722, "purpose": "pair_root_isolation", "status": "NUMERICAL_ONLY", "r": 3367.3793677168287, "c": 1.553269661270457, "K": null, "L": -0.00037760948295094486}
{"eval": 723, "purpose": "pair_root_isolation", "status": "NUMERICAL_ONLY", "r": 3511.257829246618, "c": 1.553269661270457, "K": null, "L": -0.0002654915338330646}
{"eval": 724, "purpose": "pair_root_isolation", "status": "NUMERICAL_ONLY", "r": 3605.101607722723, "c": 1.553269661270457, "K": null, "L": -0.0001541808423026839}
{"eval": 725, "purpose": "pair_root_isolation", "status": "NUMERICAL_ONLY", "r": 3688.5211096594626, "c": 1.553269661270457, "K": null, "L": -3.1132980144090794e-05}
{"eval": 726, "purpose": "pair_root_isolation", "status": "NUMERICAL_ONLY", "r": 3765.2477758562413, "c": 1.553269661270457, "K": null, "L": 0.00010114774109529689}
{"eval": 727, "purpose": "pair_root_isolation", "status": "NUMERICAL_ONLY", "r": 3706.4372629647196, "c": 1.553269661270457, "K": null, "L": -1.8624465099767857e-06}
{"eval": 728, "purpose": "pair_root_isolation", "status": "NUMERICAL_ONLY", "r": 3712.2767395172928, "c": 1.553269661270457, "K": null, "L": 7.8925728974444e-06}
{"eval": 729, "purpose": "pair_root_isolation", "status": "NUMERICAL_ONLY", "r": 3707.5514368292975, "c": 1.553269661270457, "K": null, "L": -9.354084772768003e-09}
{"eval": 730, "purpose": "pair_root_isolation", "status": "NUMERICAL_ONLY", "r": 3708.0236963071006, "c": 1.553269661270457, "K": null, "L": 7.772685649738091e-07}
{"eval": 731, "purpose": "arclength_fold_corrector", "status": "NUMERICAL_ONLY", "r": 5817.512877453872, "c": "7792513025172033/5000000000000000", "K": "12808031697593469/2000000000000000", "L": 0.02038982504034749}
{"eval": 732, "purpose": "arclength_fold_corrector", "status": "NUMERICAL_ONLY", "r": 5828.052139737711, "c": "3115926337398529/2000000000000000", "K": "63933690660938769/10000000000000000", "L": 0.0006651769955045972}
{"eval": 733, "purpose": "arclength_fold_corrector", "status": "NUMERICAL_ONLY", "r": 5827.270477175551, "c": "15580042972636907/10000000000000000", "K": "31970789912169453/5000000000000000", "L": 2.2131897310831388e-06}
{"eval": 734, "purpose": "arclength_fold_corrector", "status": "NUMERICAL_ONLY", "r": 5827.268983150874, "c": "15580043764074669/10000000000000000", "K": "3996349681498243/625000000000000", "L": 3.755840082680603e-10}
{"eval": 735, "purpose": "fold_pair_profile", "status": "NUMERICAL_ONLY", "r": 39.26382955788525, "c": 1.5580045860570118, "K": null, "L": 0.10760377816747425}
{"eval": 736, "purpose": "fold_pair_profile", "status": "NUMERICAL_ONLY", "r": 788.6350983306517, "c": 1.5580045860570118, "K": null, "L": 0.038821274279810095}
{"eval": 737, "purpose": "fold_pair_profile", "status": "NUMERICAL_ONLY", "r": 2143.7324570772225, "c": 1.5580045860570118, "K": null, "L": 0.013015746545541858}
{"eval": 738, "purpose": "fold_pair_profile", "status": "NUMERICAL_ONLY", "r": 4106.407048013701, "c": 1.5580045860570118, "K": null, "L": 0.0017636026488553615}
{"eval": 739, "purpose": "fold_pair_profile", "status": "NUMERICAL_ONLY", "r": 5827.268983150874, "c": 1.5580045860570118, "K": null, "L": -0.00037594118408938325}
{"eval": 740, "purpose": "fold_pair_profile", "status": "NUMERICAL_ONLY", "r": 8269.28831091343, "c": 1.5580045860570118, "K": null, "L": 0.002103728411844346}
{"eval": 741, "purpose": "fold_pair_profile", "status": "NUMERICAL_ONLY", "r": 15840.15938644204, "c": 1.5580045860570118, "K": null, "L": 0.02827675551775718}
{"eval": 742, "purpose": "fold_pair_profile", "status": "NUMERICAL_ONLY", "r": 43058.01742006038, "c": 1.5580045860570118, "K": null, "L": 0.21271495093347753}
{"eval": 743, "purpose": "fold_pair_profile", "status": "UNRESOLVED", "r": null, "c": null, "K": null, "L": null}
{"eval": 744, "purpose": "fold_pair_profile", "status": "UNRESOLVED", "r": null, "c": null, "K": null, "L": null}
{"eval": 745, "purpose": "fold_pair_profile", "status": "UNRESOLVED", "r": null, "c": null, "K": null, "L": null}
{"eval": 746, "purpose": "fold_pair_profile", "status": "UNRESOLVED", "r": null, "c": null, "K": null, "L": null}
{"eval": 747, "purpose": "pair_root_isolation", "status": "NUMERICAL_ONLY", "r": 5479.696036947778, "c": 1.5580045860570118, "K": null, "L": -0.00028114453319953367}
{"eval": 748, "purpose": "pair_root_isolation", "status": "NUMERICAL_ONLY", "r": 5266.583586976345, "c": 1.5580045860570118, "K": null, "L": -0.00014994436541893778}
{"eval": 749, "purpose": "pair_root_isolation", "status": "NUMERICAL_ONLY", "r": 5137.150425531883, "c": 1.5580045860570118, "K": null, "L": -4.107328260927792e-05}
{"eval": 750, "purpose": "pair_root_isolation", "status": "NUMERICAL_ONLY", "r": 5023.382568894574, "c": 1.5580045860570118, "K": null, "L": 7.374768230334865e-05}
{"eval": 751, "purpose": "pair_root_isolation", "status": "NUMERICAL_ONLY", "r": 5096.160859535502, "c": 1.5580045860570118, "K": null, "L": -1.7930526893511539e-06}
{"eval": 752, "purpose": "pair_root_isolation", "status": "NUMERICAL_ONLY", "r": 5088.835832403228, "c": 1.5580045860570118, "K": null, "L": 5.4761956367967235e-06}
{"eval": 753, "purpose": "pair_root_isolation", "status": "NUMERICAL_ONLY", "r": 5094.353069246497, "c": 1.5580045860570118, "K": null, "L": -6.083211841662917e-09}
{"eval": 754, "purpose": "pair_root_isolation", "status": "NUMERICAL_ONLY", "r": 5093.801076492502, "c": 1.5580045860570118, "K": null, "L": 5.407980439981637e-07}
{"eval": 755, "purpose": "pair_root_isolation", "status": "NUMERICAL_ONLY", "r": 5094.297867279439, "c": 1.5580045860570118, "K": null, "L": 4.882962159745967e-08}
{"eval": 756, "purpose": "pair_root_isolation", "status": "NUMERICAL_ONLY", "r": 6144.83402932761, "c": 1.5580045860570118, "K": null, "L": -0.0003451488363112743}
{"eval": 757, "purpose": "pair_root_isolation", "status": "NUMERICAL_ONLY", "r": 6407.4571294839325, "c": 1.5580045860570118, "K": null, "L": -0.00024279796835790943}
{"eval": 758, "purpose": "pair_root_isolation", "status": "NUMERICAL_ONLY", "r": 6578.827555031093, "c": 1.5580045860570118, "K": null, "L": -0.00014085934809446605}
{"eval": 759, "purpose": "pair_root_isolation", "status": "NUMERICAL_ONLY", "r": 6731.013566571721, "c": 1.5580045860570118, "K": null, "L": -2.8347747522250186e-05}
{"eval": 760, "purpose": "pair_root_isolation", "status": "NUMERICAL_ONLY", "r": 6870.988674665835, "c": 1.5580045860570118, "K": null, "L": 9.251369503759047e-05}
{"eval": 761, "purpose": "pair_root_isolation", "status": "NUMERICAL_ONLY", "r": 6763.586228310938, "c": 1.5580045860570118, "K": null, "L": -1.6988570621268583e-06}
{"eval": 762, "purpose": "pair_root_isolation", "status": "NUMERICAL_ONLY", "r": 6774.250488591815, "c": 1.5580045860570118, "K": null, "L": 7.2198769240912075e-06}
{"eval": 763, "purpose": "pair_root_isolation", "status": "NUMERICAL_ONLY", "r": 6765.616281317531, "c": 1.5580045860570118, "K": null, "L": -8.429890709931115e-09}
{"eval": 764, "purpose": "pair_root_isolation", "status": "NUMERICAL_ONLY", "r": 6766.479206595621, "c": 1.5580045860570118, "K": null, "L": 7.111738997946328e-07}
{"eval": 765, "purpose": "arclength_fold_corrector", "status": "NUMERICAL_ONLY", "r": 11653.675701441467, "c": "15629246518433069/10000000000000000", "K": "64893907811912817/10000000000000000", "L": 0.054369129316770466}
{"eval": 766, "purpose": "arclength_fold_corrector", "status": "NUMERICAL_ONLY", "r": 11678.51421440176, "c": "3124268147000623/2000000000000000", "K": "6473936338736233/1000000000000000", "L": 0.0037830309982723074}
{"eval": 767, "purpose": "arclength_fold_corrector", "status": "NUMERICAL_ONLY", "r": 11669.551297543143, "c": "7812120775977467/5000000000000000", "K": "64795089846967571/10000000000000000", "L": 0.0002470969088607516}
{"eval": 768, "purpose": "arclength_fold_corrector", "status": "NUMERICAL_ONLY", "r": 11669.469653286847, "c": "3124853702113831/2000000000000000", "K": "12959119527077787/2000000000000000", "L": 5.078834046469858e-08}
{"eval": 769, "purpose": "arclength_fold_corrector", "status": "NUMERICAL_ONLY", "r": 11669.469431588135, "c": "15624268582275571/10000000000000000", "K": "4049724938395729/625000000000000", "L": 5.345939245407953e-10}
{"eval": 770, "purpose": "fold_pair_profile", "status": "NUMERICAL_ONLY", "r": 78.62826653748887, "c": 1.5624269409433098, "K": null, "L": 0.10685863742922833}
{"eval": 771, "purpose": "fold_pair_profile", "status": "NUMERICAL_ONLY", "r": 1579.290950744974, "c": 1.5624269409433098, "K": null, "L": 0.035498617011341216}
{"eval": 772, "purpose": "fold_pair_profile", "status": "NUMERICAL_ONLY", "r": 4292.9578932598715, "c": 1.5624269409433098, "K": null, "L": 0.011834057998090886}
{"eval": 773, "purpose": "fold_pair_profile", "status": "NUMERICAL_ONLY", "r": 8223.336121776767, "c": 1.5624269409433098, "K": null, "L": 0.0016015488915065484}
{"eval": 774, "purpose": "fold_pair_profile", "status": "NUMERICAL_ONLY", "r": 11669.469431588135, "c": 1.5624269409433098, "K": null, "L": -0.0003401523354459644}
{"eval": 775, "purpose": "fold_pair_profile", "status": "NUMERICAL_ONLY", "r": 16559.76537966772, "c": 1.5624269409433098, "K": null, "L": 0.0019066588975295584}
{"eval": 776, "purpose": "fold_pair_profile", "status": "NUMERICAL_ONLY", "r": 31720.90670364433, "c": 1.5624269409433098, "K": null, "L": 0.0255902729545498}
{"eval": 777, "purpose": "fold_pair_profile", "status": "NUMERICAL_ONLY", "r": 86226.3642747611, "c": 1.5624269409433098, "K": null, "L": 0.19096626206605993}
{"eval": 778, "purpose": "fold_pair_profile", "status": "UNRESOLVED", "r": null, "c": null, "K": null, "L": null}
{"eval": 779, "purpose": "fold_pair_profile", "status": "UNRESOLVED", "r": null, "c": null, "K": null, "L": null}
{"eval": 780, "purpose": "fold_pair_profile", "status": "UNRESOLVED", "r": null, "c": null, "K": null, "L": null}
{"eval": 781, "purpose": "fold_pair_profile", "status": "UNRESOLVED", "r": null, "c": null, "K": null, "L": null}
{"eval": 782, "purpose": "pair_root_isolation", "status": "NUMERICAL_ONLY", "r": 10975.462058202012, "c": 1.5624269409433098, "K": null, "L": -0.0002546247359905294}
{"eval": 783, "purpose": "pair_root_isolation", "status": "NUMERICAL_ONLY", "r": 10549.314755494794, "c": 1.5624269409433098, "K": null, "L": -0.00013626773380053504}
{"eval": 784, "purpose": "pair_root_isolation", "status": "NUMERICAL_ONLY", "r": 10289.792796517335, "c": 1.5624269409433098, "K": null, "L": -3.759800450813546e-05}
{"eval": 785, "purpose": "pair_root_isolation", "status": "NUMERICAL_ONLY", "r": 10061.686251128864, "c": 1.5624269409433098, "K": null, "L": 6.700798233084844e-05}
{"eval": 786, "purpose": "pair_root_isolation", "status": "NUMERICAL_ONLY", "r": 10207.216318292203, "c": 1.5624269409433098, "K": null, "L": -1.5107382211549103e-06}
{"eval": 787, "purpose": "pair_root_isolation", "status": "NUMERICAL_ONLY", "r": 10192.56908893605, "c": 1.5624269409433098, "K": null, "L": 5.075192917920675e-06}
{"eval": 788, "purpose": "pair_root_isolation", "status": "NUMERICAL_ONLY", "r": 10203.8545500068, "c": 1.5624269409433098, "K": null, "L": -5.489944958163153e-09}
{"eval": 789, "purpose": "pair_root_isolation", "status": "NUMERICAL_ONLY", "r": 10202.725441828674, "c": 1.5624269409433098, "K": null, "L": 5.009400203384528e-07}
{"eval": 790, "purpose": "pair_root_isolation", "status": "NUMERICAL_ONLY", "r": 10203.74163356623, "c": 1.5624269409433098, "K": null, "L": 4.5172820019038e-08}
{"eval": 791, "purpose": "pair_root_isolation", "status": "NUMERICAL_ONLY", "r": 12304.482934502175, "c": 1.5624269409433098, "K": null, "L": -0.0003127951073822969}
{"eval": 792, "purpose": "pair_root_isolation", "status": "NUMERICAL_ONLY", "r": 12830.467369827644, "c": 1.5624269409433098, "K": null, "L": -0.0002197957901676695}
{"eval": 793, "purpose": "pair_root_isolation", "status": "NUMERICAL_ONLY", "r": 13173.350807470626, "c": 1.5624269409433098, "K": null, "L": -0.00012737131953111956}
{"eval": 794, "purpose": "pair_root_isolation", "status": "NUMERICAL_ONLY", "r": 13478.20474844153, "c": 1.5624269409433098, "K": null, "L": -2.5534405560455434e-05}
{"eval": 795, "purpose": "pair_root_isolation", "status": "NUMERICAL_ONLY", "r": 13758.600562696884, "c": 1.5624269409433098, "K": null, "L": 8.42448077277125e-05}
{"eval": 796, "purpose": "pair_root_isolation", "status": "NUMERICAL_ONLY", "r": 13542.909886838048, "c": 1.5624269409433098, "K": null, "L": -1.5811523950344598e-06}
{"eval": 797, "purpose": "pair_root_isolation", "status": "NUMERICAL_ONLY", "r": 13564.325912341066, "c": 1.5624269409433098, "K": null, "L": 6.523528801424244e-06}
{"eval": 798, "purpose": "pair_root_isolation", "status": "NUMERICAL_ONLY", "r": 13547.085309564247, "c": 1.5624269409433098, "K": null, "L": -7.4073587538312326e-09}
{"eval": 799, "purpose": "pair_root_isolation", "status": "NUMERICAL_ONLY", "r": 13548.808383286088, "c": 1.5624269409433098, "K": null, "L": 6.428976438525691e-07}
{"eval": 800, "purpose": "arclength_fold_corrector", "status": "NUMERICAL_ONLY", "r": 23400.7534852011, "c": "1566399846892049/1000000000000000", "K": "6556093375017241/1000000000000000", "L": 0.09683270079876745}
{"eval": 801, "purpose": "arclength_fold_corrector", "status": "NUMERICAL_ONLY", "r": 23462.961358707165, "c": "62606120652597/40000000000000", "K": "32660110013560457/5000000000000000", "L": 0.016738116048845286}
{"eval": 802, "purpose": "arclength_fold_corrector", "status": "NUMERICAL_ONLY", "r": 23421.716972114613, "c": "7829927469266861/5000000000000000", "K": "16369935198298049/2500000000000000", "L": 0.004779944728257896}
{"eval": 803, "purpose": "arclength_fold_corrector", "status": "NUMERICAL_ONLY", "r": 23419.75598639317, "c": "15660255738035023/10000000000000000", "K": "13097466408827417/2000000000000000", "L": 2.2198601463816493e-05}
{"eval": 804, "purpose": "arclength_fold_corrector", "status": "NUMERICAL_ONLY", "r": 23419.63581436861, "c": "7830140009825771/5000000000000000", "K": "3274389864108441/500000000000000", "L": 3.945280646511665e-08}
{"eval": 805, "purpose": "arclength_fold_corrector", "status": "NUMERICAL_ONLY", "r": 23419.63580904572, "c": "1957535002595927/1250000000000000", "K": "32743898651387/5000000000000", "L": -5.464064757703774e-10}
{"eval": 806, "purpose": "fold_pair_profile", "status": "NUMERICAL_ONLY", "r": 157.80026481923417, "c": 1.5660280348177498, "K": null, "L": 0.10292320541978162}
{"eval": 807, "purpose": "fold_pair_profile", "status": "NUMERICAL_ONLY", "r": 3169.5030455155197, "c": 1.5660280348177498, "K": null, "L": 0.0325216004740525}
{"eval": 808, "purpose": "fold_pair_profile", "status": "NUMERICAL_ONLY", "r": 8615.60253387044, "c": 1.5660280348177498, "K": null, "L": 0.010808108789208053}
{"eval": 809, "purpose": "fold_pair_profile", "status": "NUMERICAL_ONLY", "r": 16503.53842018441, "c": 1.5660280348177498, "K": null, "L": 0.0014628004758338244}
{"eval": 810, "purpose": "fold_pair_profile", "status": "NUMERICAL_ONLY", "r": 23419.63580904572, "c": 1.5660280348177498, "K": null, "L": -0.00030922410817565873}
{"eval": 811, "purpose": "fold_pair_profile", "status": "NUMERICAL_ONLY", "r": 33234.045176489366, "c": 1.5660280348177498, "K": null, "L": 0.0017399145243548887}
{"eval": 812, "purpose": "fold_pair_profile", "status": "NUMERICAL_ONLY", "r": 63661.17044885774, "c": 1.5660280348177498, "K": null, "L": 0.023315018436832893}
{"eval": 813, "purpose": "fold_pair_profile", "status": "NUMERICAL_ONLY", "r": 173049.00280956394, "c": 1.5660280348177498, "K": null, "L": 0.17282694606469995}
{"eval": 814, "purpose": "fold_pair_profile", "status": "UNRESOLVED", "r": null, "c": null, "K": null, "L": null}
{"eval": 815, "purpose": "fold_pair_profile", "status": "UNRESOLVED", "r": null, "c": null, "K": null, "L": null}
{"eval": 816, "purpose": "fold_pair_profile", "status": "UNRESOLVED", "r": null, "c": null, "K": null, "L": null}
{"eval": 817, "purpose": "fold_pair_profile", "status": "UNRESOLVED", "r": null, "c": null, "K": null, "L": null}
{"eval": 818, "purpose": "pair_root_isolation", "status": "NUMERICAL_ONLY", "r": 22032.059848846733, "c": 1.5660280348177498, "K": null, "L": -0.0002309614096562701}
{"eval": 819, "purpose": "pair_root_isolation", "status": "NUMERICAL_ONLY", "r": 21180.924639850757, "c": 1.5660280348177498, "K": null, "L": -0.00012361476956552876}
{"eval": 820, "purpose": "pair_root_isolation", "status": "NUMERICAL_ONLY", "r": 20658.944569837186, "c": 1.5660280348177498, "K": null, "L": -3.421666523129502e-05}
{"eval": 821, "purpose": "pair_root_isolation", "status": "NUMERICAL_ONLY", "r": 20200.169991603583, "c": 1.5660280348177498, "K": null, "L": 6.070136251351501e-05}
{"eval": 822, "purpose": "pair_root_isolation", "status": "NUMERICAL_ONLY", "r": 20492.37372011663, "c": 1.5660280348177498, "K": null, "L": -1.4295123754866985e-06}
{"eval": 823, "purpose": "pair_root_isolation", "status": "NUMERICAL_ONLY", "r": 20462.964140437303, "c": 1.5660280348177498, "K": null, "L": 4.556562656625404e-06}
{"eval": 824, "purpose": "pair_root_isolation", "status": "NUMERICAL_ONLY", "r": 20485.346688084577, "c": 1.5660280348177498, "K": null, "L": -3.944819811927761e-09}
{"eval": 825, "purpose": "pair_root_isolation", "status": "NUMERICAL_ONLY", "r": 20483.107332062304, "c": 1.5660280348177498, "K": null, "L": 4.50170158409326e-07}
{"eval": 826, "purpose": "pair_root_isolation", "status": "NUMERICAL_ONLY", "r": 20485.122741465795, "c": 1.5660280348177498, "K": null, "L": 4.230435645570176e-08}
{"eval": 827, "purpose": "pair_root_isolation", "status": "NUMERICAL_ONLY", "r": 24689.828568506065, "c": 1.5660280348177498, "K": null, "L": -0.00028385108590390514}
{"eval": 828, "purpose": "pair_root_isolation", "status": "NUMERICAL_ONLY", "r": 25740.714901645046, "c": 1.5660280348177498, "K": null, "L": -0.00019940853361252264}
{"eval": 829, "purpose": "pair_root_isolation", "status": "NUMERICAL_ONLY", "r": 26425.925052927945, "c": 1.5660280348177498, "K": null, "L": -0.0001158993857151882}
{"eval": 830, "purpose": "pair_root_isolation", "status": "NUMERICAL_ONLY", "r": 27038.680849999382, "c": 1.5660280348177498, "K": null, "L": -2.434621686877742e-05}
{"eval": 831, "purpose": "pair_root_isolation", "status": "NUMERICAL_ONLY", "r": 27602.29990461662, "c": 1.5660280348177498, "K": null, "L": 7.564602031064807e-05}
{"eval": 832, "purpose": "pair_root_isolation", "status": "NUMERICAL_ONLY", "r": 27174.84240574093, "c": 1.5660280348177498, "K": null, "L": -1.5233480501475014e-06}
{"eval": 833, "purpose": "pair_root_isolation", "status": "NUMERICAL_ONLY", "r": 27217.288562162546, "c": 1.5660280348177498, "K": null, "L": 5.766390423529077e-06}
{"eval": 834, "purpose": "pair_root_isolation", "status": "NUMERICAL_ONLY", "r": 27183.7069708114, "c": 1.5660280348177498, "K": null, "L": -5.176903363845791e-09}
{"eval": 835, "purpose": "pair_root_isolation", "status": "NUMERICAL_ONLY", "r": 27187.063264568893, "c": 1.5660280348177498, "K": null, "L": 5.675826490097813e-07}
{"eval": 836, "purpose": "arclength_fold_corrector", "status": "NUMERICAL_ONLY", "r": 47029.07337709871, "c": "15692900183462621/10000000000000000", "K": "66113401837730921/10000000000000000", "L": 0.16991309269884158}
{"eval": 837, "purpose": "arclength_fold_corrector", "status": "NUMERICAL_ONLY", "r": 47253.6848839659, "c": "15665229771268023/10000000000000000", "K": "8197982409232597/1250000000000000", "L": 0.14902819654062355}
{"eval": 838, "purpose": "arclength_fold_corrector", "status": "NUMERICAL_ONLY", "r": 47237.84769140815, "c": "1958403953681459/1250000000000000", "K": "16405277872495183/2500000000000000", "L": 0.01180364398633573}
{"eval": 839, "purpose": "arclength_fold_corrector", "status": "NUMERICAL_ONLY", "r": 47056.33339097833, "c": "15689562297341721/10000000000000000", "K": "33024498849726731/5000000000000000", "L": 0.08280119513220928}
{"eval": 840, "purpose": "arclength_fold_corrector", "status": "NUMERICAL_ONLY", "r": 47101.97950334286, "c": "1960494486802219/1250000000000000", "K": "32970619717136267/5000000000000000", "L": 0.009175011988873823}
{"eval": 841, "purpose": "arclength_fold_corrector", "status": "NUMERICAL_ONLY", "r": 47053.555723457226, "c": "7844969524335369/5000000000000000", "K": "33027778278347921/5000000000000000", "L": 0.005680215850238124}
{"eval": 842, "purpose": "arclength_fold_corrector", "status": "NUMERICAL_ONLY", "r": 47052.69823165817, "c": "15690047636677817/10000000000000000", "K": "66057581817841919/10000000000000000", "L": 1.9687672153140943e-05}
{"eval": 843, "purpose": "arclength_fold_corrector", "status": "NUMERICAL_ONLY", "r": 47052.45770783048, "c": "15690077385531933/10000000000000000", "K": "33029074970527623/5000000000000000", "L": 1.413354826548648e-07}
{"eval": 844, "purpose": "arclength_fold_corrector", "status": "NUMERICAL_ONLY", "r": 47052.45769908797, "c": "3922519346669287/2500000000000000", "K": "33029074980851001/5000000000000000", "L": 2.2909498716264884e-09}
{"eval": 845, "purpose": "fold_pair_profile", "status": "NUMERICAL_ONLY", "r": 317.0369661531657, "c": 1.5690077516887064, "K": null, "L": 0.09749968938758835}
{"eval": 846, "purpose": "fold_pair_profile", "status": "NUMERICAL_ONLY", "r": 6367.857689684808, "c": 1.5690077516887064, "K": null, "L": 0.0299049651655949}
{"eval": 847, "purpose": "fold_pair_profile", "status": "NUMERICAL_ONLY", "r": 17309.63184408341, "c": 1.5690077516887064, "K": null, "L": 0.009923586852804605}
{"eval": 848, "purpose": "fold_pair_profile", "status": "NUMERICAL_ONLY", "r": 33157.30653254088, "c": 1.5690077516887064, "K": null, "L": 0.0013448909677997497}
{"eval": 849, "purpose": "fold_pair_profile", "status": "NUMERICAL_ONLY", "r": 47052.45769908797, "c": 1.5690077516887064, "K": null, "L": -0.0002787016223750046}
{"eval": 850, "purpose": "fold_pair_profile", "status": "NUMERICAL_ONLY", "r": 66770.61580233267, "c": 1.5690077516887064, "K": null, "L": 0.0016025414889214039}
{"eval": 851, "purpose": "fold_pair_profile", "status": "NUMERICAL_ONLY", "r": 127901.84074776873, "c": 1.5690077516887064, "K": null, "L": 0.021389413131653223}
{"eval": 852, "purpose": "fold_pair_profile", "status": "NUMERICAL_ONLY", "r": 347673.2495311224, "c": 1.5690077516887064, "K": null, "L": 0.15761081017542922}
{"eval": 853, "purpose": "fold_pair_profile", "status": "UNRESOLVED", "r": null, "c": null, "K": null, "L": null}
{"eval": 854, "purpose": "fold_pair_profile", "status": "UNRESOLVED", "r": null, "c": null, "K": null, "L": null}
{"eval": 855, "purpose": "fold_pair_profile", "status": "UNRESOLVED", "r": null, "c": null, "K": null, "L": null}
{"eval": 856, "purpose": "fold_pair_profile", "status": "UNRESOLVED", "r": null, "c": null, "K": null, "L": null}
{"eval": 857, "purpose": "pair_root_isolation", "status": "NUMERICAL_ONLY", "r": 44308.78762220674, "c": 1.5690077516887064, "K": null, "L": -0.00021168318967281757}
{"eval": 858, "purpose": "pair_root_isolation", "status": "NUMERICAL_ONLY", "r": 42595.812206389935, "c": 1.5690077516887064, "K": null, "L": -0.00011244454326448309}
{"eval": 859, "purpose": "pair_root_isolation", "status": "NUMERICAL_ONLY", "r": 41542.070434049485, "c": 1.5690077516887064, "K": null, "L": -3.070786446203299e-05}
{"eval": 860, "purpose": "pair_root_isolation", "status": "NUMERICAL_ONLY", "r": 40616.00916459209, "c": 1.5690077516887064, "K": null, "L": 5.655473133469055e-05}
{"eval": 861, "purpose": "pair_root_isolation", "status": "NUMERICAL_ONLY", "r": 41213.80445219752, "c": 1.5690077516887064, "K": null, "L": -1.2053282085643795e-06}
{"eval": 862, "purpose": "pair_root_isolation", "status": "NUMERICAL_ONLY", "r": 41153.63111212391, "c": 1.5690077516887064, "K": null, "L": 4.344485544032178e-06}
{"eval": 863, "purpose": "pair_root_isolation", "status": "NUMERICAL_ONLY", "r": 41200.72831826516, "c": 1.5690077516887064, "K": null, "L": -4.970088908345598e-09}
{"eval": 864, "purpose": "pair_root_isolation", "status": "NUMERICAL_ONLY", "r": 41196.01617320522, "c": 1.5690077516887064, "K": null, "L": 4.293690964691862e-07}
{"eval": 865, "purpose": "pair_root_isolation", "status": "NUMERICAL_ONLY", "r": 41200.25707950555, "c": 1.5690077516887064, "K": null, "L": 4.0738903420219197e-08}
{"eval": 866, "purpose": "pair_root_isolation", "status": "NUMERICAL_ONLY", "r": 49556.56552689343, "c": 1.5690077516887064, "K": null, "L": -0.000256226185136748}
{"eval": 867, "purpose": "pair_root_isolation", "status": "NUMERICAL_ONLY", "r": 51635.72161397685, "c": 1.5690077516887064, "K": null, "L": -0.0001847605128852742}
{"eval": 868, "purpose": "pair_root_isolation", "status": "NUMERICAL_ONLY", "r": 53026.18930894042, "c": 1.5690077516887064, "K": null, "L": -0.00010721526593944705}
{"eval": 869, "purpose": "pair_root_isolation", "status": "NUMERICAL_ONLY", "r": 54262.51442843553, "c": 1.5690077516887064, "K": null, "L": -2.2661249439289992e-05}
{"eval": 870, "purpose": "pair_root_isolation", "status": "NUMERICAL_ONLY", "r": 55399.83369926533, "c": 1.5690077516887064, "K": null, "L": 7.025616969810035e-05}
{"eval": 871, "purpose": "pair_root_isolation", "status": "NUMERICAL_ONLY", "r": 54537.71925313146, "c": 1.5690077516887064, "K": null, "L": -1.6831761996472424e-06}
{"eval": 872, "purpose": "pair_root_isolation", "status": "NUMERICAL_ONLY", "r": 54623.32350686013, "c": 1.5690077516887064, "K": null, "L": 5.0003050600191975e-06}
{"eval": 873, "purpose": "pair_root_isolation", "status": "NUMERICAL_ONLY", "r": 54559.26528743828, "c": 1.5690077516887064, "K": null, "L": -8.259412188319055e-09}
{"eval": 874, "purpose": "pair_root_isolation", "status": "NUMERICAL_ONLY", "r": 54565.66772740124, "c": 1.5690077516887064, "K": null, "L": 4.8991930079919e-07}
{"eval": 875, "purpose": "arclength_fold_corrector", "status": "NUMERICAL_ONLY", "r": 94568.58424898883, "c": "15717286771153067/10000000000000000", "K": "33288965323960027/5000000000000000", "L": 0.3077670015432019}
{"eval": 876, "purpose": "arclength_fold_corrector", "status": "UNRESOLVED", "r": null, "c": null, "K": null, "L": null}
{"eval": 877, "purpose": "arclength_fold_corrector", "status": "NUMERICAL_ONLY", "r": 66705.95408236192, "c": "15703682078915109/10000000000000000", "K": "16579510076202757/2500000000000000", "L": 0.04328207013107355}
{"eval": 878, "purpose": "arclength_fold_corrector", "status": "NUMERICAL_ONLY", "r": 66726.51513250545, "c": "7850764804114989/5000000000000000", "K": "33138381855788537/5000000000000000", "L": 0.002270189528113252}
{"eval": 879, "purpose": "arclength_fold_corrector", "status": "NUMERICAL_ONLY", "r": 66711.55076180611, "c": "15703105237144959/10000000000000000", "K": "66306803155587541/10000000000000000", "L": 0.0005971919027927962}
{"eval": 880, "purpose": "arclength_fold_corrector", "status": "NUMERICAL_ONLY", "r": 66711.47380501876, "c": "15703113517811003/10000000000000000", "K": "33153478823313929/5000000000000000", "L": 2.1475917736237756e-07}
{"eval": 881, "purpose": "arclength_fold_corrector", "status": "NUMERICAL_ONLY", "r": 66711.47083019001, "c": "15703113831072857/10000000000000000", "K": "66306963618969181/10000000000000000", "L": 8.179769716972797e-09}
{"eval": 882, "purpose": "fold_pair_profile", "status": "NUMERICAL_ONLY", "r": 449.4983546848565, "c": 1.5703113913332596, "K": null, "L": 0.0945754644692756}
{"eval": 883, "purpose": "fold_pair_profile", "status": "NUMERICAL_ONLY", "r": 9028.415799934792, "c": 1.5703113913332596, "K": null, "L": 0.028724580422692016}
{"eval": 884, "purpose": "fold_pair_profile", "status": "NUMERICAL_ONLY", "r": 24541.77860873528, "c": 1.5703113913332596, "K": null, "L": 0.00952865188931466}
{"eval": 885, "purpose": "fold_pair_profile", "status": "NUMERICAL_ONLY", "r": 47010.778941652294, "c": 1.5703113913332596, "K": null, "L": 0.0012946027304304585}
{"eval": 886, "purpose": "fold_pair_profile", "status": "NUMERICAL_ONLY", "r": 66711.47083019001, "c": 1.5703113913332596, "K": null, "L": -0.00026379469747750124}
{"eval": 887, "purpose": "fold_pair_profile", "status": "NUMERICAL_ONLY", "r": 94668.08337404829, "c": 1.5703113913332596, "K": null, "L": 0.0015443832460742177}
{"eval": 888, "purpose": "fold_pair_profile", "status": "NUMERICAL_ONLY", "r": 181340.57890748116, "c": 1.5703113913332596, "K": null, "L": 0.020540815710613586}
{"eval": 889, "purpose": "fold_pair_profile", "status": "NUMERICAL_ONLY", "r": 492934.8004064497, "c": 1.5703113913332596, "K": null, "L": 0.15094349488429507}
{"eval": 890, "purpose": "fold_pair_profile", "status": "UNRESOLVED", "r": null, "c": null, "K": null, "L": null}
{"eval": 891, "purpose": "fold_pair_profile", "status": "UNRESOLVED", "r": null, "c": null, "K": null, "L": null}
{"eval": 892, "purpose": "fold_pair_profile", "status": "UNRESOLVED", "r": null, "c": null, "K": null, "L": null}
{"eval": 893, "purpose": "fold_pair_profile", "status": "UNRESOLVED", "r": null, "c": null, "K": null, "L": null}
{"eval": 894, "purpose": "pair_root_isolation", "status": "NUMERICAL_ONLY", "r": 62873.91328056963, "c": 1.5703113913332596, "K": null, "L": -0.00020084693256332208}
{"eval": 895, "purpose": "pair_root_isolation", "status": "NUMERICAL_ONLY", "r": 60466.01434274612, "c": 1.5703113913332596, "K": null, "L": -0.00011102967277411114}
{"eval": 896, "purpose": "pair_root_isolation", "status": "NUMERICAL_ONLY", "r": 58963.051748135644, "c": 1.5703113913332596, "K": null, "L": -2.9699265531689885e-05}
{"eval": 897, "purpose": "pair_root_isolation", "status": "NUMERICAL_ONLY", "r": 57642.35325224769, "c": 1.5703113913332596, "K": null, "L": 5.500048405377497e-05}
{"eval": 898, "purpose": "pair_root_isolation", "status": "NUMERICAL_ONLY", "r": 58496.54987010876, "c": 1.5703113913332596, "K": null, "L": -1.4190539233635556e-06}
{"eval": 899, "purpose": "pair_root_isolation", "status": "NUMERICAL_ONLY", "r": 58410.56365788316, "c": 1.5703113913332596, "K": null, "L": 3.983689443516644e-06}
{"eval": 900, "purpose": "pair_root_isolation", "status": "NUMERICAL_ONLY", "r": 58473.95296976854, "c": 1.5703113913332596, "K": null, "L": -1.4447993922807065e-09}
{"eval": 901, "purpose": "pair_root_isolation", "status": "NUMERICAL_ONLY", "r": 58467.610944151565, "c": 1.5703113913332596, "K": null, "L": 3.935135493687164e-07}
{"eval": 902, "purpose": "pair_root_isolation", "status": "NUMERICAL_ONLY", "r": 58473.318736251495, "c": 1.5703113913332596, "K": null, "L": 3.77568382758668e-08}
{"eval": 903, "purpose": "pair_root_isolation", "status": "NUMERICAL_ONLY", "r": 70206.32035466311, "c": 1.5703113913332596, "K": null, "L": -0.00024680387585845887}
{"eval": 904, "purpose": "pair_root_isolation", "status": "NUMERICAL_ONLY", "r": 73158.50969562036, "c": 1.5703113913332596, "K": null, "L": -0.00017412632309178762}
{"eval": 905, "purpose": "pair_root_isolation", "status": "NUMERICAL_ONLY", "r": 75094.29322732834, "c": 1.5703113913332596, "K": null, "L": -0.00010304311886039717}
{"eval": 906, "purpose": "pair_root_isolation", "status": "NUMERICAL_ONLY", "r": 76854.02179519518, "c": 1.5703113913332596, "K": null, "L": -1.993015248883727e-05}
{"eval": 907, "purpose": "pair_root_isolation", "status": "NUMERICAL_ONLY", "r": 78473.00756342831, "c": 1.5703113913332596, "K": null, "L": 6.767614580349339e-05}
{"eval": 908, "purpose": "pair_root_isolation", "status": "NUMERICAL_ONLY", "r": 77219.37578959094, "c": 1.5703113913332596, "K": null, "L": -1.2024393356095452e-06}
{"eval": 909, "purpose": "pair_root_isolation", "status": "NUMERICAL_ONLY", "r": 77343.83242037838, "c": 1.5703113913332596, "K": null, "L": 5.312106677762925e-06}
{"eval": 910, "purpose": "pair_root_isolation", "status": "NUMERICAL_ONLY", "r": 77242.33261650952, "c": 1.5703113913332596, "K": null, "L": -8.421182453519492e-09}
{"eval": 911, "purpose": "pair_root_isolation", "status": "NUMERICAL_ONLY", "r": 77252.47660000341, "c": 1.5703113913332596, "K": null, "L": 5.252227514731055e-07}
{"eval": 912, "purpose": "arclength_fold_corrector", "status": "NUMERICAL_ONLY", "r": 99677.61950844088, "c": "15717478661967621/10000000000000000", "K": "16645221401789969/2500000000000000", "L": 0.08111369575008652}
{"eval": 913, "purpose": "arclength_fold_corrector", "status": "NUMERICAL_ONLY", "r": 99755.24031617912, "c": "15711512380892549/10000000000000000", "K": "129818524036329/19531250000000", "L": 0.018127384250222863}
{"eval": 914, "purpose": "arclength_fold_corrector", "status": "NUMERICAL_ONLY", "r": 99691.155336876, "c": "15716448144760151/10000000000000000", "K": "66561033563867307/10000000000000000", "L": 0.009636873777931515}
{"eval": 915, "purpose": "arclength_fold_corrector", "status": "NUMERICAL_ONLY", "r": 99687.40226013, "c": "3929184768775743/2500000000000000", "K": "13313307478583953/2000000000000000", "L": 8.278358069558706e-05}
{"eval": 916, "purpose": "arclength_fold_corrector", "status": "NUMERICAL_ONLY", "r": 99686.36285801501, "c": "3143363835957849/2000000000000000", "K": "66568061721317529/10000000000000000", "L": 2.5020594822771406e-06}
{"eval": 917, "purpose": "arclength_fold_corrector", "status": "NUMERICAL_ONLY", "r": 99686.36267915698, "c": "15716819194033407/10000000000000000", "K": "33284030991798841/5000000000000000", "L": 7.332943780839168e-09}
{"eval": 918, "purpose": "arclength_fold_corrector", "status": "NUMERICAL_ONLY", "r": 99686.3626791044, "c": "7858409597019407/5000000000000000", "K": "33284030991837361/5000000000000000", "L": -5.182394971043242e-09}
{"eval": 919, "purpose": "arclength_fold_corrector", "status": "NUMERICAL_ONLY", "r": 99686.36267909395, "c": "785840959701933/500000000000000", "K": "33284030991845053/5000000000000000", "L": -4.4814153599632885e-09}
{"eval": 920, "purpose": "arclength_fold_corrector", "status": "NUMERICAL_ONLY", "r": 99686.36267908102, "c": "3929204798509709/2500000000000000", "K": "33284030991854623/5000000000000000", "L": -9.584725240305092e-10}
{"eval": 921, "purpose": "arclength_fold_corrector", "status": "NUMERICAL_ONLY", "r": 81545.32853732423, "c": "15710296246520239/10000000000000000", "K": "66443924613064533/10000000000000000", "L": 0.015291027614199097}
{"eval": 922, "purpose": "arclength_fold_corrector", "status": "NUMERICAL_ONLY", "r": 81549.22597467001, "c": "3141986598406679/2000000000000000", "K": "33218468607866223/5000000000000000", "L": 0.00018080992641592968}
{"eval": 923, "purpose": "arclength_fold_corrector", "status": "NUMERICAL_ONLY", "r": 81547.15853376144, "c": "15710127586937901/10000000000000000", "K": "4152540226271349/625000000000000", "L": 1.1596530883529109e-05}
{"eval": 924, "purpose": "arclength_fold_corrector", "status": "NUMERICAL_ONLY", "r": 81547.15779447927, "c": "7855063829617739/5000000000000000", "K": "66440644945564173/10000000000000000", "L": -2.1585279142958674e-09}
{"eval": 925, "purpose": "fold_pair_profile", "status": "NUMERICAL_ONLY", "r": 549.4604271452606, "c": 1.5710127722432832, "K": null, "L": 0.09287862752629016}
{"eval": 926, "purpose": "fold_pair_profile", "status": "NUMERICAL_ONLY", "r": 11036.207697256601, "c": 1.5710127722432832, "K": null, "L": 0.02808190592243534}
{"eval": 927, "purpose": "fold_pair_profile", "status": "NUMERICAL_ONLY", "r": 29999.52283855246, "c": 1.5710127722432832, "K": null, "L": 0.009315305405793868}
{"eval": 928, "purpose": "fold_pair_profile", "status": "NUMERICAL_ONLY", "r": 57465.31084818211, "c": 1.5710127722432832, "K": null, "L": 0.001268760693069424}
{"eval": 929, "purpose": "fold_pair_profile", "status": "NUMERICAL_ONLY", "r": 81547.15779447927, "c": 1.5710127722432832, "K": null, "L": -0.000255345129509028}
{"eval": 930, "purpose": "fold_pair_profile", "status": "NUMERICAL_ONLY", "r": 115720.92530615919, "c": 1.5710127722432832, "K": null, "L": 0.0015081700060794534}
{"eval": 931, "purpose": "fold_pair_profile", "status": "NUMERICAL_ONLY", "r": 221668.1571952154, "c": 1.5710127722432832, "K": null, "L": 0.020076832331893942}
{"eval": 932, "purpose": "fold_pair_profile", "status": "NUMERICAL_ONLY", "r": 602556.5236517572, "c": 1.5710127722432832, "K": null, "L": 0.14736399775691822}
{"eval": 933, "purpose": "fold_pair_profile", "status": "UNRESOLVED", "r": null, "c": null, "K": null, "L": null}
{"eval": 934, "purpose": "fold_pair_profile", "status": "UNRESOLVED", "r": null, "c": null, "K": null, "L": null}
{"eval": 935, "purpose": "fold_pair_profile", "status": "UNRESOLVED", "r": null, "c": null, "K": null, "L": null}
{"eval": 936, "purpose": "fold_pair_profile", "status": "UNRESOLVED", "r": null, "c": null, "K": null, "L": null}
{"eval": 937, "purpose": "pair_root_isolation", "status": "NUMERICAL_ONLY", "r": 76902.8774343852, "c": 1.5710127722432832, "K": null, "L": -0.00019298078213065556}
{"eval": 938, "purpose": "pair_root_isolation", "status": "NUMERICAL_ONLY", "r": 74000.9087213829, "c": 1.5710127722432832, "K": null, "L": -0.0001080097699699355}
{"eval": 939, "purpose": "pair_root_isolation", "status": "NUMERICAL_ONLY", "r": 72152.92200633528, "c": 1.5710127722432832, "K": null, "L": -3.226026494928489e-05}
{"eval": 940, "purpose": "pair_root_isolation", "status": "NUMERICAL_ONLY", "r": 70529.2242799642, "c": 1.5710127722432832, "K": null, "L": 4.7838081426700274e-05}
{"eval": 941, "purpose": "pair_root_isolation", "status": "NUMERICAL_ONLY", "r": 71494.51639832178, "c": 1.5710127722432832, "K": null, "L": -1.6947862500819982e-06}
{"eval": 942, "purpose": "pair_root_isolation", "status": "NUMERICAL_ONLY", "r": 71397.3956362881, "c": 1.5710127722432832, "K": null, "L": 3.0182278129588085e-06}
{"eval": 943, "purpose": "pair_root_isolation", "status": "NUMERICAL_ONLY", "r": 71459.5768502395, "c": 1.5710127722432832, "K": null, "L": -1.949791219271332e-09}
{"eval": 944, "purpose": "pair_root_isolation", "status": "NUMERICAL_ONLY", "r": 71453.35629266145, "c": 1.5710127722432832, "K": null, "L": 2.925042249166383e-07}
{"eval": 945, "purpose": "pair_root_isolation", "status": "NUMERICAL_ONLY", "r": 71458.95477011283, "c": 1.5710127722432832, "K": null, "L": 2.0439755678943723e-08}
{"eval": 946, "purpose": "pair_root_isolation", "status": "NUMERICAL_ONLY", "r": 85786.28299937543, "c": 1.5710127722432832, "K": null, "L": -0.0002371030636252237}
{"eval": 947, "purpose": "pair_root_isolation", "status": "NUMERICAL_ONLY", "r": 89346.61777771253, "c": 1.5710127722432832, "K": null, "L": -0.00016698552572081242}
{"eval": 948, "purpose": "pair_root_isolation", "status": "NUMERICAL_ONLY", "r": 91687.78792127837, "c": 1.5710127722432832, "K": null, "L": -9.868209584965913e-05}
{"eval": 949, "purpose": "pair_root_isolation", "status": "NUMERICAL_ONLY", "r": 93847.24658579665, "c": 1.5710127722432832, "K": null, "L": -1.867953471532601e-05}
{"eval": 950, "purpose": "pair_root_isolation", "status": "NUMERICAL_ONLY", "r": 95834.21095760952, "c": 1.5710127722432832, "K": null, "L": 6.133337635071076e-05}
{"eval": 951, "purpose": "pair_root_isolation", "status": "NUMERICAL_ONLY", "r": 94307.39841097737, "c": 1.5710127722432832, "K": null, "L": -4.3831165577250615e-07}
{"eval": 952, "purpose": "pair_root_isolation", "status": "NUMERICAL_ONLY", "r": 94458.97859721097, "c": 1.5710127722432832, "K": null, "L": 5.718548934152285e-06}
{"eval": 953, "purpose": "pair_root_isolation", "status": "NUMERICAL_ONLY", "r": 94322.54547718748, "c": 1.5710127722432832, "K": null, "L": 1.5943546477714557e-07}
{"eval": 954, "purpose": "pair_root_isolation", "status": "NUMERICAL_ONLY", "r": 94318.50510349254, "c": 1.5710127722432832, "K": null, "L": 9.761670979419157e-09}
{"eval": 955, "purpose": "arclength_fold_corrector", "status": "NUMERICAL_ONLY", "r": 102732.74132230105, "c": "15718002782782241/10000000000000000", "K": "8323833658481059/1250000000000000", "L": 0.02456501667927617}
{"eval": 956, "purpose": "arclength_fold_corrector", "status": "NUMERICAL_ONLY", "r": 102741.66601229191, "c": "15717306227319501/10000000000000000", "K": "13315466617382107/2000000000000000", "L": 0.0005603656889977777}
{"eval": 957, "purpose": "arclength_fold_corrector", "status": "NUMERICAL_ONLY", "r": 102735.43196616536, "c": "7858897898243461/5000000000000000", "K": "16646662088296893/2500000000000000", "L": 9.680713973750939e-05}
{"eval": 958, "purpose": "arclength_fold_corrector", "status": "NUMERICAL_ONLY", "r": 102735.42467334414, "c": "3143559277279199/2000000000000000", "K": "66586659249965203/10000000000000000", "L": 7.44779990460149e-09}
{"eval": 959, "purpose": "fold_pair_profile", "status": "NUMERICAL_ONLY", "r": 692.2258463775303, "c": 1.5717796433113607, "K": null, "L": 0.0909323901051427}
{"eval": 960, "purpose": "fold_pair_profile", "status": "NUMERICAL_ONLY", "r": 13903.727796600717, "c": 1.5717796433113607, "K": null, "L": 0.027373986236983238}
{"eval": 961, "purpose": "fold_pair_profile", "status": "NUMERICAL_ONLY", "r": 37794.25061734065, "c": 1.5717796433113607, "K": null, "L": 0.009078956424326677}
{"eval": 962, "purpose": "fold_pair_profile", "status": "NUMERICAL_ONLY", "r": 72396.4301594997, "c": 1.5717796433113607, "K": null, "L": 0.0012361485177373407}
{"eval": 963, "purpose": "fold_pair_profile", "status": "NUMERICAL_ONLY", "r": 102735.42467334414, "c": 1.5717796433113607, "K": null, "L": -0.00024677385534753124}
{"eval": 964, "purpose": "fold_pair_profile", "status": "NUMERICAL_ONLY", "r": 145788.50724488965, "c": 1.5717796433113607, "K": null, "L": 0.0014821402969079727}
{"eval": 965, "purpose": "fold_pair_profile", "status": "NUMERICAL_ONLY", "r": 279263.8380285744, "c": 1.5717796433113607, "K": null, "L": 0.019588617112970292}
{"eval": 966, "purpose": "fold_pair_profile", "status": "NUMERICAL_ONLY", "r": 759117.8162588039, "c": 1.5717796433113607, "K": null, "L": 0.14348237286855842}
{"eval": 967, "purpose": "fold_pair_profile", "status": "UNRESOLVED", "r": null, "c": null, "K": null, "L": null}
{"eval": 968, "purpose": "fold_pair_profile", "status": "UNRESOLVED", "r": null, "c": null, "K": null, "L": null}
{"eval": 969, "purpose": "fold_pair_profile", "status": "UNRESOLVED", "r": null, "c": null, "K": null, "L": null}
{"eval": 970, "purpose": "fold_pair_profile", "status": "UNRESOLVED", "r": null, "c": null, "K": null, "L": null}
{"eval": 971, "purpose": "pair_root_isolation", "status": "NUMERICAL_ONLY", "r": 96922.65754581608, "c": 1.5717796433113607, "K": null, "L": -0.0001899322396690267}
{"eval": 972, "purpose": "pair_root_isolation", "status": "NUMERICAL_ONLY", "r": 93228.71882955472, "c": 1.5717796433113607, "K": null, "L": -9.719476993381315e-05}
{"eval": 973, "purpose": "pair_root_isolation", "status": "NUMERICAL_ONLY", "r": 90900.53926325597, "c": 1.5717796433113607, "K": null, "L": -2.4895736025310135e-05}
{"eval": 974, "purpose": "pair_root_isolation", "status": "NUMERICAL_ONLY", "r": 88854.92996013082, "c": 1.5717796433113607, "K": null, "L": 5.43614100421464e-05}
{"eval": 975, "purpose": "pair_root_isolation", "status": "NUMERICAL_ONLY", "r": 90252.96325335851, "c": 1.5717796433113607, "K": null, "L": -1.3352218734100014e-06}
{"eval": 976, "purpose": "pair_root_isolation", "status": "NUMERICAL_ONLY", "r": 90112.17574550278, "c": 1.5717796433113607, "K": null, "L": 3.955026577078513e-06}
{"eval": 977, "purpose": "pair_root_isolation", "status": "NUMERICAL_ONLY", "r": 90217.40872792527, "c": 1.5717796433113607, "K": null, "L": -7.0771094790661395e-09}
{"eval": 978, "purpose": "pair_root_isolation", "status": "NUMERICAL_ONLY", "r": 90206.87990195196, "c": 1.5717796433113607, "K": null, "L": 3.8949096756606115e-07}
{"eval": 979, "purpose": "pair_root_isolation", "status": "NUMERICAL_ONLY", "r": 90216.35579002925, "c": 1.5717796433113607, "K": null, "L": 2.9008580005899363e-08}
{"eval": 980, "purpose": "pair_root_isolation", "status": "NUMERICAL_ONLY", "r": 107998.10634748978, "c": 1.5717796433113607, "K": null, "L": -0.00022573493573743925}
{"eval": 981, "purpose": "pair_root_isolation", "status": "NUMERICAL_ONLY", "r": 112367.11302189218, "c": 1.5717796433113607, "K": null, "L": -0.0001670366658059479}
{"eval": 982, "purpose": "pair_root_isolation", "status": "NUMERICAL_ONLY", "r": 115370.00921391262, "c": 1.5717796433113607, "K": null, "L": -0.00010055654998881198}
{"eval": 983, "purpose": "pair_root_isolation", "status": "NUMERICAL_ONLY", "r": 118101.64953999649, "c": 1.5717796433113607, "K": null, "L": -2.113668403029231e-05}
{"eval": 984, "purpose": "pair_root_isolation", "status": "NUMERICAL_ONLY", "r": 120615.3818447629, "c": 1.5717796433113607, "K": null, "L": 6.159714503619239e-05}
{"eval": 985, "purpose": "pair_root_isolation", "status": "NUMERICAL_ONLY", "r": 118738.82682196141, "c": 1.5717796433113607, "K": null, "L": -1.2086731914512359e-06}
{"eval": 986, "purpose": "pair_root_isolation", "status": "NUMERICAL_ONLY", "r": 118925.16095800698, "c": 1.5717796433113607, "K": null, "L": 4.697712078911731e-06}
{"eval": 987, "purpose": "pair_root_isolation", "status": "NUMERICAL_ONLY", "r": 118776.93416594573, "c": 1.5717796433113607, "K": null, "L": 3.841216226602123e-09}
{"eval": 988, "purpose": "pair_root_isolation", "status": "NUMERICAL_ONLY", "r": 118773.1228812643, "c": 1.5717796433113607, "K": null, "L": -1.1949279458187364e-07}
{"eval": 989, "purpose": "arclength_fold_corrector", "status": "NUMERICAL_ONLY", "r": 133995.52472160326, "c": "1965798140103629/1250000000000000", "K": "16687525767408129/2500000000000000", "L": 0.040851075998788004}
{"eval": 990, "purpose": "arclength_fold_corrector", "status": "NUMERICAL_ONLY", "r": 134020.2912302023, "c": "15724814140482233/10000000000000000", "K": "13344029473262081/2000000000000000", "L": 0.002392722565375245}
{"eval": 991, "purpose": "arclength_fold_corrector", "status": "NUMERICAL_ONLY", "r": 133999.7398369093, "c": "15726121922983247/10000000000000000", "K": "33372502086146949/5000000000000000", "L": 0.0009514335197916386}
{"eval": 992, "purpose": "arclength_fold_corrector", "status": "NUMERICAL_ONLY", "r": 133999.62452917424, "c": "15726129383957113/10000000000000000", "K": "16686285910178651/2500000000000000", "L": 5.226919967499451e-07}
{"eval": 993, "purpose": "arclength_fold_corrector", "status": "NUMERICAL_ONLY", "r": 133999.61301807736, "c": "15726130116552457/10000000000000000", "K": "13349031512881293/2000000000000000", "L": 2.4095605886700125e-08}
{"eval": 994, "purpose": "arclength_fold_corrector", "status": "NUMERICAL_ONLY", "r": 133999.6130181057, "c": "15726130116553771/10000000000000000", "K": "13349031512874383/2000000000000000", "L": -4.626913418672111e-09}
{"eval": 995, "purpose": "fold_pair_profile", "status": "NUMERICAL_ONLY", "r": 902.8822904139591, "c": 1.5726130149566084, "K": null, "L": 0.0887181432870035}
{"eval": 996, "purpose": "fold_pair_profile", "status": "NUMERICAL_ONLY", "r": 18134.87558140183, "c": 1.5726130149566084, "K": null, "L": 0.026598706717286508}
{"eval": 997, "purpose": "fold_pair_profile", "status": "NUMERICAL_ONLY", "r": 49295.70275429025, "c": 1.5726130149566084, "K": null, "L": 0.008825006516256463}
{"eval": 998, "purpose": "fold_pair_profile", "status": "NUMERICAL_ONLY", "r": 94427.93132077578, "c": 1.5726130149566084, "K": null, "L": 0.0012083040123120042}
{"eval": 999, "purpose": "fold_pair_profile", "status": "NUMERICAL_ONLY", "r": 133999.6130181057, "c": 1.5726130149566084, "K": null, "L": -0.00023764752133198193}
{"eval": 1000, "purpose": "fold_pair_profile", "status": "NUMERICAL_ONLY", "r": 190154.5023580483, "c": 1.5726130149566084, "K": null, "L": 0.0014447955980396025}
{"eval": 1001, "purpose": "fold_pair_profile", "status": "NUMERICAL_ONLY", "r": 364248.71308766084, "c": 1.5726130149566084, "K": null, "L": 0.019039683552759527}
{"eval": 1002, "purpose": "fold_pair_profile", "status": "NUMERICAL_ONLY", "r": 990130.6578257809, "c": 1.5726130149566084, "K": null, "L": 0.1392584272735428}
{"eval": 1003, "purpose": "fold_pair_profile", "status": "UNRESOLVED", "r": null, "c": null, "K": null, "L": null}
{"eval": 1004, "purpose": "fold_pair_profile", "status": "UNRESOLVED", "r": null, "c": null, "K": null, "L": null}
{"eval": 1005, "purpose": "fold_pair_profile", "status": "UNRESOLVED", "r": null, "c": null, "K": null, "L": null}
{"eval": 1006, "purpose": "fold_pair_profile", "status": "UNRESOLVED", "r": null, "c": null, "K": null, "L": null}
{"eval": 1007, "purpose": "pair_root_isolation", "status": "NUMERICAL_ONLY", "r": 126508.95651166506, "c": 1.5726130149566084, "K": null, "L": -0.00017466216794912923}
{"eval": 1008, "purpose": "pair_root_isolation", "status": "NUMERICAL_ONLY", "r": 121921.17518531399, "c": 1.5726130149566084, "K": null, "L": -9.6021651668804e-05}
{"eval": 1009, "purpose": "pair_root_isolation", "status": "NUMERICAL_ONLY", "r": 118845.09815508092, "c": 1.5726130149566084, "K": null, "L": -2.8766942339493162e-05}
{"eval": 1010, "purpose": "pair_root_isolation", "status": "NUMERICAL_ONLY", "r": 116143.04120663652, "c": 1.5726130149566084, "K": null, "L": 4.6072498967722014e-05}
{"eval": 1011, "purpose": "pair_root_isolation", "status": "NUMERICAL_ONLY", "r": 117799.1168381814, "c": 1.5726130149566084, "K": null, "L": -6.613261587972339e-07}
{"eval": 1012, "purpose": "pair_root_isolation", "status": "NUMERICAL_ONLY", "r": 117632.45216541155, "c": 1.5726130149566084, "K": null, "L": 3.894917687993936e-06}
{"eval": 1013, "purpose": "pair_root_isolation", "status": "NUMERICAL_ONLY", "r": 117774.91128130328, "c": 1.5726130149566084, "K": null, "L": -1.5608963023186548e-09}
{"eval": 1014, "purpose": "pair_root_isolation", "status": "NUMERICAL_ONLY", "r": 117760.65760951104, "c": 1.5726130149566084, "K": null, "L": 3.9038490503014366e-07}
{"eval": 1015, "purpose": "pair_root_isolation", "status": "NUMERICAL_ONLY", "r": 117773.48583649093, "c": 1.5726130149566084, "K": null, "L": 2.573253843539464e-08}
{"eval": 1016, "purpose": "pair_root_isolation", "status": "NUMERICAL_ONLY", "r": 140790.7742362595, "c": 1.5726130149566084, "K": null, "L": -0.00021600605322082557}
{"eval": 1017, "purpose": "pair_root_isolation", "status": "NUMERICAL_ONLY", "r": 146403.48517532187, "c": 1.5726130149566084, "K": null, "L": -0.00015124691834837796}
{"eval": 1018, "purpose": "pair_root_isolation", "status": "NUMERICAL_ONLY", "r": 150281.98925059705, "c": 1.5726130149566084, "K": null, "L": -8.380967301281309e-05}
{"eval": 1019, "purpose": "pair_root_isolation", "status": "NUMERICAL_ONLY", "r": 153860.41619082558, "c": 1.5726130149566084, "K": null, "L": -1.4183239177796776e-05}
{"eval": 1020, "purpose": "pair_root_isolation", "status": "NUMERICAL_ONLY", "r": 157153.79532523573, "c": 1.5726130149566084, "K": null, "L": 5.7924418682727786e-05}
{"eval": 1021, "purpose": "pair_root_isolation", "status": "NUMERICAL_ONLY", "r": 154502.70976558208, "c": 1.5726130149566084, "K": null, "L": -6.289806251004807e-06}
{"eval": 1022, "purpose": "pair_root_isolation", "status": "NUMERICAL_ONLY", "r": 154765.79326549292, "c": 1.5726130149566084, "K": null, "L": -4.0810536739703525e-07}
{"eval": 1023, "purpose": "pair_root_isolation", "status": "NUMERICAL_ONLY", "r": 155002.9514099646, "c": 1.5726130149566084, "K": null, "L": 4.99908618689343e-06}
{"eval": 1024, "purpose": "pair_root_isolation", "status": "NUMERICAL_ONLY", "r": 154789.49274218426, "c": 1.5726130149566084, "K": null, "L": 1.4114402316699764e-07}
{"eval": 1025, "purpose": "arclength_fold_corrector", "status": "NUMERICAL_ONLY", "r": 181889.65808342813, "c": "1966929295491191/1250000000000000", "K": "13384402055549991/2000000000000000", "L": 0.07082120469993049}
{"eval": 1026, "purpose": "arclength_fold_corrector", "status": "NUMERICAL_ONLY", "r": 181972.4098991441, "c": "15731311615799943/10000000000000000", "K": "66843638451729053/10000000000000000", "L": 0.016865110362360113}
{"eval": 1027, "purpose": "arclength_fold_corrector", "status": "NUMERICAL_ONLY", "r": 181901.686623836, "c": "7867419679227453/5000000000000000", "K": "13382123190755033/2000000000000000", "L": 0.010130250902022317}
{"eval": 1028, "purpose": "arclength_fold_corrector", "status": "NUMERICAL_ONLY", "r": 181897.5988535284, "c": "1573504421941303/1000000000000000", "K": "16728621992004351/2500000000000000", "L": 8.983226657197382e-05}
{"eval": 1029, "purpose": "arclength_fold_corrector", "status": "NUMERICAL_ONLY", "r": 181895.9494522311, "c": "15735126528668957/10000000000000000", "K": "3345802517783941/500000000000000", "L": 5.425575874114787e-06}
{"eval": 1030, "purpose": "arclength_fold_corrector", "status": "NUMERICAL_ONLY", "r": 181895.94914752347, "c": "7867563272180461/5000000000000000", "K": "2091126582633987/312500000000000", "L": 1.0046667669508432e-08}
{"eval": 1031, "purpose": "fold_pair_profile", "status": "NUMERICAL_ONLY", "r": 1225.6052647043584, "c": 1.5735126566510915, "K": null, "L": 0.08622284150426984}
{"eval": 1032, "purpose": "fold_pair_profile", "status": "NUMERICAL_ONLY", "r": 24616.939797472587, "c": 1.5735126566510915, "K": null, "L": 0.025755957881920154}
{"eval": 1033, "purpose": "fold_pair_profile", "status": "NUMERICAL_ONLY", "r": 66915.78012374003, "c": 1.5735126566510915, "K": null, "L": 0.008549384488358895}
{"eval": 1034, "purpose": "fold_pair_profile", "status": "NUMERICAL_ONLY", "r": 128179.90893234061, "c": 1.5735126566510915, "K": null, "L": 0.0011805467595804794}
{"eval": 1035, "purpose": "fold_pair_profile", "status": "NUMERICAL_ONLY", "r": 181895.94914752347, "c": 1.5735126566510915, "K": null, "L": -0.00022128463104273185}
{"eval": 1036, "purpose": "fold_pair_profile", "status": "NUMERICAL_ONLY", "r": 258122.6386558198, "c": 1.5735126566510915, "K": null, "L": 0.0014096020582686287}
{"eval": 1037, "purpose": "fold_pair_profile", "status": "NUMERICAL_ONLY", "r": 494444.4532380236, "c": 1.5735126566510915, "K": null, "L": 0.018464049110516145}
{"eval": 1038, "purpose": "fold_pair_profile", "status": "NUMERICAL_ONLY", "r": 1344039.3724192877, "c": 1.5735126566510915, "K": null, "L": 0.13474414040862592}
{"eval": 1039, "purpose": "fold_pair_profile", "status": "UNRESOLVED", "r": null, "c": null, "K": null, "L": null}
{"eval": 1040, "purpose": "fold_pair_profile", "status": "UNRESOLVED", "r": null, "c": null, "K": null, "L": null}
{"eval": 1041, "purpose": "fold_pair_profile", "status": "UNRESOLVED", "r": null, "c": null, "K": null, "L": null}
{"eval": 1042, "purpose": "fold_pair_profile", "status": "UNRESOLVED", "r": null, "c": null, "K": null, "L": null}
{"eval": 1043, "purpose": "pair_root_isolation", "status": "NUMERICAL_ONLY", "r": 172118.97123178127, "c": 1.5735126566510915, "K": null, "L": -0.00016063046114113993}
{"eval": 1044, "purpose": "pair_root_isolation", "status": "NUMERICAL_ONLY", "r": 166148.8549154659, "c": 1.5735126566510915, "K": null, "L": -9.771461832198088e-05}
{"eval": 1045, "purpose": "pair_root_isolation", "status": "NUMERICAL_ONLY", "r": 161893.57488179524, "c": 1.5735126566510915, "K": null, "L": -2.959003620594265e-05}
{"eval": 1046, "purpose": "pair_root_isolation", "status": "NUMERICAL_ONLY", "r": 158157.08347049053, "c": 1.5735126566510915, "K": null, "L": 3.9367175023473414e-05}
{"eval": 1047, "purpose": "pair_root_isolation", "status": "NUMERICAL_ONLY", "r": 160279.5268751242, "c": 1.5735126566510915, "K": null, "L": -1.1060200048221228e-06}
{"eval": 1048, "purpose": "pair_root_isolation", "status": "NUMERICAL_ONLY", "r": 160066.0070687962, "c": 1.5735126566510915, "K": null, "L": 2.768581674547814e-06}
{"eval": 1049, "purpose": "pair_root_isolation", "status": "NUMERICAL_ONLY", "r": 160218.54779102813, "c": 1.5735126566510915, "K": null, "L": -8.300256072487869e-09}
{"eval": 1050, "purpose": "pair_root_isolation", "status": "NUMERICAL_ONLY", "r": 160203.2871794744, "c": 1.5735126566510915, "K": null, "L": 2.6406804320480945e-07}
{"eval": 1051, "purpose": "pair_root_isolation", "status": "NUMERICAL_ONLY", "r": 160217.02166445882, "c": 1.5735126566510915, "K": null, "L": 3.5721789906664175e-09}
{"eval": 1052, "purpose": "pair_root_isolation", "status": "NUMERICAL_ONLY", "r": 190742.44969213783, "c": 1.5735126566510915, "K": null, "L": -0.00020011005038899761}
{"eval": 1053, "purpose": "pair_root_isolation", "status": "NUMERICAL_ONLY", "r": 198052.16629101618, "c": 1.5735126566510915, "K": null, "L": -0.00014011078476955428}
{"eval": 1054, "purpose": "pair_root_isolation", "status": "NUMERICAL_ONLY", "r": 203368.7629749485, "c": 1.5735126566510915, "K": null, "L": -7.962992274042784e-05}
{"eval": 1055, "purpose": "pair_root_isolation", "status": "NUMERICAL_ONLY", "r": 208275.61803897264, "c": 1.5735126566510915, "K": null, "L": -6.1236998853177464e-06}
{"eval": 1056, "purpose": "pair_root_isolation", "status": "NUMERICAL_ONLY", "r": 212792.9318463166, "c": 1.5735126566510915, "K": null, "L": 5.742647938760527e-05}
{"eval": 1057, "purpose": "pair_root_isolation", "status": "NUMERICAL_ONLY", "r": 208723.0001021843, "c": 1.5735126566510915, "K": null, "L": 5.528709922543127e-07}
{"eval": 1058, "purpose": "pair_root_isolation", "status": "NUMERICAL_ONLY", "r": 208678.21868535114, "c": 1.5735126566510915, "K": null, "L": -1.2251663101819808e-07}
{"eval": 1059, "purpose": "pair_root_isolation", "status": "NUMERICAL_ONLY", "r": 208686.3414082132, "c": 1.5735126566510915, "K": null, "L": -1.3826004214945272e-08}
{"eval": 1060, "purpose": "pair_root_isolation", "status": "NUMERICAL_ONLY", "r": 208690.0069878598, "c": 1.5735126566510915, "K": null, "L": 6.227135124617876e-08}
{"eval": 1061, "purpose": "arclength_fold_corrector", "status": "NUMERICAL_ONLY", "r": 258503.21412589497, "c": "3936282815427687/2500000000000000", "K": "67105975800940447/10000000000000000", "L": 0.12982408344518453}
{"eval": 1062, "purpose": "arclength_fold_corrector", "status": "NUMERICAL_ONLY", "r": 258838.22475664096, "c": "3146505879722473/2000000000000000", "K": "66866965457532279/10000000000000000", "L": 0.22993543856140852}
{"eval": 1063, "purpose": "arclength_fold_corrector", "status": "UNRESOLVED", "r": null, "c": null, "K": null, "L": null}
{"eval": 1064, "purpose": "arclength_fold_corrector", "status": "NUMERICAL_ONLY", "r": 216842.54077813044, "c": "3148025780607167/2000000000000000", "K": "67011013222614011/10000000000000000", "L": 0.024712511505584664}
{"eval": 1065, "purpose": "arclength_fold_corrector", "status": "NUMERICAL_ONLY", "r": 216854.89891774207, "c": "15739576236933699/10000000000000000", "K": "6700049589041809/1000000000000000", "L": 0.000669291387523193}
{"eval": 1066, "purpose": "arclength_fold_corrector", "status": "NUMERICAL_ONLY", "r": 216844.642190831, "c": "15740036385309151/10000000000000000", "K": "8376153088336159/1250000000000000", "L": 0.00020963234817894739}
{"eval": 1067, "purpose": "arclength_fold_corrector", "status": "NUMERICAL_ONLY", "r": 216844.6272558856, "c": "15740037070580863/10000000000000000", "K": "67009237416324199/10000000000000000", "L": 2.6553258350394914e-08}
{"eval": 1068, "purpose": "arclength_fold_corrector", "status": "NUMERICAL_ONLY", "r": 216844.62650593786, "c": "393500927605681/250000000000000", "K": "3350461902728497/500000000000000", "L": 3.4234519604956167e-09}
{"eval": 1069, "purpose": "arclength_fold_corrector", "status": "NUMERICAL_ONLY", "r": 216844.6265059417, "c": "3148007420845461/2000000000000000", "K": "67009238054566431/10000000000000000", "L": -5.5308147104154675e-09}
{"eval": 1070, "purpose": "arclength_fold_corrector", "status": "NUMERICAL_ONLY", "r": 216844.62650593053, "c": "15740037104227411/10000000000000000", "K": "67009238054576121/10000000000000000", "L": 1.240864869817673e-08}
{"eval": 1071, "purpose": "arclength_fold_corrector", "status": "NUMERICAL_ONLY", "r": 216844.62650595017, "c": "15740037104227431/10000000000000000", "K": "16752309513639827/2500000000000000", "L": 2.153706988207189e-09}
{"eval": 1072, "purpose": "arclength_fold_corrector", "status": "NUMERICAL_ONLY", "r": 216844.62650595597, "c": "7870018552113661/5000000000000000", "K": "67009238054554263/10000000000000000", "L": -2.538757540751724e-09}
{"eval": 1073, "purpose": "arclength_fold_corrector", "status": "NUMERICAL_ONLY", "r": 198602.06386238456, "c": "786881386184919/500000000000000", "K": "66963531933450797/10000000000000000", "L": 0.005494575004943907}
{"eval": 1074, "purpose": "arclength_fold_corrector", "status": "NUMERICAL_ONLY", "r": 198603.01259556942, "c": "245899714206061/156250000000000", "K": "8370331290372407/1250000000000000", "L": 1.9678347967616134e-05}
{"eval": 1075, "purpose": "arclength_fold_corrector", "status": "NUMERICAL_ONLY", "r": 198602.54153128952, "c": "15737604776900123/10000000000000000", "K": "33481544023695493/5000000000000000", "L": 4.801169881512718e-07}
{"eval": 1076, "purpose": "arclength_fold_corrector", "status": "NUMERICAL_ONLY", "r": 198602.54151339995, "c": "15737604777814933/10000000000000000", "K": "66963088064012339/10000000000000000", "L": -2.2663936318033872e-08}
{"eval": 1077, "purpose": "arclength_fold_corrector", "status": "NUMERICAL_ONLY", "r": 198602.54151335903, "c": "157376047778151/100000000000000", "K": "66963088064050371/10000000000000000", "L": 3.545528785438306e-08}
{"eval": 1078, "purpose": "arclength_fold_corrector", "status": "NUMERICAL_ONLY", "r": 198602.54151341828, "c": "7868802388907531/5000000000000000", "K": "669630880639951/100000000000000", "L": -3.892037699706511e-09}
{"eval": 1079, "purpose": "fold_pair_profile", "status": "NUMERICAL_ONLY", "r": 1338.1733986010836, "c": 1.5737604797571438, "K": null, "L": 0.08551791662864876}
{"eval": 1080, "purpose": "fold_pair_profile", "status": "NUMERICAL_ONLY", "r": 26877.931207229594, "c": 1.5737604797571438, "K": null, "L": 0.02552144567545059}
{"eval": 1081, "purpose": "fold_pair_profile", "status": "NUMERICAL_ONLY", "r": 73061.7919871845, "c": 1.5737604797571438, "K": null, "L": 0.008469515182989317}
{"eval": 1082, "purpose": "fold_pair_profile", "status": "NUMERICAL_ONLY", "r": 139952.84559237226, "c": 1.5737604797571438, "K": null, "L": 0.0011651958138181235}
{"eval": 1083, "purpose": "fold_pair_profile", "status": "NUMERICAL_ONLY", "r": 198602.54151341828, "c": 1.5737604797571438, "K": null, "L": -0.00020440886040410484}
{"eval": 1084, "purpose": "fold_pair_profile", "status": "NUMERICAL_ONLY", "r": 281830.421729837, "c": 1.5737604797571438, "K": null, "L": 0.001412433102728526}
{"eval": 1085, "purpose": "fold_pair_profile", "status": "NUMERICAL_ONLY", "r": 539857.6796817081, "c": 1.5737604797571438, "K": null, "L": 0.018345550548734078}
{"eval": 1086, "purpose": "fold_pair_profile", "status": "NUMERICAL_ONLY", "r": 1467485.320632851, "c": 1.5737604797571438, "K": null, "L": 0.1333476474063658}
{"eval": 1087, "purpose": "fold_pair_profile", "status": "UNRESOLVED", "r": null, "c": null, "K": null, "L": null}
{"eval": 1088, "purpose": "fold_pair_profile", "status": "UNRESOLVED", "r": null, "c": null, "K": null, "L": null}
{"eval": 1089, "purpose": "fold_pair_profile", "status": "UNRESOLVED", "r": null, "c": null, "K": null, "L": null}
{"eval": 1090, "purpose": "fold_pair_profile", "status": "UNRESOLVED", "r": null, "c": null, "K": null, "L": null}
{"eval": 1091, "purpose": "pair_root_isolation", "status": "NUMERICAL_ONLY", "r": 188494.5763340413, "c": 1.5737604797571438, "K": null, "L": -0.00016720709719594316}
{"eval": 1092, "purpose": "pair_root_isolation", "status": "NUMERICAL_ONLY", "r": 181581.03123604518, "c": 1.5737604797571438, "K": null, "L": -0.00010040974804070096}
{"eval": 1093, "purpose": "pair_root_isolation", "status": "NUMERICAL_ONLY", "r": 176913.75630552875, "c": 1.5737604797571438, "K": null, "L": -2.0665633081428775e-05}
{"eval": 1094, "purpose": "pair_root_isolation", "status": "NUMERICAL_ONLY", "r": 172815.86786086942, "c": 1.5737604797571438, "K": null, "L": 4.922499787483153e-05}
{"eval": 1095, "purpose": "pair_root_isolation", "status": "NUMERICAL_ONLY", "r": 175692.05491609918, "c": 1.5737604797571438, "K": null, "L": 1.666181316171035e-06}
{"eval": 1096, "purpose": "pair_root_isolation", "status": "NUMERICAL_ONLY", "r": 175813.84444231054, "c": 1.5737604797571438, "K": null, "L": -4.4902197926732155e-07}
{"eval": 1097, "purpose": "pair_root_isolation", "status": "NUMERICAL_ONLY", "r": 175787.9835236033, "c": 1.5737604797571438, "K": null, "L": -1.4469656133600286e-08}
{"eval": 1098, "purpose": "pair_root_isolation", "status": "NUMERICAL_ONLY", "r": 175778.3883063403, "c": 1.5737604797571438, "K": null, "L": 1.4176498502768736e-07}
{"eval": 1099, "purpose": "pair_root_isolation", "status": "NUMERICAL_ONLY", "r": 175787.02397830758, "c": 1.5737604797571438, "K": null, "L": -1.0002341182541961e-09}
{"eval": 1100, "purpose": "pair_root_isolation", "status": "NUMERICAL_ONLY", "r": 207587.76526554825, "c": 1.5737604797571438, "K": null, "L": -0.00018798346836742334}
{"eval": 1101, "purpose": "pair_root_isolation", "status": "NUMERICAL_ONLY", "r": 215178.40778209228, "c": 1.5737604797571438, "K": null, "L": -0.00015794364120285705}
{"eval": 1102, "purpose": "pair_root_isolation", "status": "NUMERICAL_ONLY", "r": 221098.20430224083, "c": 1.5737604797571438, "K": null, "L": -9.414065084864561e-05}
{"eval": 1103, "purpose": "pair_root_isolation", "status": "NUMERICAL_ONLY", "r": 226529.8726772004, "c": 1.5737604797571438, "K": null, "L": -2.405363651116805e-05}
{"eval": 1104, "purpose": "pair_root_isolation", "status": "NUMERICAL_ONLY", "r": 231532.3713627954, "c": 1.5737604797571438, "K": null, "L": 6.102920483668515e-05}
{"eval": 1105, "purpose": "pair_root_isolation", "status": "NUMERICAL_ONLY", "r": 227933.05982776097, "c": 1.5737604797571438, "K": null, "L": -3.65137318661798e-06}
{"eval": 1106, "purpose": "pair_root_isolation", "status": "NUMERICAL_ONLY", "r": 228290.4586038633, "c": 1.5737604797571438, "K": null, "L": 1.705716277213106e-06}
{"eval": 1107, "purpose": "pair_root_isolation", "status": "NUMERICAL_ONLY", "r": 228176.6007985061, "c": 1.5737604797571438, "K": null, "L": -1.6782592123616784e-08}
{"eval": 1108, "purpose": "pair_root_isolation", "status": "NUMERICAL_ONLY", "r": 228187.9840232244, "c": 1.5737604797571438, "K": null, "L": 1.5050234458570778e-07}
{"eval": 1109, "purpose": "arclength_fold_corrector", "status": "NUMERICAL_ONLY", "r": 219721.24192332604, "c": "15740427803398727/10000000000000000", "K": "67016660285428209/10000000000000000", "L": 0.007923808069242196}
{"eval": 1110, "purpose": "arclength_fold_corrector", "status": "NUMERICAL_ONLY", "r": 219722.965341915, "c": "1574035058435507/1000000000000000", "K": "33507592399351003/5000000000000000", "L": 4.3060123954226946e-05}
{"eval": 1111, "purpose": "arclength_fold_corrector", "status": "NUMERICAL_ONLY", "r": 219721.9133735264, "c": "15740398064360119/10000000000000000", "K": "67016085410789197/10000000000000000", "L": 2.260975007389354e-06}
{"eval": 1112, "purpose": "arclength_fold_corrector", "status": "NUMERICAL_ONLY", "r": 219721.91327813402, "c": "15740398068827341/10000000000000000", "K": "67016085492448143/10000000000000000", "L": 2.5467496967734815e-09}
{"eval": 1113, "purpose": "arclength_fold_corrector", "status": "NUMERICAL_ONLY", "r": 219721.9132780509, "c": "7870199034415639/5000000000000000", "K": "16754021373129837/2500000000000000", "L": 4.947324537792875e-09}
{"eval": 1114, "purpose": "arclength_fold_corrector", "status": "NUMERICAL_ONLY", "r": 219721.91327805907, "c": "3935099517207819/2500000000000000", "K": "3350804274625629/500000000000000", "L": -1.0600078093728972e-08}
{"eval": 1115, "purpose": "arclength_fold_corrector", "status": "NUMERICAL_ONLY", "r": 219721.91327804112, "c": "983774879301957/625000000000000", "K": "13403217098505543/2000000000000000", "L": 4.7269783635896035e-08}
{"eval": 1116, "purpose": "arclength_fold_corrector", "status": "NUMERICAL_ONLY", "r": 219721.91327811763, "c": "1967549758603907/1250000000000000", "K": "67016085492462247/10000000000000000", "L": -2.0608171159859797e-08}
{"eval": 1117, "purpose": "arclength_fold_corrector", "status": "NUMERICAL_ONLY", "r": 219721.9132780872, "c": "3148079613766229/2000000000000000", "K": "67016085492488227/10000000000000000", "L": -4.243760019074513e-09}
{"eval": 1118, "purpose": "arclength_fold_corrector", "status": "NUMERICAL_ONLY", "r": 208895.1820182962, "c": "15739016290606893/10000000000000000", "K": "1339797483494233/200000000000000", "L": 0.0018571745972061828}
{"eval": 1119, "purpose": "arclength_fold_corrector", "status": "NUMERICAL_ONLY", "r": 208895.39617392706, "c": "49184394585849/31250000000000", "K": "66989681321270771/10000000000000000", "L": 2.114437232313503e-06}
{"eval": 1120, "purpose": "arclength_fold_corrector", "status": "NUMERICAL_ONLY", "r": 208895.34087790168, "c": "15739008892072253/10000000000000000", "K": "66989731115020783/10000000000000000", "L": 9.590393322353843e-09}
{"eval": 1121, "purpose": "fold_pair_profile", "status": "NUMERICAL_ONLY", "r": 1407.5257351911932, "c": 1.5739008910567047, "K": null, "L": 0.08511541538097706}
{"eval": 1122, "purpose": "fold_pair_profile", "status": "NUMERICAL_ONLY", "r": 28270.91012451958, "c": 1.5739008910567047, "K": null, "L": 0.025389789802460577}
{"eval": 1123, "purpose": "fold_pair_profile", "status": "NUMERICAL_ONLY", "r": 76848.30126548042, "c": 1.5739008910567047, "K": null, "L": 0.008428413098629375}
{"eval": 1124, "purpose": "fold_pair_profile", "status": "NUMERICAL_ONLY", "r": 147206.05871438805, "c": 1.5739008910567047, "K": null, "L": 0.0011656687903358874}
{"eval": 1125, "purpose": "fold_pair_profile", "status": "NUMERICAL_ONLY", "r": 208895.34087790168, "c": 1.5739008910567047, "K": null, "L": -0.000199312597953705}
{"eval": 1126, "purpose": "fold_pair_profile", "status": "NUMERICAL_ONLY", "r": 296436.59929215664, "c": 1.5739008910567047, "K": null, "L": 0.0013915517673467527}
{"eval": 1127, "purpose": "fold_pair_profile", "status": "NUMERICAL_ONLY", "r": 567836.4091581581, "c": 1.5739008910567047, "K": null, "L": 0.018201313539749596}
{"eval": 1128, "purpose": "fold_pair_profile", "status": "NUMERICAL_ONLY", "r": 1543539.3925520566, "c": 1.5739008910567047, "K": null, "L": 0.1327203768422274}
{"eval": 1129, "purpose": "fold_pair_profile", "status": "UNRESOLVED", "r": null, "c": null, "K": null, "L": null}
{"eval": 1130, "purpose": "fold_pair_profile", "status": "UNRESOLVED", "r": null, "c": null, "K": null, "L": null}
{"eval": 1131, "purpose": "fold_pair_profile", "status": "UNRESOLVED", "r": null, "c": null, "K": null, "L": null}
{"eval": 1132, "purpose": "fold_pair_profile", "status": "UNRESOLVED", "r": null, "c": null, "K": null, "L": null}
{"eval": 1133, "purpose": "pair_root_isolation", "status": "NUMERICAL_ONLY", "r": 198487.64850012874, "c": 1.5739008910567047, "K": null, "L": -0.00015799446503748964}
{"eval": 1134, "purpose": "pair_root_isolation", "status": "NUMERICAL_ONLY", "r": 191531.15581145935, "c": 1.5739008910567047, "K": null, "L": -9.938871172996662e-05}
{"eval": 1135, "purpose": "pair_root_isolation", "status": "NUMERICAL_ONLY", "r": 186555.49899301503, "c": 1.5739008910567047, "K": null, "L": -3.7582342344810324e-05}
{"eval": 1136, "purpose": "pair_root_isolation", "status": "NUMERICAL_ONLY", "r": 182188.0208505551, "c": 1.5739008910567047, "K": null, "L": 3.254931252335806e-05}
{"eval": 1137, "purpose": "pair_root_isolation", "status": "NUMERICAL_ONLY", "r": 184202.18036247054, "c": 1.5739008910567047, "K": null, "L": -2.813591795303921e-06}
{"eval": 1138, "purpose": "pair_root_isolation", "status": "NUMERICAL_ONLY", "r": 183999.7664204368, "c": 1.5739008910567047, "K": null, "L": 4.933256332282327e-07}
{"eval": 1139, "purpose": "pair_root_isolation", "status": "NUMERICAL_ONLY", "r": 184029.94839170887, "c": 1.5739008910567047, "K": null, "L": -3.884510165525679e-09}
{"eval": 1140, "purpose": "pair_root_isolation", "status": "NUMERICAL_ONLY", "r": 184026.92997180767, "c": 1.5739008910567047, "K": null, "L": 6.21157541650885e-08}
{"eval": 1141, "purpose": "pair_root_isolation", "status": "NUMERICAL_ONLY", "r": 184029.64654749093, "c": 1.5739008910567047, "K": null, "L": 1.3627896274081394e-08}
{"eval": 1142, "purpose": "pair_root_isolation", "status": "NUMERICAL_ONLY", "r": 218259.2048415869, "c": 1.5739008910567047, "K": null, "L": -0.00020019985956642314}
{"eval": 1143, "purpose": "pair_root_isolation", "status": "NUMERICAL_ONLY", "r": 226827.28427586818, "c": 1.5739008910567047, "K": null, "L": -0.00014392102421283888}
{"eval": 1144, "purpose": "pair_root_isolation", "status": "NUMERICAL_ONLY", "r": 232980.16370107423, "c": 1.5739008910567047, "K": null, "L": -7.691718295541974e-05}
{"eval": 1145, "purpose": "pair_root_isolation", "status": "NUMERICAL_ONLY", "r": 238660.32830760084, "c": 1.5739008910567047, "K": null, "L": -7.472551240447485e-06}
{"eval": 1146, "purpose": "pair_root_isolation", "status": "NUMERICAL_ONLY", "r": 243890.785585695, "c": 1.5739008910567047, "K": null, "L": 7.2292986532285e-05}
{"eval": 1147, "purpose": "pair_root_isolation", "status": "NUMERICAL_ONLY", "r": 239178.28615588552, "c": 1.5739008910567047, "K": null, "L": -2.2691638630876405e-06}
{"eval": 1148, "purpose": "pair_root_isolation", "status": "NUMERICAL_ONLY", "r": 239645.40926344137, "c": 1.5739008910567047, "K": null, "L": 3.810156795606532e-06}
{"eval": 1149, "purpose": "pair_root_isolation", "status": "NUMERICAL_ONLY", "r": 239352.5376701504, "c": 1.5739008910567047, "K": null, "L": -3.5204790813831885e-08}
{"eval": 1150, "purpose": "pair_root_isolation", "status": "NUMERICAL_ONLY", "r": 239381.80871587901, "c": 1.5739008910567047, "K": null, "L": 3.3763282265652466e-07}
{"eval": 1151, "purpose": "arclength_fold_corrector", "status": "NUMERICAL_ONLY", "r": 221393.4165780441, "c": "15740614461465927/10000000000000000", "K": "67020193734016109/10000000000000000", "L": 0.002579466008099056}
{"eval": 1152, "purpose": "arclength_fold_corrector", "status": "NUMERICAL_ONLY", "r": 221393.73687005206, "c": "3148120027225179/2000000000000000", "K": "67019918527122133/10000000000000000", "L": 4.095424701506415e-06}
{"eval": 1153, "purpose": "arclength_fold_corrector", "status": "NUMERICAL_ONLY", "r": 221393.62572177107, "c": "7870302585483693/5000000000000000", "K": "16755003506622641/2500000000000000", "L": 3.511978779405372e-08}
{"eval": 1154, "purpose": "arclength_fold_corrector", "status": "NUMERICAL_ONLY", "r": 221393.62572022434, "c": "15740605171039923/10000000000000000", "K": "67020014027819101/10000000000000000", "L": -1.6352768273311247e-08}
{"eval": 1155, "purpose": "arclength_fold_corrector", "status": "NUMERICAL_ONLY", "r": 221393.62572019917, "c": "3935151292759977/2500000000000000", "K": "67020014027840871/10000000000000000", "L": 1.3755861910415228e-08}
{"eval": 1156, "purpose": "arclength_fold_corrector", "status": "NUMERICAL_ONLY", "r": 221393.62572022158, "c": "7870302585519937/5000000000000000", "K": "67020014027821659/10000000000000000", "L": 1.1436851465808187e-11}
{"eval": 1157, "purpose": "arclength_fold_corrector", "status": "NUMERICAL_ONLY", "r": 221393.62572022196, "c": "7870302585519927/5000000000000000", "K": "33510007013910643/5000000000000000", "L": -6.92524262557593e-09}
{"eval": 1158, "purpose": "arclength_fold_corrector", "status": "NUMERICAL_ONLY", "r": 221393.625720209, "c": "15740605171039943/10000000000000000", "K": "8377501753479043/1250000000000000", "L": 1.7850391227923636e-08}
{"eval": 1159, "purpose": "arclength_fold_corrector", "status": "NUMERICAL_ONLY", "r": 221393.62572023927, "c": "3148121034207969/2000000000000000", "K": "67020014027806383/10000000000000000", "L": -1.4124394309529435e-08}
{"eval": 1160, "purpose": "arclength_fold_corrector", "status": "NUMERICAL_ONLY", "r": 215053.60546662268, "c": "15739811676769091/10000000000000000", "K": "33502481212259223/5000000000000000", "L": 0.0006218896303226366}
{"eval": 1161, "purpose": "arclength_fold_corrector", "status": "NUMERICAL_ONLY", "r": 215053.65989258126, "c": "1573980918479029/1000000000000000", "K": "67004914280293733/10000000000000000", "L": 2.52952934358265e-07}
{"eval": 1162, "purpose": "arclength_fold_corrector", "status": "NUMERICAL_ONLY", "r": 215053.65359447262, "c": "393495236961603/250000000000000", "K": "16751229962801737/2500000000000000", "L": 1.4393084176392886e-08}
{"eval": 1163, "purpose": "arclength_fold_corrector", "status": "NUMERICAL_ONLY", "r": 215053.65359448368, "c": "1573980947846467/1000000000000000", "K": "33502459925598629/5000000000000000", "L": -1.2739586800028072e-08}
{"eval": 1164, "purpose": "arclength_fold_corrector", "status": "NUMERICAL_ONLY", "r": 215053.65359446307, "c": "15739809478464699/10000000000000000", "K": "261737968168811/39062500000000", "L": -1.1416911866868614e-09}
{"eval": 1165, "purpose": "arclength_fold_corrector", "status": "NUMERICAL_ONLY", "r": 215053.65359446153, "c": "15739809478464679/10000000000000000", "K": "67004919851216833/10000000000000000", "L": 2.2682530485308508e-08}
{"eval": 1166, "purpose": "arclength_fold_corrector", "status": "NUMERICAL_ONLY", "r": 215053.65359449707, "c": "1573980947846469/1000000000000000", "K": "67004919851185303/10000000000000000", "L": -6.8457220127111956e-09}
{"eval": 1167, "purpose": "arclength_fold_corrector", "status": "NUMERICAL_ONLY", "r": 215053.65359448714, "c": "3147961895692931/2000000000000000", "K": "3350245992559711/500000000000000", "L": 2.2602113924831258e-08}
{"eval": 1168, "purpose": "arclength_fold_corrector", "status": "NUMERICAL_ONLY", "r": 215053.65359452265, "c": "7869904739232333/5000000000000000", "K": "33502459925581407/5000000000000000", "L": -1.2939293831284074e-08}
{"eval": 1169, "purpose": "arclength_fold_corrector", "status": "NUMERICAL_ONLY", "r": 211952.10831924254, "c": "245928285694073/156250000000000", "K": "6699734676976961/1000000000000000", "L": 0.00015275389443647797}
{"eval": 1170, "purpose": "arclength_fold_corrector", "status": "NUMERICAL_ONLY", "r": 211952.11918063284, "c": "15739409782041309/10000000000000000", "K": "3349866851063549/500000000000000", "L": 2.213601899483621e-08}
{"eval": 1171, "purpose": "arclength_fold_corrector", "status": "NUMERICAL_ONLY", "r": 211952.11880533016, "c": "3147881959959371/2000000000000000", "K": "66997337358097901/10000000000000000", "L": -6.627675541473531e-09}
{"eval": 1172, "purpose": "fold_pair_profile", "status": "NUMERICAL_ONLY", "r": 1428.1221428541808, "c": 1.573940981794359, "K": null, "L": 0.08500007070025342}
{"eval": 1173, "purpose": "fold_pair_profile", "status": "NUMERICAL_ONLY", "r": 28684.600031119542, "c": 1.573940981794359, "K": null, "L": 0.0253520488195959}
{"eval": 1174, "purpose": "fold_pair_profile", "status": "NUMERICAL_ONLY", "r": 77972.82702120801, "c": 1.573940981794359, "K": null, "L": 0.00841602434631902}
{"eval": 1175, "purpose": "fold_pair_profile", "status": "NUMERICAL_ONLY", "r": 149360.13371276198, "c": 1.573940981794359, "K": null, "L": 0.0011684090116921937}
{"eval": 1176, "purpose": "fold_pair_profile", "status": "NUMERICAL_ONLY", "r": 211952.11880533016, "c": 1.573940981794359, "K": null, "L": -0.0002017069564483328}
{"eval": 1177, "purpose": "fold_pair_profile", "status": "NUMERICAL_ONLY", "r": 300774.3736522266, "c": 1.573940981794359, "K": null, "L": 0.0013933850933262025}
{"eval": 1178, "purpose": "fold_pair_profile", "status": "NUMERICAL_ONLY", "r": 576145.5930519217, "c": 1.573940981794359, "K": null, "L": 0.018189830507478133}
{"eval": 1179, "purpose": "fold_pair_profile", "status": "NUMERICAL_ONLY", "r": 1566126.0961397986, "c": 1.573940981794359, "K": null, "L": 0.13252828476789813}
{"eval": 1180, "purpose": "fold_pair_profile", "status": "UNRESOLVED", "r": null, "c": null, "K": null, "L": null}
{"eval": 1181, "purpose": "fold_pair_profile", "status": "UNRESOLVED", "r": null, "c": null, "K": null, "L": null}
{"eval": 1182, "purpose": "fold_pair_profile", "status": "UNRESOLVED", "r": null, "c": null, "K": null, "L": null}
{"eval": 1183, "purpose": "fold_pair_profile", "status": "UNRESOLVED", "r": null, "c": null, "K": null, "L": null}
{"eval": 1184, "purpose": "pair_root_isolation", "status": "NUMERICAL_ONLY", "r": 201307.53866296628, "c": 1.573940981794359, "K": null, "L": -0.00015631279088041251}
{"eval": 1185, "purpose": "pair_root_isolation", "status": "NUMERICAL_ONLY", "r": 194341.10909852354, "c": 1.573940981794359, "K": null, "L": -9.904717457559274e-05}
{"eval": 1186, "purpose": "pair_root_isolation", "status": "NUMERICAL_ONLY", "r": 189291.74664086616, "c": 1.573940981794359, "K": null, "L": -3.349212223963324e-05}
{"eval": 1187, "purpose": "pair_root_isolation", "status": "NUMERICAL_ONLY", "r": 184859.58771153548, "c": 1.573940981794359, "K": null, "L": 3.2585125815509704e-05}
{"eval": 1188, "purpose": "pair_root_isolation", "status": "NUMERICAL_ONLY", "r": 187032.1255919198, "c": 1.573940981794359, "K": null, "L": -1.5613208159150112e-06}
{"eval": 1189, "purpose": "pair_root_isolation", "status": "NUMERICAL_ONLY", "r": 186813.72776376028, "c": 1.573940981794359, "K": null, "L": 1.6791307937616755e-06}
{"eval": 1190, "purpose": "pair_root_isolation", "status": "NUMERICAL_ONLY", "r": 186926.86486292986, "c": 1.573940981794359, "K": null, "L": -1.5829094604893676e-08}
{"eval": 1191, "purpose": "pair_root_isolation", "status": "NUMERICAL_ONLY", "r": 186915.5480704113, "c": 1.573940981794359, "K": null, "L": 1.441003661376705e-07}
{"eval": 1192, "purpose": "pair_root_isolation", "status": "NUMERICAL_ONLY", "r": 186925.73315284593, "c": 1.573940981794359, "K": null, "L": 1.2488869194090004e-08}
{"eval": 1193, "purpose": "pair_root_isolation", "status": "NUMERICAL_ONLY", "r": 221543.63211224703, "c": 1.573940981794359, "K": null, "L": -0.00019428398032478655}
{"eval": 1194, "purpose": "pair_root_isolation", "status": "NUMERICAL_ONLY", "r": 229989.4038621489, "c": 1.573940981794359, "K": null, "L": -0.00014349665112105365}
{"eval": 1195, "purpose": "pair_root_isolation", "status": "NUMERICAL_ONLY", "r": 236244.18525051977, "c": 1.573940981794359, "K": null, "L": -7.736183357909565e-05}
{"eval": 1196, "purpose": "pair_root_isolation", "status": "NUMERICAL_ONLY", "r": 242018.79719129458, "c": 1.573940981794359, "K": null, "L": -1.6526718342495346e-06}
{"eval": 1197, "purpose": "pair_root_isolation", "status": "NUMERICAL_ONLY", "r": 247336.53451117323, "c": 1.573940981794359, "K": null, "L": 6.711648441903886e-05}
{"eval": 1198, "purpose": "pair_root_isolation", "status": "NUMERICAL_ONLY", "r": 242545.3849875776, "c": 1.573940981794359, "K": null, "L": 5.03971337530805e-06}
{"eval": 1199, "purpose": "pair_root_isolation", "status": "NUMERICAL_ONLY", "r": 242148.73064888254, "c": 1.573940981794359, "K": null, "L": -8.056267878279168e-10}
{"eval": 1200, "purpose": "arclength_fold_corrector", "status": "NUMERICAL_ONLY", "r": 215522.77085778656, "c": "15739869941444917/10000000000000000", "K": "1046969799547941/156250000000000", "L": 0.0002047566909519506}
{"eval": 1201, "purpose": "arclength_fold_corrector", "status": "NUMERICAL_ONLY", "r": 215522.78507750705, "c": "7869934646370953/5000000000000000", "K": "16751513644784839/2500000000000000", "L": 5.0619385623154766e-08}
{"eval": 1202, "purpose": "arclength_fold_corrector", "status": "NUMERICAL_ONLY", "r": 215522.78439516903, "c": "3934967331148519/2500000000000000", "K": "16751513795832249/2500000000000000", "L": -7.726405656255701e-09}
{"eval": 1203, "purpose": "arclength_fold_corrector", "status": "NUMERICAL_ONLY", "r": 215522.7843951541, "c": "1967483665574277/1250000000000000", "K": "67006055183342417/10000000000000000", "L": -1.3764916634663195e-08}
{"eval": 1204, "purpose": "arclength_fold_corrector", "status": "NUMERICAL_ONLY", "r": 215522.7843951311, "c": "7869934662297141/5000000000000000", "K": "209393922448009/31250000000000", "L": 1.0122538089800144e-08}
{"eval": 1205, "purpose": "arclength_fold_corrector", "status": "NUMERICAL_ONLY", "r": 215522.7843951472, "c": "7869934662297131/5000000000000000", "K": "13401211036669677/2000000000000000", "L": 1.3329922632340187e-08}
{"eval": 1206, "purpose": "arclength_fold_corrector", "status": "NUMERICAL_ONLY", "r": 215522.78439516787, "c": "15739869324594271/10000000000000000", "K": "16751513795832489/2500000000000000", "L": -1.0765924824096443e-09}
{"eval": 1207, "purpose": "arclength_fold_corrector", "status": "NUMERICAL_ONLY", "r": 215522.7843951713, "c": "393496733114851/250000000000000", "K": "33503027591663539/5000000000000000", "L": -1.3818576711785562e-08}
{"eval": 1208, "purpose": "arclength_fold_corrector", "status": "NUMERICAL_ONLY", "r": 215522.78439514682, "c": "15739869324594171/10000000000000000", "K": "67006055183348829/10000000000000000", "L": 1.7990778260737855e-08}
{"eval": 1209, "purpose": "arclength_fold_corrector", "status": "NUMERICAL_ONLY", "r": 213729.9883827806, "c": "3147927974124177/2000000000000000", "K": "67001702264583063/10000000000000000", "L": 5.0665751851041607e-05}
{"eval": 1210, "purpose": "arclength_fold_corrector", "status": "NUMERICAL_ONLY", "r": 213729.99075154046, "c": "15739639762886133/10000000000000000", "K": "8375212518665659/1250000000000000", "L": 2.2253597827783312e-08}
{"eval": 1211, "purpose": "arclength_fold_corrector", "status": "NUMERICAL_ONLY", "r": 213729.99071005112, "c": "15739639764840501/10000000000000000", "K": "3350085009318549/500000000000000", "L": -1.0094187314777909e-08}
{"eval": 1212, "purpose": "fold_pair_profile", "status": "NUMERICAL_ONLY", "r": 1440.1013495193538, "c": 1.573963978279865, "K": null, "L": 0.08493385568277524}
{"eval": 1213, "purpose": "fold_pair_profile", "status": "NUMERICAL_ONLY", "r": 28925.208828903367, "c": 1.573963978279865, "K": null, "L": 0.025331121436442117}
{"eval": 1214, "purpose": "fold_pair_profile", "status": "NUMERICAL_ONLY", "r": 78626.86954399117, "c": 1.573963978279865, "K": null, "L": 0.008410934852303325}
{"eval": 1215, "purpose": "fold_pair_profile", "status": "NUMERICAL_ONLY", "r": 150612.97886906436, "c": 1.573963978279865, "K": null, "L": 0.0011658513063998492}
{"eval": 1216, "purpose": "fold_pair_profile", "status": "NUMERICAL_ONLY", "r": 213729.99071005112, "c": 1.573963978279865, "K": null, "L": -0.00021248390318007366}
{"eval": 1217, "purpose": "fold_pair_profile", "status": "NUMERICAL_ONLY", "r": 303297.29397777177, "c": 1.573963978279865, "K": null, "L": 0.001396517863741003}
{"eval": 1218, "purpose": "fold_pair_profile", "status": "NUMERICAL_ONLY", "r": 580978.3499438525, "c": 1.573963978279865, "K": null, "L": 0.018181178076193218}
{"eval": 1219, "purpose": "fold_pair_profile", "status": "NUMERICAL_ONLY", "r": 1579262.8913804945, "c": 1.573963978279865, "K": null, "L": 0.13249849925173043}
{"eval": 1220, "purpose": "fold_pair_profile", "status": "UNRESOLVED", "r": null, "c": null, "K": null, "L": null}
{"eval": 1221, "purpose": "fold_pair_profile", "status": "UNRESOLVED", "r": null, "c": null, "K": null, "L": null}
{"eval": 1222, "purpose": "fold_pair_profile", "status": "UNRESOLVED", "r": null, "c": null, "K": null, "L": null}
{"eval": 1223, "purpose": "fold_pair_profile", "status": "UNRESOLVED", "r": null, "c": null, "K": null, "L": null}
{"eval": 1224, "purpose": "pair_root_isolation", "status": "NUMERICAL_ONLY", "r": 202503.57827761144, "c": 1.573963978279865, "K": null, "L": -0.0001523494556010824}
{"eval": 1225, "purpose": "pair_root_isolation", "status": "NUMERICAL_ONLY", "r": 195692.12294788047, "c": 1.573963978279865, "K": null, "L": -9.520480753718153e-05}
{"eval": 1226, "purpose": "pair_root_isolation", "status": "NUMERICAL_ONLY", "r": 190634.8293661565, "c": 1.573963978279865, "K": null, "L": -2.908092636838988e-05}
{"eval": 1227, "purpose": "pair_root_isolation", "status": "NUMERICAL_ONLY", "r": 186195.10735345318, "c": 1.573963978279865, "K": null, "L": 3.795811725287789e-05}
{"eval": 1228, "purpose": "pair_root_isolation", "status": "NUMERICAL_ONLY", "r": 188696.0636321766, "c": 1.573963978279865, "K": null, "L": -5.714877271264908e-07}
{"eval": 1229, "purpose": "pair_root_isolation", "status": "NUMERICAL_ONLY", "r": 188444.4637291559, "c": 1.573963978279865, "K": null, "L": 3.175934120373552e-06}
{"eval": 1230, "purpose": "pair_root_isolation", "status": "NUMERICAL_ONLY", "r": 188657.67255423072, "c": 1.573963978279865, "K": null, "L": 2.3460069415130257e-09}
{"eval": 1231, "purpose": "pair_root_isolation", "status": "NUMERICAL_ONLY", "r": 188661.51131051136, "c": 1.573963978279865, "K": null, "L": -5.115048093785495e-08}
{"eval": 1232, "purpose": "pair_root_isolation", "status": "NUMERICAL_ONLY", "r": 188658.0564263437, "c": 1.573963978279865, "K": null, "L": -8.556746570159053e-09}
{"eval": 1233, "purpose": "pair_root_isolation", "status": "NUMERICAL_ONLY", "r": 223840.6250790554, "c": 1.573963978279865, "K": null, "L": -0.00019085428419219266}
{"eval": 1234, "purpose": "pair_root_isolation", "status": "NUMERICAL_ONLY", "r": 232167.37196544735, "c": 1.573963978279865, "K": null, "L": -0.00013325518946163313}
{"eval": 1235, "purpose": "pair_root_isolation", "status": "NUMERICAL_ONLY", "r": 238455.81651718853, "c": 1.573963978279865, "K": null, "L": -7.464777890006889e-05}
{"eval": 1236, "purpose": "pair_root_isolation", "status": "NUMERICAL_ONLY", "r": 244260.9162833205, "c": 1.573963978279865, "K": null, "L": -2.380496035270703e-06}
{"eval": 1237, "purpose": "pair_root_isolation", "status": "NUMERICAL_ONLY", "r": 249606.23944781232, "c": 1.573963978279865, "K": null, "L": 5.659270677240499e-05}
{"eval": 1238, "purpose": "pair_root_isolation", "status": "NUMERICAL_ONLY", "r": 244790.25653144025, "c": 1.573963978279865, "K": null, "L": 4.015959806496934e-06}
{"eval": 1239, "purpose": "pair_root_isolation", "status": "NUMERICAL_ONLY", "r": 244457.78094682278, "c": 1.573963978279865, "K": null, "L": -9.518781919133201e-09}
{"eval": 1240, "purpose": "pair_root_isolation", "status": "NUMERICAL_ONLY", "r": 244491.00817449318, "c": 1.573963978279865, "K": null, "L": 3.8562623364329446e-07}
{"eval": 1241, "purpose": "pair_root_isolation", "status": "NUMERICAL_ONLY", "r": 244461.10346637305, "c": 1.573963978279865, "K": null, "L": 4.230422722574717e-08}
{"eval": 1242, "purpose": "arclength_fold_corrector", "status": "NUMERICAL_ONLY", "r": 215792.9923371243, "c": "1967487998868657/1250000000000000", "K": "33503356461679923/5000000000000000", "L": 6.759277116111481e-05}
{"eval": 1243, "purpose": "arclength_fold_corrector", "status": "NUMERICAL_ONLY", "r": 215792.99824305152, "c": "15739903720198927/10000000000000000", "K": "33503353846455619/5000000000000000", "L": -2.0192255294064757e-08}
{"eval": 1244, "purpose": "arclength_fold_corrector", "status": "NUMERICAL_ONLY", "r": 215792.99816877072, "c": "15739903723664987/10000000000000000", "K": "33503353879346447/5000000000000000", "L": 5.3434527770747115e-09}
{"eval": 1245, "purpose": "arclength_fold_corrector", "status": "NUMERICAL_ONLY", "r": 215792.99816877994, "c": "3934975930916239/2500000000000000", "K": "33503353879342437/5000000000000000", "L": 9.160852257001078e-09}
{"eval": 1246, "purpose": "arclength_fold_corrector", "status": "NUMERICAL_ONLY", "r": 215792.99816879374, "c": "3934975930916243/2500000000000000", "K": "33503353879336193/5000000000000000", "L": 3.4708658109556304e-09}
{"eval": 1247, "purpose": "arclength_fold_corrector", "status": "NUMERICAL_ONLY", "r": 215792.99816879834, "c": "15739903723665021/10000000000000000", "K": "67006707758668487/10000000000000000", "L": -1.9202806640438426e-08}
{"eval": 1248, "purpose": "arclength_fold_corrector", "status": "NUMERICAL_ONLY", "r": 215792.99816876958, "c": "15739903723664963/10000000000000000", "K": "1675167693967353/250000000000000", "L": 1.926676222210624e-08}
{"eval": 1249, "purpose": "arclength_fold_corrector", "status": "NUMERICAL_ONLY", "r": 215792.9981687991, "c": "3147980744732997/2000000000000000", "K": "67006707758667723/10000000000000000", "L": -3.060823817093634e-10}
{"eval": 1250, "purpose": "arclength_fold_corrector", "status": "NUMERICAL_ONLY", "r": 215792.99816879872, "c": "15739903723664987/10000000000000000", "K": "4187919234916761/625000000000000", "L": -2.0102294142611514e-08}
{"eval": 1251, "purpose": "arclength_fold_corrector", "status": "NUMERICAL_ONLY", "r": 214759.0143568083, "c": "15739771877894879/10000000000000000", "K": "67004206554865409/10000000000000000", "L": 1.6764247615574533e-05}
{"eval": 1252, "purpose": "arclength_fold_corrector", "status": "NUMERICAL_ONLY", "r": 214759.01581060505, "c": "314795436218763/200000000000000", "K": "16751051315286003/2500000000000000", "L": -3.017051835140724e-09}
{"eval": 1253, "purpose": "fold_pair_profile", "status": "NUMERICAL_ONLY", "r": 1447.0348661076148, "c": 1.5739771828791211, "K": null, "L": 0.08489579141116278}
{"eval": 1254, "purpose": "fold_pair_profile", "status": "NUMERICAL_ONLY", "r": 29064.47223234442, "c": 1.5739771828791211, "K": null, "L": 0.02531864276581753}
{"eval": 1255, "purpose": "fold_pair_profile", "status": "NUMERICAL_ONLY", "r": 79005.42672293434, "c": 1.5739771828791211, "K": null, "L": 0.008406713007048223}
{"eval": 1256, "purpose": "fold_pair_profile", "status": "NUMERICAL_ONLY", "r": 151338.1206014463, "c": 1.5739771828791211, "K": null, "L": 0.0011645879710925572}
{"eval": 1257, "purpose": "fold_pair_profile", "status": "NUMERICAL_ONLY", "r": 214759.01581060505, "c": 1.5739771828791211, "K": null, "L": -0.00021293047814466151}
{"eval": 1258, "purpose": "fold_pair_profile", "status": "NUMERICAL_ONLY", "r": 304757.5501046558, "c": 1.5739771828791211, "K": null, "L": 0.0013981671560466444}
{"eval": 1259, "purpose": "fold_pair_profile", "status": "NUMERICAL_ONLY", "r": 583775.5301757165, "c": 1.5739771828791211, "K": null, "L": 0.018173862433099035}
{"eval": 1260, "purpose": "fold_pair_profile", "status": "NUMERICAL_ONLY", "r": 1586866.4155756952, "c": 1.5739771828791211, "K": null, "L": 0.13242960341498722}
{"eval": 1261, "purpose": "fold_pair_profile", "status": "UNRESOLVED", "r": null, "c": null, "K": null, "L": null}
{"eval": 1262, "purpose": "fold_pair_profile", "status": "UNRESOLVED", "r": null, "c": null, "K": null, "L": null}
{"eval": 1263, "purpose": "fold_pair_profile", "status": "UNRESOLVED", "r": null, "c": null, "K": null, "L": null}
{"eval": 1264, "purpose": "fold_pair_profile", "status": "UNRESOLVED", "r": null, "c": null, "K": null, "L": null}
{"eval": 1265, "purpose": "pair_root_isolation", "status": "NUMERICAL_ONLY", "r": 203448.95734002432, "c": 1.5739771828791211, "K": null, "L": -0.0001520562628991228}
{"eval": 1266, "purpose": "pair_root_isolation", "status": "NUMERICAL_ONLY", "r": 196614.01441865723, "c": 1.5739771828791211, "K": null, "L": -8.74800642494675e-05}
{"eval": 1267, "purpose": "pair_root_isolation", "status": "NUMERICAL_ONLY", "r": 191534.87261370217, "c": 1.5739771828791211, "K": null, "L": -2.883477324717341e-05}
{"eval": 1268, "purpose": "pair_root_isolation", "status": "NUMERICAL_ONLY", "r": 187075.92664669795, "c": 1.5739771828791211, "K": null, "L": 3.960248764596581e-05}
{"eval": 1269, "purpose": "pair_root_isolation", "status": "NUMERICAL_ONLY", "r": 189643.36650346042, "c": 1.5739771828791211, "K": null, "L": -1.7879215452209105e-07}
{"eval": 1270, "purpose": "pair_root_isolation", "status": "NUMERICAL_ONLY", "r": 189385.044834205, "c": 1.5739771828791211, "K": null, "L": 3.75469390216994e-06}
{"eval": 1271, "purpose": "pair_root_isolation", "status": "NUMERICAL_ONLY", "r": 189617.51848864637, "c": 1.5739771828791211, "K": null, "L": 2.1776505647963464e-07}
{"eval": 1272, "purpose": "pair_root_isolation", "status": "NUMERICAL_ONLY", "r": 189631.71220720408, "c": 1.5739771828791211, "K": null, "L": 2.6361854886472306e-09}
{"eval": 1273, "purpose": "pair_root_isolation", "status": "NUMERICAL_ONLY", "r": 189632.87760459993, "c": 1.5739771828791211, "K": null, "L": -1.2496078805406932e-08}
{"eval": 1274, "purpose": "pair_root_isolation", "status": "NUMERICAL_ONLY", "r": 224926.62558704335, "c": 1.5739771828791211, "K": null, "L": -0.00019085951060158576}
{"eval": 1275, "purpose": "pair_root_isolation", "status": "NUMERICAL_ONLY", "r": 233284.09870198258, "c": 1.5739771828791211, "K": null, "L": -0.00013315412629661864}
{"eval": 1276, "purpose": "pair_root_isolation", "status": "NUMERICAL_ONLY", "r": 239602.90031129844, "c": 1.5739771828791211, "K": null, "L": -7.663086939526448e-05}
{"eval": 1277, "purpose": "pair_root_isolation", "status": "NUMERICAL_ONLY", "r": 245436.02635297793, "c": 1.5739771828791211, "K": null, "L": -3.5524108422292594e-06}
{"eval": 1278, "purpose": "pair_root_isolation", "status": "NUMERICAL_ONLY", "r": 250807.15815035347, "c": 1.5739771828791211, "K": null, "L": 5.5440765526983314e-05}
{"eval": 1279, "purpose": "pair_root_isolation", "status": "NUMERICAL_ONLY", "r": 245967.92230667753, "c": 1.5739771828791211, "K": null, "L": 2.8615486984867736e-06}
{"eval": 1280, "purpose": "pair_root_isolation", "status": "NUMERICAL_ONLY", "r": 245730.4779233734, "c": 1.5739771828791211, "K": null, "L": -2.1325758275756768e-08}
{"eval": 1281, "purpose": "pair_root_isolation", "status": "NUMERICAL_ONLY", "r": 245754.21204332152, "c": 1.5739771828791211, "K": null, "L": 2.6804515656224853e-07}
{"eval": 1282, "purpose": "pair_root_isolation", "status": "NUMERICAL_ONLY", "r": 245732.85123221748, "c": 1.5739771828791211, "K": null, "L": -7.664104935637929e-09}
{"eval": 1283, "purpose": "arclength_fold_corrector", "status": "NUMERICAL_ONLY", "r": 215948.52140911616, "c": "15739923644456539/10000000000000000", "K": "67007085700175733/10000000000000000", "L": 2.2338306921471083e-05}
{"eval": 1284, "purpose": "arclength_fold_corrector", "status": "NUMERICAL_ONLY", "r": 215948.52456800966, "c": "15739923498637223/10000000000000000", "K": "67007082902808577/10000000000000000", "L": 9.155915539344992e-09}
{"eval": 1285, "purpose": "arclength_fold_corrector", "status": "NUMERICAL_ONLY", "r": 215948.52455994982, "c": "3147984699802823/2000000000000000", "K": "67007082909945721/10000000000000000", "L": -9.906958302832002e-09}
{"eval": 1286, "purpose": "arclength_fold_corrector", "status": "NUMERICAL_ONLY", "r": 215948.52455993218, "c": "245936304672097/156250000000000", "K": "4187942681872579/625000000000000", "L": -1.6777800956073618e-08}
{"eval": 1287, "purpose": "arclength_fold_corrector", "status": "NUMERICAL_ONLY", "r": 215948.52455990645, "c": "15739923499014181/10000000000000000", "K": "33503541454992063/5000000000000000", "L": 3.4526652274025644e-08}
{"eval": 1288, "purpose": "arclength_fold_corrector", "status": "NUMERICAL_ONLY", "r": 215948.52455996093, "c": "1967490437376771/1250000000000000", "K": "67007082909935809/10000000000000000", "L": -4.494953244053522e-08}
{"eval": 1289, "purpose": "arclength_fold_corrector", "status": "NUMERICAL_ONLY", "r": 215948.52455989036, "c": "1573992349901417/1000000000000000", "K": "8375885363749801/1250000000000000", "L": 2.8935376342668534e-08}
{"eval": 1290, "purpose": "arclength_fold_corrector", "status": "NUMERICAL_ONLY", "r": 215948.52455993716, "c": "15739923499014097/10000000000000000", "K": "4187942681872297/625000000000000", "L": -2.08648882572119e-08}
{"eval": 1291, "purpose": "arclength_fold_corrector", "status": "NUMERICAL_ONLY", "r": 215948.52455990072, "c": "15739923499014281/10000000000000000", "K": "67007082909989277/10000000000000000", "L": 4.5004750468345406e-08}
