{"eval": 1846, "purpose": "negative-K center-selected fold correction", "status": "NUMERICAL_TWO_HALF_PASSAGES", "r": "6.757869302562894681715", "c": "0.96860692259239532556862", "K": "-0.00010000000000000000000114", "L": null}
{"eval": 1847, "purpose": "negative-K center-selected fold correction", "status": "NUMERICAL_TWO_HALF_PASSAGES", "r": "6.7578693076930954177287", "c": "0.96860692273277339796192", "K": "-0.00010000000000000000000114", "L": null}
{"eval": 1848, "purpose": "two-sided pair-side stationary/root profile", "status": "NUMERICAL_TWO_HALF_PASSAGES", "r": "4.1521784082505473452083e-05", "c": "0.96860686588575408122875", "K": "-0.00010000000000000000000114", "L": null}
{"eval": 1849, "purpose": "two-sided pair-side stationary/root profile", "status": "NUMERICAL_TWO_HALF_PASSAGES", "r": "0.0024787521766663581108366", "c": "0.96860686588575408122875", "K": "-0.00010000000000000000000114", "L": null}
{"eval": 1850, "purpose": "two-sided pair-side stationary/root profile", "status": "NUMERICAL_TWO_HALF_PASSAGES", "r": "0.0061623791472597175289721", "c": "0.96860686588575408122875", "K": "-0.00010000000000000000000114", "L": null}
{"eval": 1851, "purpose": "two-sided pair-side stationary/root profile", "status": "NUMERICAL_TWO_HALF_PASSAGES", "r": "0.12377469389696679047787", "c": "0.96860686588575408122875", "K": "-0.00010000000000000000000114", "L": null}
{"eval": 1852, "purpose": "two-sided pair-side stationary/root profile", "status": "NUMERICAL_TWO_HALF_PASSAGES", "r": "0.91457815683265679385355", "c": "0.96860686588575408122875", "K": "-0.00010000000000000000000114", "L": null}
{"eval": 1853, "purpose": "two-sided pair-side stationary/root profile", "status": "NUMERICAL_TWO_HALF_PASSAGES", "r": "2.4860811844237777450128", "c": "0.96860686588575408122875", "K": "-0.00010000000000000000000114", "L": null}
{"eval": 1854, "purpose": "two-sided pair-side stationary/root profile", "status": "NUMERICAL_TWO_HALF_PASSAGES", "r": "5.0063527161247915529645", "c": "0.96860686588575408122875", "K": "-0.00010000000000000000000114", "L": null}
{"eval": 1855, "purpose": "two-sided pair-side stationary/root profile", "status": "NUMERICAL_TWO_HALF_PASSAGES", "r": "6.7578693076930954177287", "c": "0.96860686588575408122875", "K": "-0.00010000000000000000000114", "L": null}
{"eval": 1856, "purpose": "two-sided pair-side stationary/root profile", "status": "NUMERICAL_TWO_HALF_PASSAGES", "r": "9.1221694054370712993057", "c": "0.96860686588575408122875", "K": "-0.00010000000000000000000114", "L": null}
{"eval": 1857, "purpose": "two-sided pair-side stationary/root profile", "status": "NUMERICAL_TWO_HALF_PASSAGES", "r": "18.369793338203249581306", "c": "0.96860686588575408122875", "K": "-0.00010000000000000000000114", "L": null}
{"eval": 1858, "purpose": "two-sided pair-side stationary/root profile", "status": "NUMERICAL_TWO_HALF_PASSAGES", "r": "49.934275423785917616404", "c": "0.96860686588575408122875", "K": "-0.00010000000000000000000114", "L": null}
{"eval": 1859, "purpose": "two-sided pair-side stationary/root profile", "status": "NUMERICAL_TWO_HALF_PASSAGES", "r": "368.96716236580821357549", "c": "0.96860686588575408122875", "K": "-0.00010000000000000000000114", "L": null}
{"eval": 1860, "purpose": "two-sided pair-side stationary/root profile", "status": "NUMERICAL_TWO_HALF_PASSAGES", "r": "7410.9035631422201402252", "c": "0.96860686588575408122875", "K": "-0.00010000000000000000000114", "L": null}
{"eval": 1861, "purpose": "two-sided pair-side stationary/root profile", "status": "NUMERICAL_TWO_HALF_PASSAGES", "r": "1099875.6096104781730673", "c": "0.96860686588575408122875", "K": "-0.00010000000000000000000114", "L": null}
{"eval": 1862, "purpose": "two-sided simple-root refinement", "status": "NUMERICAL_TWO_HALF_PASSAGES", "r": "6.361443156879498505088", "c": "0.96860686588575408122875", "K": "-0.00010000000000000000000114", "L": null}
{"eval": 1863, "purpose": "two-sided simple-root refinement", "status": "NUMERICAL_TWO_HALF_PASSAGES", "r": "6.1227781124748082790775", "c": "0.96860686588575408122875", "K": "-0.00010000000000000000000114", "L": null}
{"eval": 1864, "purpose": "two-sided simple-root refinement", "status": "NUMERICAL_TWO_HALF_PASSAGES", "r": "6.0166066147310650999609", "c": "0.96860686588575408122875", "K": "-0.00010000000000000000000114", "L": null}
{"eval": 1865, "purpose": "two-sided simple-root refinement", "status": "NUMERICAL_TWO_HALF_PASSAGES", "r": "5.9758807512342207134137", "c": "0.96860686588575408122875", "K": "-0.00010000000000000000000114", "L": null}
{"eval": 1866, "purpose": "two-sided simple-root refinement", "status": "NUMERICAL_TWO_HALF_PASSAGES", "r": "5.4696770316152397719243", "c": "0.96860686588575408122875", "K": "-0.00010000000000000000000114", "L": null}
{"eval": 1867, "purpose": "two-sided simple-root refinement", "status": "NUMERICAL_TWO_HALF_PASSAGES", "r": "5.9581607015393120026746", "c": "0.96860686588575408122875", "K": "-0.00010000000000000000000114", "L": null}
{"eval": 1868, "purpose": "two-sided simple-root refinement", "status": "NUMERICAL_TWO_HALF_PASSAGES", "r": "5.708696413357616850949", "c": "0.96860686588575408122875", "K": "-0.00010000000000000000000114", "L": null}
{"eval": 1869, "purpose": "two-sided simple-root refinement", "status": "NUMERICAL_TWO_HALF_PASSAGES", "r": "5.8320948746643150504242", "c": "0.96860686588575408122875", "K": "-0.00010000000000000000000114", "L": null}
{"eval": 1870, "purpose": "two-sided simple-root refinement", "status": "NUMERICAL_TWO_HALF_PASSAGES", "r": "7.0882901009977213996859", "c": "0.96860686588575408122875", "K": "-0.00010000000000000000000114", "L": null}
{"eval": 1871, "purpose": "two-sided simple-root refinement", "status": "NUMERICAL_TWO_HALF_PASSAGES", "r": "7.3464057563669625766471", "c": "0.96860686588575408122875", "K": "-0.00010000000000000000000114", "L": null}
{"eval": 1872, "purpose": "two-sided simple-root refinement", "status": "NUMERICAL_TWO_HALF_PASSAGES", "r": "7.5051911489188020978024", "c": "0.96860686588575408122875", "K": "-0.00010000000000000000000114", "L": null}
{"eval": 1873, "purpose": "two-sided simple-root refinement", "status": "NUMERICAL_TWO_HALF_PASSAGES", "r": "7.5888986390836606116435", "c": "0.96860686588575408122875", "K": "-0.00010000000000000000000114", "L": null}
{"eval": 1874, "purpose": "two-sided simple-root refinement", "status": "NUMERICAL_TWO_HALF_PASSAGES", "r": "8.3202895975087306969925", "c": "0.96860686588575408122875", "K": "-0.00010000000000000000000114", "L": null}
{"eval": 1875, "purpose": "two-sided simple-root refinement", "status": "NUMERICAL_TWO_HALF_PASSAGES", "r": "7.6429132496311162278668", "c": "0.96860686588575408122875", "K": "-0.00010000000000000000000114", "L": null}
{"eval": 1876, "purpose": "two-sided simple-root refinement", "status": "NUMERICAL_TWO_HALF_PASSAGES", "r": "7.9744123047135846609271", "c": "0.96860686588575408122875", "K": "-0.00010000000000000000000114", "L": null}
{"eval": 1877, "purpose": "two-sided simple-root refinement", "status": "NUMERICAL_TWO_HALF_PASSAGES", "r": "7.6607052017574380192028", "c": "0.96860686588575408122875", "K": "-0.00010000000000000000000114", "L": null}
POINT 6.7578693076930954177287 0.96860692273277339796192 -0.00010000000000000000000114 BRACKETS 2
{"eval": 1878, "purpose": "negative-K center-selected fold correction", "status": "NUMERICAL_TWO_HALF_PASSAGES", "r": "6.7572015194637299489479", "c": "0.96848352660971510615182", "K": "-0.0009999999999999999999585", "L": null}
{"eval": 1879, "purpose": "negative-K center-selected fold correction", "status": "NUMERICAL_TWO_HALF_PASSAGES", "r": "6.7572019268810632254031", "c": "0.96848353798514854939372", "K": "-0.0009999999999999999999585", "L": null}
{"eval": 1880, "purpose": "two-sided pair-side stationary/root profile", "status": "NUMERICAL_TWO_HALF_PASSAGES", "r": "4.1517683553075811046154e-05", "c": "0.96848296954658863282261", "K": "-0.0009999999999999999999585", "L": null}
{"eval": 1881, "purpose": "two-sided pair-side stationary/root profile", "status": "NUMERICAL_TWO_HALF_PASSAGES", "r": "0.0024787521766663583895104", "c": "0.96848296954658863282261", "K": "-0.0009999999999999999999585", "L": null}
{"eval": 1882, "purpose": "two-sided pair-side stationary/root profile", "status": "NUMERICAL_TWO_HALF_PASSAGES", "r": "0.0061617705747330682442766", "c": "0.96848296954658863282261", "K": "-0.0009999999999999999999585", "L": null}
{"eval": 1883, "purpose": "two-sided pair-side stationary/root profile", "status": "NUMERICAL_TWO_HALF_PASSAGES", "r": "0.12376247039101233865933", "c": "0.96848296954658863282261", "K": "-0.0009999999999999999999585", "L": null}
{"eval": 1884, "purpose": "two-sided pair-side stationary/root profile", "status": "NUMERICAL_TWO_HALF_PASSAGES", "r": "0.91448783666143373656619", "c": "0.96848296954658863282261", "K": "-0.0009999999999999999999585", "L": null}
{"eval": 1885, "purpose": "two-sided pair-side stationary/root profile", "status": "NUMERICAL_TWO_HALF_PASSAGES", "r": "2.4858356687435987986742", "c": "0.96848296954658863282261", "K": "-0.0009999999999999999999585", "L": null}
{"eval": 1886, "purpose": "two-sided pair-side stationary/root profile", "status": "NUMERICAL_TWO_HALF_PASSAGES", "r": "5.0058583082591047441756", "c": "0.96848296954658863282261", "K": "-0.0009999999999999999999585", "L": null}
{"eval": 1887, "purpose": "two-sided pair-side stationary/root profile", "status": "NUMERICAL_TWO_HALF_PASSAGES", "r": "6.7572019268810632254031", "c": "0.96848296954658863282261", "K": "-0.0009999999999999999999585", "L": null}
{"eval": 1888, "purpose": "two-sided pair-side stationary/root profile", "status": "NUMERICAL_TWO_HALF_PASSAGES", "r": "9.1212685355699424189987", "c": "0.96848296954658863282261", "K": "-0.0009999999999999999999585", "L": null}
{"eval": 1889, "purpose": "two-sided pair-side stationary/root profile", "status": "NUMERICAL_TWO_HALF_PASSAGES", "r": "18.367979209069240231419", "c": "0.96848296954658863282261", "K": "-0.0009999999999999999999585", "L": null}
{"eval": 1890, "purpose": "two-sided pair-side stationary/root profile", "status": "NUMERICAL_TWO_HALF_PASSAGES", "r": "49.929344109526461854831", "c": "0.96848296954658863282261", "K": "-0.0009999999999999999999585", "L": null}
{"eval": 1891, "purpose": "two-sided pair-side stationary/root profile", "status": "NUMERICAL_TWO_HALF_PASSAGES", "r": "368.93072460810363830119", "c": "0.96848296954658863282261", "K": "-0.0009999999999999999999585", "L": null}
{"eval": 1892, "purpose": "two-sided pair-side stationary/root profile", "status": "NUMERICAL_TWO_HALF_PASSAGES", "r": "7410.1716912144467279688", "c": "0.96848296954658863282261", "K": "-0.0009999999999999999999585", "L": null}
{"eval": 1893, "purpose": "two-sided pair-side stationary/root profile", "status": "NUMERICAL_TWO_HALF_PASSAGES", "r": "1099766.9901856188281499", "c": "0.96848296954658863282261", "K": "-0.0009999999999999999999585", "L": null}
{"eval": 1894, "purpose": "two-sided simple-root refinement", "status": "NUMERICAL_TWO_HALF_PASSAGES", "r": "6.3608014924043816398433", "c": "0.96848296954658863282261", "K": "-0.0009999999999999999999585", "L": null}
{"eval": 1895, "purpose": "two-sided simple-root refinement", "status": "NUMERICAL_TWO_HALF_PASSAGES", "r": "6.1221582888375174922799", "c": "0.96848296954658863282261", "K": "-0.0009999999999999999999585", "L": null}
{"eval": 1896, "purpose": "two-sided simple-root refinement", "status": "NUMERICAL_TWO_HALF_PASSAGES", "r": "6.0160011812019374586799", "c": "0.96848296954658863282261", "K": "-0.0009999999999999999999585", "L": null}
{"eval": 1897, "purpose": "two-sided simple-root refinement", "status": "NUMERICAL_TWO_HALF_PASSAGES", "r": "5.9752827924804813911584", "c": "0.96848296954658863282261", "K": "-0.0009999999999999999999585", "L": null}
{"eval": 1898, "purpose": "two-sided simple-root refinement", "status": "NUMERICAL_TWO_HALF_PASSAGES", "r": "5.4691332961389852941776", "c": "0.96848296954658863282261", "K": "-0.0009999999999999999999585", "L": null}
{"eval": 1899, "purpose": "two-sided simple-root refinement", "status": "NUMERICAL_TWO_HALF_PASSAGES", "r": "5.9575670564561412933559", "c": "0.96848296954658863282261", "K": "-0.0009999999999999999999585", "L": null}
{"eval": 1900, "purpose": "two-sided simple-root refinement", "status": "NUMERICAL_TWO_HALF_PASSAGES", "r": "5.7081282704968191983944", "c": "0.96848296954658863282261", "K": "-0.0009999999999999999999585", "L": null}
{"eval": 1901, "purpose": "two-sided simple-root refinement", "status": "NUMERICAL_TWO_HALF_PASSAGES", "r": "5.831514120564042655704", "c": "0.96848296954658863282261", "K": "-0.0009999999999999999999585", "L": null}
{"eval": 1902, "purpose": "two-sided simple-root refinement", "status": "NUMERICAL_TWO_HALF_PASSAGES", "r": "7.0875777732707737227059", "c": "0.96848296954658863282261", "K": "-0.0009999999999999999999585", "L": null}
{"eval": 1903, "purpose": "two-sided simple-root refinement", "status": "NUMERICAL_TWO_HALF_PASSAGES", "r": "7.3456622525489583038633", "c": "0.96848296954658863282261", "K": "-0.0009999999999999999999585", "L": null}
{"eval": 1904, "purpose": "two-sided simple-root refinement", "status": "NUMERICAL_TWO_HALF_PASSAGES", "r": "7.5044330353260047090057", "c": "0.96848296954658863282261", "K": "-0.0009999999999999999999585", "L": null}
{"eval": 1905, "purpose": "two-sided simple-root refinement", "status": "NUMERICAL_TWO_HALF_PASSAGES", "r": "7.5881356284159928501237", "c": "0.96848296954658863282261", "K": "-0.0009999999999999999999585", "L": null}
{"eval": 1906, "purpose": "two-sided simple-root refinement", "status": "NUMERICAL_TWO_HALF_PASSAGES", "r": "8.3194604843768593894701", "c": "0.96848296954658863282261", "K": "-0.0009999999999999999999585", "L": null}
{"eval": 1907, "purpose": "two-sided simple-root refinement", "status": "NUMERICAL_TWO_HALF_PASSAGES", "r": "7.6421496724108196009137", "c": "0.96848296954658863282261", "K": "-0.0009999999999999999999585", "L": null}
{"eval": 1908, "purpose": "two-sided simple-root refinement", "status": "NUMERICAL_TWO_HALF_PASSAGES", "r": "7.9736166333299078757407", "c": "0.96848296954658863282261", "K": "-0.0009999999999999999999585", "L": null}
{"eval": 1909, "purpose": "two-sided simple-root refinement", "status": "NUMERICAL_TWO_HALF_PASSAGES", "r": "7.6599420858603295783097", "c": "0.96848296954658863282261", "K": "-0.0009999999999999999999585", "L": null}
POINT 6.7572019268810632254031 0.96848353798514854939372 -0.0009999999999999999999585 BRACKETS 2
{"eval": 1910, "purpose": "negative-K center-selected fold correction", "status": "NUMERICAL_TWO_HALF_PASSAGES", "r": "6.7505358048420031282129", "c": "0.96724980430436323120555", "K": "-0.0099999999999999999997967", "L": null}
{"eval": 1911, "purpose": "negative-K center-selected fold correction", "status": "NUMERICAL_TWO_HALF_PASSAGES", "r": "6.7505763247434179435448", "c": "0.96725094677149606398406", "K": "-0.0099999999999999999997967", "L": null}
{"eval": 1912, "purpose": "negative-K center-selected fold correction", "status": "NUMERICAL_TWO_HALF_PASSAGES", "r": "6.7505763524901349669285", "c": "0.96725094676823326564092", "K": "-0.0099999999999999999997967", "L": null}
{"eval": 1913, "purpose": "two-sided pair-side stationary/root profile", "status": "NUMERICAL_TWO_HALF_PASSAGES", "r": "4.1476974617055174610189e-05", "c": "0.96724526565862868762117", "K": "-0.0099999999999999999997967", "L": null}
{"eval": 1914, "purpose": "two-sided pair-side stationary/root profile", "status": "NUMERICAL_TWO_HALF_PASSAGES", "r": "0.0024787521766663579327479", "c": "0.96724526565862868762117", "K": "-0.0099999999999999999997967", "L": null}
{"eval": 1915, "purpose": "two-sided pair-side stationary/root profile", "status": "NUMERICAL_TWO_HALF_PASSAGES", "r": "0.0061557288329345409176627", "c": "0.96724526565862868762117", "K": "-0.0099999999999999999997967", "L": null}
{"eval": 1916, "purpose": "two-sided pair-side stationary/root profile", "status": "NUMERICAL_TWO_HALF_PASSAGES", "r": "0.1236411187630376517626", "c": "0.96724526565862868762117", "K": "-0.0099999999999999999997967", "L": null}
{"eval": 1917, "purpose": "two-sided pair-side stationary/root profile", "status": "NUMERICAL_TWO_HALF_PASSAGES", "r": "0.91359116267463221302972", "c": "0.96724526565862868762117", "K": "-0.0099999999999999999997967", "L": null}
{"eval": 1918, "purpose": "two-sided pair-side stationary/root profile", "status": "NUMERICAL_TWO_HALF_PASSAGES", "r": "2.4833982561392242917244", "c": "0.96724526565862868762117", "K": "-0.0099999999999999999997967", "L": null}
{"eval": 1919, "purpose": "two-sided pair-side stationary/root profile", "status": "NUMERICAL_TWO_HALF_PASSAGES", "r": "5.0009499620278229149208", "c": "0.96724526565862868762117", "K": "-0.0099999999999999999997967", "L": null}
{"eval": 1920, "purpose": "two-sided pair-side stationary/root profile", "status": "NUMERICAL_TWO_HALF_PASSAGES", "r": "6.7505763524901349669285", "c": "0.96724526565862868762117", "K": "-0.0099999999999999999997967", "L": null}
{"eval": 1921, "purpose": "two-sided pair-side stationary/root profile", "status": "NUMERICAL_TWO_HALF_PASSAGES", "r": "9.1123249456230978968879", "c": "0.96724526565862868762117", "K": "-0.0099999999999999999997967", "L": null}
{"eval": 1922, "purpose": "two-sided pair-side stationary/root profile", "status": "NUMERICAL_TWO_HALF_PASSAGES", "r": "18.349969030599276340748", "c": "0.96724526565862868762117", "K": "-0.0099999999999999999997967", "L": null}
{"eval": 1923, "purpose": "two-sided pair-side stationary/root profile", "status": "NUMERICAL_TWO_HALF_PASSAGES", "r": "49.880387368664254679057", "c": "0.96724526565862868762117", "K": "-0.0099999999999999999997967", "L": null}
{"eval": 1924, "purpose": "two-sided pair-side stationary/root profile", "status": "NUMERICAL_TWO_HALF_PASSAGES", "r": "368.56898050345197898059", "c": "0.96724526565862868762117", "K": "-0.0099999999999999999997967", "L": null}
{"eval": 1925, "purpose": "two-sided pair-side stationary/root profile", "status": "NUMERICAL_TWO_HALF_PASSAGES", "r": "7402.9058666437203606314", "c": "0.96724526565862868762117", "K": "-0.0099999999999999999997967", "L": null}
{"eval": 1926, "purpose": "two-sided pair-side stationary/root profile", "status": "NUMERICAL_TWO_HALF_PASSAGES", "r": "1098688.6462075922055419", "c": "0.96724526565862868762117", "K": "-0.0099999999999999999997967", "L": null}
{"eval": 1927, "purpose": "two-sided simple-root refinement", "status": "NUMERICAL_TWO_HALF_PASSAGES", "r": "6.3544308202843525668242", "c": "0.96724526565862868762117", "K": "-0.0099999999999999999997967", "L": null}
{"eval": 1928, "purpose": "two-sided simple-root refinement", "status": "NUMERICAL_TWO_HALF_PASSAGES", "r": "6.116004507657068713436", "c": "0.96724526565862868762117", "K": "-0.0099999999999999999997967", "L": null}
{"eval": 1929, "purpose": "two-sided simple-root refinement", "status": "NUMERICAL_TWO_HALF_PASSAGES", "r": "6.0099904567598692660228", "c": "0.96724526565862868762117", "K": "-0.0099999999999999999997967", "L": null}
{"eval": 1930, "purpose": "two-sided simple-root refinement", "status": "NUMERICAL_TWO_HALF_PASSAGES", "r": "5.9693463814951295636456", "c": "0.96724526565862868762117", "K": "-0.0099999999999999999997967", "L": null}
{"eval": 1931, "purpose": "two-sided simple-root refinement", "status": "NUMERICAL_TWO_HALF_PASSAGES", "r": "5.4637352205125195203812", "c": "0.96724526565862868762117", "K": "-0.0099999999999999999997967", "L": null}
{"eval": 1932, "purpose": "two-sided simple-root refinement", "status": "NUMERICAL_TWO_HALF_PASSAGES", "r": "5.9516735556383916711312", "c": "0.96724526565862868762117", "K": "-0.0099999999999999999997967", "L": null}
{"eval": 1933, "purpose": "two-sided simple-root refinement", "status": "NUMERICAL_TWO_HALF_PASSAGES", "r": "5.7024879155447983319731", "c": "0.96724526565862868762117", "K": "-0.0099999999999999999997967", "L": null}
{"eval": 1934, "purpose": "two-sided simple-root refinement", "status": "NUMERICAL_TWO_HALF_PASSAGES", "r": "5.8257485809375150584595", "c": "0.96724526565862868762117", "K": "-0.0099999999999999999997967", "L": null}
{"eval": 1935, "purpose": "two-sided simple-root refinement", "status": "NUMERICAL_TWO_HALF_PASSAGES", "r": "7.0805057221498803529669", "c": "0.96724526565862868762117", "K": "-0.0099999999999999999997967", "L": null}
{"eval": 1936, "purpose": "two-sided simple-root refinement", "status": "NUMERICAL_TWO_HALF_PASSAGES", "r": "7.3382806520124811535191", "c": "0.96724526565862868762117", "K": "-0.0099999999999999999997967", "L": null}
{"eval": 1937, "purpose": "two-sided simple-root refinement", "status": "NUMERICAL_TWO_HALF_PASSAGES", "r": "7.4969064876667705931736", "c": "0.96724526565862868762117", "K": "-0.0099999999999999999997967", "L": null}
{"eval": 1938, "purpose": "two-sided simple-root refinement", "status": "NUMERICAL_TWO_HALF_PASSAGES", "r": "7.5805605953407754018548", "c": "0.96724526565862868762117", "K": "-0.0099999999999999999997967", "L": null}
{"eval": 1939, "purpose": "two-sided simple-root refinement", "status": "NUMERICAL_TWO_HALF_PASSAGES", "r": "8.3112292360836269883989", "c": "0.96724526565862868762117", "K": "-0.0099999999999999999997967", "L": null}
{"eval": 1940, "purpose": "two-sided simple-root refinement", "status": "NUMERICAL_TWO_HALF_PASSAGES", "r": "7.6345692028676860551271", "c": "0.96724526565862868762117", "K": "-0.0099999999999999999997967", "L": null}
{"eval": 1941, "purpose": "two-sided simple-root refinement", "status": "NUMERICAL_TWO_HALF_PASSAGES", "r": "7.9657174669817145990121", "c": "0.96724526565862868762117", "K": "-0.0099999999999999999997967", "L": null}
{"eval": 1942, "purpose": "two-sided simple-root refinement", "status": "NUMERICAL_TWO_HALF_PASSAGES", "r": "7.652366268942485817272", "c": "0.96724526565862868762117", "K": "-0.0099999999999999999997967", "L": null}
POINT 6.7505763524901349669285 0.96725094676823326564092 -0.0099999999999999999997967 BRACKETS 2
{"eval": 1943, "purpose": "negative-K center-selected fold correction", "status": "NUMERICAL_TWO_HALF_PASSAGES", "r": "6.7359658895734524728521", "c": "0.96451440306099333818479", "K": "-0.02999999999999999999939", "L": null}
{"eval": 1944, "purpose": "negative-K center-selected fold correction", "status": "NUMERICAL_TWO_HALF_PASSAGES", "r": "6.7361642929389746892871", "c": "0.96452012942982038982715", "K": "-0.02999999999999999999939", "L": null}
{"eval": 1945, "purpose": "negative-K center-selected fold correction", "status": "NUMERICAL_TWO_HALF_PASSAGES", "r": "6.7361645175352011937105", "c": "0.96452012934891156141623", "K": "-0.02999999999999999999939", "L": null}
{"eval": 1946, "purpose": "two-sided pair-side stationary/root profile", "status": "NUMERICAL_TWO_HALF_PASSAGES", "r": "4.1388425242690943218822e-05", "c": "0.96450311004363732816187", "K": "-0.02999999999999999999939", "L": null}
{"eval": 1947, "purpose": "two-sided pair-side stationary/root profile", "status": "NUMERICAL_TWO_HALF_PASSAGES", "r": "0.002478752176666359220238", "c": "0.96450311004363732816187", "K": "-0.02999999999999999999939", "L": null}
{"eval": 1948, "purpose": "two-sided pair-side stationary/root profile", "status": "NUMERICAL_TWO_HALF_PASSAGES", "r": "0.0061425869405485886259177", "c": "0.96450311004363732816187", "K": "-0.02999999999999999999939", "L": null}
{"eval": 1949, "purpose": "two-sided pair-side stationary/root profile", "status": "NUMERICAL_TWO_HALF_PASSAGES", "r": "0.12337715679827904813402", "c": "0.96450311004363732816187", "K": "-0.02999999999999999999939", "L": null}
{"eval": 1950, "purpose": "two-sided pair-side stationary/root profile", "status": "NUMERICAL_TWO_HALF_PASSAGES", "r": "0.91164073290904693556719", "c": "0.96450311004363732816187", "K": "-0.02999999999999999999939", "L": null}
{"eval": 1951, "purpose": "two-sided pair-side stationary/root profile", "status": "NUMERICAL_TWO_HALF_PASSAGES", "r": "2.4780964383497481964315", "c": "0.96450311004363732816187", "K": "-0.02999999999999999999939", "L": null}
{"eval": 1952, "purpose": "two-sided pair-side stationary/root profile", "status": "NUMERICAL_TWO_HALF_PASSAGES", "r": "4.9902734120997502913729", "c": "0.96450311004363732816187", "K": "-0.02999999999999999999939", "L": null}
{"eval": 1953, "purpose": "two-sided pair-side stationary/root profile", "status": "NUMERICAL_TWO_HALF_PASSAGES", "r": "6.7361645175352011937105", "c": "0.96450311004363732816187", "K": "-0.02999999999999999999939", "L": null}
{"eval": 1954, "purpose": "two-sided pair-side stationary/root profile", "status": "NUMERICAL_TWO_HALF_PASSAGES", "r": "9.0928710032758488339411", "c": "0.96450311004363732816187", "K": "-0.02999999999999999999939", "L": null}
{"eval": 1955, "purpose": "two-sided pair-side stationary/root profile", "status": "NUMERICAL_TWO_HALF_PASSAGES", "r": "18.310793601526528981069", "c": "0.96450311004363732816187", "K": "-0.02999999999999999999939", "L": null}
{"eval": 1956, "purpose": "two-sided pair-side stationary/root profile", "status": "NUMERICAL_TWO_HALF_PASSAGES", "r": "49.77389751169371934908", "c": "0.96450311004363732816187", "K": "-0.02999999999999999999939", "L": null}
{"eval": 1957, "purpose": "two-sided pair-side stationary/root profile", "status": "NUMERICAL_TWO_HALF_PASSAGES", "r": "367.78212097632959229343", "c": "0.96450311004363732816187", "K": "-0.02999999999999999999939", "L": null}
{"eval": 1958, "purpose": "two-sided pair-side stationary/root profile", "status": "NUMERICAL_TWO_HALF_PASSAGES", "r": "7387.1013705583416748546", "c": "0.96450311004363732816187", "K": "-0.02999999999999999999939", "L": null}
{"eval": 1959, "purpose": "two-sided pair-side stationary/root profile", "status": "NUMERICAL_TWO_HALF_PASSAGES", "r": "1096343.0510155368494907", "c": "0.96450311004363732816187", "K": "-0.02999999999999999999939", "L": null}
{"eval": 1960, "purpose": "two-sided simple-root refinement", "status": "NUMERICAL_TWO_HALF_PASSAGES", "r": "6.3405708508513338810507", "c": "0.96450311004363732816187", "K": "-0.02999999999999999999939", "L": null}
{"eval": 1961, "purpose": "two-sided simple-root refinement", "status": "NUMERICAL_TWO_HALF_PASSAGES", "r": "6.1026166479412570619462", "c": "0.96450311004363732816187", "K": "-0.02999999999999999999939", "L": null}
{"eval": 1962, "purpose": "two-sided simple-root refinement", "status": "NUMERICAL_TWO_HALF_PASSAGES", "r": "5.9969150088108599001152", "c": "0.96450311004363732816187", "K": "-0.02999999999999999999939", "L": null}
{"eval": 1963, "purpose": "two-sided simple-root refinement", "status": "NUMERICAL_TWO_HALF_PASSAGES", "r": "5.9564334192166537521734", "c": "0.96450311004363732816187", "K": "-0.02999999999999999999939", "L": null}
{"eval": 1964, "purpose": "two-sided simple-root refinement", "status": "NUMERICAL_TWO_HALF_PASSAGES", "r": "5.4519933348142744274772", "c": "0.96450311004363732816187", "K": "-0.02999999999999999999939", "L": null}
{"eval": 1965, "purpose": "two-sided simple-root refinement", "status": "NUMERICAL_TWO_HALF_PASSAGES", "r": "5.9388544443713952893094", "c": "0.96450311004363732816187", "K": "-0.02999999999999999999939", "L": null}
{"eval": 1966, "purpose": "two-sided simple-root refinement", "status": "NUMERICAL_TWO_HALF_PASSAGES", "r": "5.6902192266330985570208", "c": "0.96450311004363732816187", "K": "-0.02999999999999999999939", "L": null}
{"eval": 1967, "purpose": "two-sided simple-root refinement", "status": "NUMERICAL_TWO_HALF_PASSAGES", "r": "5.8132076982968311227098", "c": "0.96450311004363732816187", "K": "-0.02999999999999999999939", "L": null}
{"eval": 1968, "purpose": "two-sided simple-root refinement", "status": "NUMERICAL_TWO_HALF_PASSAGES", "r": "7.0651210032593088441501", "c": "0.96450311004363732816187", "K": "-0.02999999999999999999939", "L": null}
{"eval": 1969, "purpose": "two-sided simple-root refinement", "status": "NUMERICAL_TWO_HALF_PASSAGES", "r": "7.3222221938674661358831", "c": "0.96450311004363732816187", "K": "-0.02999999999999999999939", "L": null}
{"eval": 1970, "purpose": "two-sided simple-root refinement", "status": "NUMERICAL_TWO_HALF_PASSAGES", "r": "7.4805333724731245472091", "c": "0.96450311004363732816187", "K": "-0.02999999999999999999939", "L": null}
{"eval": 1971, "purpose": "two-sided simple-root refinement", "status": "NUMERICAL_TWO_HALF_PASSAGES", "r": "7.5640829100208746924722", "c": "0.96450311004363732816187", "K": "-0.02999999999999999999939", "L": null}
{"eval": 1972, "purpose": "two-sided simple-root refinement", "status": "NUMERICAL_TWO_HALF_PASSAGES", "r": "8.293324433476795622816", "c": "0.96450311004363732816187", "K": "-0.02999999999999999999939", "L": null}
{"eval": 1973, "purpose": "two-sided simple-root refinement", "status": "NUMERICAL_TWO_HALF_PASSAGES", "r": "7.6180808701149902652412", "c": "0.96450311004363732816187", "K": "-0.02999999999999999999939", "L": null}
{"eval": 1974, "purpose": "two-sided simple-root refinement", "status": "NUMERICAL_TWO_HALF_PASSAGES", "r": "7.9485354761947697994733", "c": "0.96450311004363732816187", "K": "-0.02999999999999999999939", "L": null}
{"eval": 1975, "purpose": "two-sided simple-root refinement", "status": "NUMERICAL_TWO_HALF_PASSAGES", "r": "7.635888596093460594684", "c": "0.96450311004363732816187", "K": "-0.02999999999999999999939", "L": null}
POINT 6.7361645175352011937105 0.96452012934891156141623 -0.02999999999999999999939 BRACKETS 2
{"eval": 1976, "purpose": "negative-K center-selected fold correction", "status": "NUMERICAL_TWO_HALF_PASSAGES", "r": "6.7219810356888988474126", "c": "0.96179508210510156407868", "K": "-0.050000000000000000000678", "L": null}
{"eval": 1977, "purpose": "negative-K center-selected fold correction", "status": "NUMERICAL_TWO_HALF_PASSAGES", "r": "6.7221772299581044342841", "c": "0.96180093882987508581471", "K": "-0.050000000000000000000678", "L": null}
{"eval": 1978, "purpose": "negative-K center-selected fold correction", "status": "NUMERICAL_TWO_HALF_PASSAGES", "r": "6.7221773648223616119853", "c": "0.96180093874713090289002", "K": "-0.050000000000000000000678", "L": null}
{"eval": 1979, "purpose": "two-sided pair-side stationary/root profile", "status": "NUMERICAL_TWO_HALF_PASSAGES", "r": "4.1302485206204826078246e-05", "c": "0.9617726182322054652332", "K": "-0.050000000000000000000678", "L": null}
{"eval": 1980, "purpose": "two-sided pair-side stationary/root profile", "status": "NUMERICAL_TWO_HALF_PASSAGES", "r": "0.0024787521766663580542971", "c": "0.9617726182322054652332", "K": "-0.050000000000000000000678", "L": null}
{"eval": 1981, "purpose": "two-sided pair-side stationary/root profile", "status": "NUMERICAL_TWO_HALF_PASSAGES", "r": "0.0061298323082402932844592", "c": "0.9617726182322054652332", "K": "-0.050000000000000000000678", "L": null}
{"eval": 1982, "purpose": "two-sided pair-side stationary/root profile", "status": "NUMERICAL_TWO_HALF_PASSAGES", "r": "0.12312097316010909970577", "c": "0.9617726182322054652332", "K": "-0.050000000000000000000678", "L": null}
{"eval": 1983, "purpose": "two-sided pair-side stationary/root profile", "status": "NUMERICAL_TWO_HALF_PASSAGES", "r": "0.90974777763498103518285", "c": "0.9617726182322054652332", "K": "-0.050000000000000000000678", "L": null}
{"eval": 1984, "purpose": "two-sided pair-side stationary/root profile", "status": "NUMERICAL_TWO_HALF_PASSAGES", "r": "2.4729508524261691476426", "c": "0.9617726182322054652332", "K": "-0.050000000000000000000678", "L": null}
{"eval": 1985, "purpose": "two-sided pair-side stationary/root profile", "status": "NUMERICAL_TWO_HALF_PASSAGES", "r": "4.9799114745146210092228", "c": "0.9617726182322054652332", "K": "-0.050000000000000000000678", "L": null}
{"eval": 1986, "purpose": "two-sided pair-side stationary/root profile", "status": "NUMERICAL_TWO_HALF_PASSAGES", "r": "6.7221773648223616119853", "c": "0.9617726182322054652332", "K": "-0.050000000000000000000678", "L": null}
{"eval": 1987, "purpose": "two-sided pair-side stationary/root profile", "status": "NUMERICAL_TWO_HALF_PASSAGES", "r": "9.0739903219935117394124", "c": "0.9617726182322054652332", "K": "-0.050000000000000000000678", "L": null}
{"eval": 1988, "purpose": "two-sided pair-side stationary/root profile", "status": "NUMERICAL_TWO_HALF_PASSAGES", "r": "18.272772578475335508719", "c": "0.9617726182322054652332", "K": "-0.050000000000000000000678", "L": null}
{"eval": 1989, "purpose": "two-sided pair-side stationary/root profile", "status": "NUMERICAL_TWO_HALF_PASSAGES", "r": "49.670545655634237649373", "c": "0.9617726182322054652332", "K": "-0.050000000000000000000678", "L": null}
{"eval": 1990, "purpose": "two-sided pair-side stationary/root profile", "status": "NUMERICAL_TWO_HALF_PASSAGES", "r": "367.01844831397747634383", "c": "0.9617726182322054652332", "K": "-0.050000000000000000000678", "L": null}
{"eval": 1991, "purpose": "two-sided pair-side stationary/root profile", "status": "NUMERICAL_TWO_HALF_PASSAGES", "r": "7371.7625951014392211569", "c": "0.9617726182322054652332", "K": "-0.050000000000000000000678", "L": null}
{"eval": 1992, "purpose": "two-sided pair-side stationary/root profile", "status": "NUMERICAL_TWO_HALF_PASSAGES", "r": "1094066.574893212888469", "c": "0.9617726182322054652332", "K": "-0.050000000000000000000678", "L": null}
{"eval": 1993, "purpose": "two-sided simple-root refinement", "status": "NUMERICAL_TWO_HALF_PASSAGES", "r": "6.327115687582483897957", "c": "0.9617726182322054652332", "K": "-0.050000000000000000000678", "L": null}
{"eval": 1994, "purpose": "two-sided simple-root refinement", "status": "NUMERICAL_TWO_HALF_PASSAGES", "r": "6.0896201429354664723739", "c": "0.9617726182322054652332", "K": "-0.050000000000000000000678", "L": null}
{"eval": 1995, "purpose": "two-sided simple-root refinement", "status": "NUMERICAL_TWO_HALF_PASSAGES", "r": "5.9842234317594186297079", "c": "0.9617726182322054652332", "K": "-0.050000000000000000000678", "L": null}
{"eval": 1996, "purpose": "two-sided simple-root refinement", "status": "NUMERICAL_TWO_HALF_PASSAGES", "r": "5.9439007117837236128174", "c": "0.9617726182322054652332", "K": "-0.050000000000000000000678", "L": null}
{"eval": 1997, "purpose": "two-sided simple-root refinement", "status": "NUMERICAL_TWO_HALF_PASSAGES", "r": "5.440597334667158439369", "c": "0.9617726182322054652332", "K": "-0.050000000000000000000678", "L": null}
{"eval": 1998, "purpose": "two-sided simple-root refinement", "status": "NUMERICAL_TWO_HALF_PASSAGES", "r": "5.9264135408843331906392", "c": "0.9617726182322054652332", "K": "-0.050000000000000000000678", "L": null}
{"eval": 1999, "purpose": "two-sided simple-root refinement", "status": "NUMERICAL_TWO_HALF_PASSAGES", "r": "5.6783122241270477686438", "c": "0.9617726182322054652332", "K": "-0.050000000000000000000678", "L": null}
{"eval": 2000, "purpose": "two-sided simple-root refinement", "status": "NUMERICAL_TWO_HALF_PASSAGES", "r": "5.8010366706680600453437", "c": "0.9617726182322054652332", "K": "-0.050000000000000000000678", "L": null}
{"eval": 2001, "purpose": "two-sided simple-root refinement", "status": "NUMERICAL_TWO_HALF_PASSAGES", "r": "7.0501872375838432549858", "c": "0.9617726182322054652332", "K": "-0.050000000000000000000678", "L": null}
{"eval": 2002, "purpose": "two-sided simple-root refinement", "status": "NUMERICAL_TWO_HALF_PASSAGES", "r": "7.3066339681830531306225", "c": "0.9617726182322054652332", "K": "-0.050000000000000000000678", "L": null}
{"eval": 2003, "purpose": "two-sided simple-root refinement", "status": "NUMERICAL_TWO_HALF_PASSAGES", "r": "7.4646406454316012722174", "c": "0.9617726182322054652332", "K": "-0.050000000000000000000678", "L": null}
{"eval": 2004, "purpose": "two-sided simple-root refinement", "status": "NUMERICAL_TWO_HALF_PASSAGES", "r": "7.5480899441310940530675", "c": "0.9617726182322054652332", "K": "-0.050000000000000000000678", "L": null}
{"eval": 2005, "purpose": "two-sided simple-root refinement", "status": "NUMERICAL_TWO_HALF_PASSAGES", "r": "8.2759467798302143361905", "c": "0.9617726182322054652332", "K": "-0.050000000000000000000678", "L": null}
{"eval": 2006, "purpose": "two-sided simple-root refinement", "status": "NUMERICAL_TWO_HALF_PASSAGES", "r": "7.6020792125956093421291", "c": "0.9617726182322054652332", "K": "-0.050000000000000000000678", "L": null}
{"eval": 2007, "purpose": "two-sided simple-root refinement", "status": "NUMERICAL_TWO_HALF_PASSAGES", "r": "7.9318599949504179653231", "c": "0.9617726182322054652332", "K": "-0.050000000000000000000678", "L": null}
{"eval": 2008, "purpose": "two-sided simple-root refinement", "status": "NUMERICAL_TWO_HALF_PASSAGES", "r": "7.6198980344643831978148", "c": "0.9617726182322054652332", "K": "-0.050000000000000000000678", "L": null}
POINT 6.7221773648223616119853 0.96180093874713090289002 -0.050000000000000000000678 BRACKETS 2
{"eval": 2009, "purpose": "negative-K center-selected fold correction", "status": "NUMERICAL_TWO_HALF_PASSAGES", "r": "6.6878231345489220225145", "c": "0.95501771028461978073646", "K": "-0.10000000000000000000136", "L": null}
{"eval": 2010, "purpose": "negative-K center-selected fold correction", "status": "NUMERICAL_TWO_HALF_PASSAGES", "r": "6.6890233826447120274623", "c": "0.95505548951337312647532", "K": "-0.10000000000000000000136", "L": null}
{"eval": 2011, "purpose": "negative-K center-selected fold correction", "status": "NUMERICAL_TWO_HALF_PASSAGES", "r": "6.6890259882258611299696", "c": "0.95505548617558295261196", "K": "-0.10000000000000000000136", "L": null}
{"eval": 2012, "purpose": "two-sided pair-side stationary/root profile", "status": "NUMERICAL_TWO_HALF_PASSAGES", "r": "4.1098796108590772114496e-05", "c": "0.95499911236134790487508", "K": "-0.10000000000000000000136", "L": null}
{"eval": 2013, "purpose": "two-sided pair-side stationary/root profile", "status": "NUMERICAL_TWO_HALF_PASSAGES", "r": "0.002478752176666359086195", "c": "0.95499911236134790487508", "K": "-0.10000000000000000000136", "L": null}
{"eval": 2014, "purpose": "two-sided pair-side stationary/root profile", "status": "NUMERICAL_TWO_HALF_PASSAGES", "r": "0.0060996021657886384373741", "c": "0.95499911236134790487508", "K": "-0.10000000000000000000136", "L": null}
{"eval": 2015, "purpose": "two-sided pair-side stationary/root profile", "status": "NUMERICAL_TWO_HALF_PASSAGES", "r": "0.12251378451770316330193", "c": "0.95499911236134790487508", "K": "-0.10000000000000000000136", "L": null}
{"eval": 2016, "purpose": "two-sided pair-side stationary/root profile", "status": "NUMERICAL_TWO_HALF_PASSAGES", "r": "0.90526122669361002917717", "c": "0.95499911236134790487508", "K": "-0.10000000000000000000136", "L": null}
{"eval": 2017, "purpose": "two-sided pair-side stationary/root profile", "status": "NUMERICAL_TWO_HALF_PASSAGES", "r": "2.4607551425297845189028", "c": "0.95499911236134790487508", "K": "-0.10000000000000000000136", "L": null}
{"eval": 2018, "purpose": "two-sided pair-side stationary/root profile", "status": "NUMERICAL_TWO_HALF_PASSAGES", "r": "4.9553523306912519779885", "c": "0.95499911236134790487508", "K": "-0.10000000000000000000136", "L": null}
{"eval": 2019, "purpose": "two-sided pair-side stationary/root profile", "status": "NUMERICAL_TWO_HALF_PASSAGES", "r": "6.6890259882258611299696", "c": "0.95499911236134790487508", "K": "-0.10000000000000000000136", "L": null}
{"eval": 2020, "purpose": "two-sided pair-side stationary/root profile", "status": "NUMERICAL_TWO_HALF_PASSAGES", "r": "9.0292406443114565832778", "c": "0.95499911236134790487508", "K": "-0.10000000000000000000136", "L": null}
{"eval": 2021, "purpose": "two-sided pair-side stationary/root profile", "status": "NUMERICAL_TWO_HALF_PASSAGES", "r": "18.182657793884665778719", "c": "0.95499911236134790487508", "K": "-0.10000000000000000000136", "L": null}
{"eval": 2022, "purpose": "two-sided pair-side stationary/root profile", "status": "NUMERICAL_TWO_HALF_PASSAGES", "r": "49.425588274205918940668", "c": "0.95499911236134790487508", "K": "-0.10000000000000000000136", "L": null}
{"eval": 2023, "purpose": "two-sided pair-side stationary/root profile", "status": "NUMERICAL_TWO_HALF_PASSAGES", "r": "365.20844448075647639684", "c": "0.95499911236134790487508", "K": "-0.10000000000000000000136", "L": null}
{"eval": 2024, "purpose": "two-sided pair-side stationary/root profile", "status": "NUMERICAL_TWO_HALF_PASSAGES", "r": "7335.4076962781676134462", "c": "0.95499911236134790487508", "K": "-0.10000000000000000000136", "L": null}
{"eval": 2025, "purpose": "two-sided pair-side stationary/root profile", "status": "NUMERICAL_TWO_HALF_PASSAGES", "r": "1088671.0295099966044745", "c": "0.95499911236134790487508", "K": "-0.10000000000000000000136", "L": null}
{"eval": 2026, "purpose": "two-sided simple-root refinement", "status": "NUMERICAL_TWO_HALF_PASSAGES", "r": "6.2952092475863120246866", "c": "0.95499911236134790487508", "K": "-0.10000000000000000000136", "L": null}
{"eval": 2027, "purpose": "two-sided simple-root refinement", "status": "NUMERICAL_TWO_HALF_PASSAGES", "r": "6.0588027935143119475335", "c": "0.95499911236134790487508", "K": "-0.10000000000000000000136", "L": null}
{"eval": 2028, "purpose": "two-sided simple-root refinement", "status": "NUMERICAL_TWO_HALF_PASSAGES", "r": "5.9541363867829883893719", "c": "0.95499911236134790487508", "K": "-0.10000000000000000000136", "L": null}
{"eval": 2029, "purpose": "two-sided simple-root refinement", "status": "NUMERICAL_TWO_HALF_PASSAGES", "r": "5.9141953872370799311434", "c": "0.95499911236134790487508", "K": "-0.10000000000000000000136", "L": null}
{"eval": 2030, "purpose": "two-sided simple-root refinement", "status": "NUMERICAL_TWO_HALF_PASSAGES", "r": "5.4135867866238844992727", "c": "0.95499911236134790487508", "K": "-0.10000000000000000000136", "L": null}
{"eval": 2031, "purpose": "two-sided simple-root refinement", "status": "NUMERICAL_TWO_HALF_PASSAGES", "r": "5.8969289969251540714859", "c": "0.95499911236134790487508", "K": "-0.10000000000000000000136", "L": null}
{"eval": 2032, "purpose": "two-sided simple-root refinement", "status": "NUMERICAL_TWO_HALF_PASSAGES", "r": "5.6500917602648942561147", "c": "0.95499911236134790487508", "K": "-0.10000000000000000000136", "L": null}
{"eval": 2033, "purpose": "two-sided simple-root refinement", "status": "NUMERICAL_TWO_HALF_PASSAGES", "r": "5.7721910862681894563778", "c": "0.95499911236134790487508", "K": "-0.10000000000000000000136", "L": null}
{"eval": 2034, "purpose": "two-sided simple-root refinement", "status": "NUMERICAL_TWO_HALF_PASSAGES", "r": "7.014781614431005612488", "c": "0.95499911236134790487508", "K": "-0.10000000000000000000136", "L": null}
{"eval": 2035, "purpose": "two-sided simple-root refinement", "status": "NUMERICAL_TWO_HALF_PASSAGES", "r": "7.2696746525970740299138", "c": "0.95499911236134790487508", "K": "-0.10000000000000000000136", "L": null}
{"eval": 2036, "purpose": "two-sided simple-root refinement", "status": "NUMERICAL_TWO_HALF_PASSAGES", "r": "7.4269635659619353037358", "c": "0.95499911236134790487508", "K": "-0.10000000000000000000136", "L": null}
{"eval": 2037, "purpose": "two-sided simple-root refinement", "status": "NUMERICAL_TWO_HALF_PASSAGES", "r": "7.5101808346452471024275", "c": "0.95499911236134790487508", "K": "-0.10000000000000000000136", "L": null}
{"eval": 2038, "purpose": "two-sided simple-root refinement", "status": "NUMERICAL_TWO_HALF_PASSAGES", "r": "8.2347574365191719180171", "c": "0.95499911236134790487508", "K": "-0.10000000000000000000136", "L": null}
{"eval": 2039, "purpose": "two-sided simple-root refinement", "status": "NUMERICAL_TWO_HALF_PASSAGES", "r": "7.5641567540080951437785", "c": "0.95499911236134790487508", "K": "-0.10000000000000000000136", "L": null}
{"eval": 2040, "purpose": "two-sided simple-root refinement", "status": "NUMERICAL_TWO_HALF_PASSAGES", "r": "7.8923378083470858276524", "c": "0.95499911236134790487508", "K": "-0.10000000000000000000136", "L": null}
{"eval": 2041, "purpose": "two-sided simple-root refinement", "status": "NUMERICAL_TWO_HALF_PASSAGES", "r": "7.5820051766862954943302", "c": "0.95499911236134790487508", "K": "-0.10000000000000000000136", "L": null}
POINT 6.6890259882258611299696 0.95505548617558295261196 -0.10000000000000000000136 BRACKETS 2
{"eval": 2042, "purpose": "negative-K center-selected fold correction", "status": "NUMERICAL_TWO_HALF_PASSAGES", "r": "6.6255753200819039816852", "c": "0.94164138998505669158386", "K": "-0.20000000000000000000271", "L": null}
{"eval": 2043, "purpose": "negative-K center-selected fold correction", "status": "NUMERICAL_TWO_HALF_PASSAGES", "r": "6.6301568472081716812752", "c": "0.94180212570889932841272", "K": "-0.20000000000000000000271", "L": null}
{"eval": 2044, "purpose": "negative-K center-selected fold correction", "status": "NUMERICAL_TWO_HALF_PASSAGES", "r": "6.6301774016260925283944", "c": "0.94180206944744434020486", "K": "-0.20000000000000000000271", "L": null}
{"eval": 2045, "purpose": "two-sided pair-side stationary/root profile", "status": "NUMERICAL_TWO_HALF_PASSAGES", "r": "4.073721789582856892633e-05", "c": "0.94169073320497218661023", "K": "-0.20000000000000000000271", "L": null}
{"eval": 2046, "purpose": "two-sided pair-side stationary/root profile", "status": "NUMERICAL_TWO_HALF_PASSAGES", "r": "0.002478752176666358724512", "c": "0.94169073320497218661023", "K": "-0.20000000000000000000271", "L": null}
{"eval": 2047, "purpose": "two-sided pair-side stationary/root profile", "status": "NUMERICAL_TWO_HALF_PASSAGES", "r": "0.0060459392009699362811079", "c": "0.94169073320497218661023", "K": "-0.20000000000000000000271", "L": null}
{"eval": 2048, "purpose": "two-sided pair-side stationary/root profile", "status": "NUMERICAL_TWO_HALF_PASSAGES", "r": "0.12143593505642940034138", "c": "0.94169073320497218661023", "K": "-0.20000000000000000000271", "L": null}
{"eval": 2049, "purpose": "two-sided pair-side stationary/root profile", "status": "NUMERICAL_TWO_HALF_PASSAGES", "r": "0.89729693655805601524558", "c": "0.94169073320497218661023", "K": "-0.20000000000000000000271", "L": null}
{"eval": 2050, "purpose": "two-sided pair-side stationary/root profile", "status": "NUMERICAL_TWO_HALF_PASSAGES", "r": "2.4391059573777324166136", "c": "0.94169073320497218661023", "K": "-0.20000000000000000000271", "L": null}
{"eval": 2051, "purpose": "two-sided pair-side stationary/root profile", "status": "NUMERICAL_TWO_HALF_PASSAGES", "r": "4.9117562254767774170341", "c": "0.94169073320497218661023", "K": "-0.20000000000000000000271", "L": null}
{"eval": 2052, "purpose": "two-sided pair-side stationary/root profile", "status": "NUMERICAL_TWO_HALF_PASSAGES", "r": "6.6301774016260925283944", "c": "0.94169073320497218661023", "K": "-0.20000000000000000000271", "L": null}
{"eval": 2053, "purpose": "two-sided pair-side stationary/root profile", "status": "NUMERICAL_TWO_HALF_PASSAGES", "r": "8.9498033613763597841212", "c": "0.94169073320497218661023", "K": "-0.20000000000000000000271", "L": null}
{"eval": 2054, "purpose": "two-sided pair-side stationary/root profile", "status": "NUMERICAL_TWO_HALF_PASSAGES", "r": "18.02269075030001631646", "c": "0.94169073320497218661023", "K": "-0.20000000000000000000271", "L": null}
{"eval": 2055, "purpose": "two-sided pair-side stationary/root profile", "status": "NUMERICAL_TWO_HALF_PASSAGES", "r": "48.990752766477450218241", "c": "0.94169073320497218661023", "K": "-0.20000000000000000000271", "L": null}
{"eval": 2056, "purpose": "two-sided pair-side stationary/root profile", "status": "NUMERICAL_TWO_HALF_PASSAGES", "r": "361.99542052034382871861", "c": "0.94169073320497218661023", "K": "-0.20000000000000000000271", "L": null}
{"eval": 2057, "purpose": "two-sided pair-side stationary/root profile", "status": "NUMERICAL_TWO_HALF_PASSAGES", "r": "7270.8723848862127070447", "c": "0.94169073320497218661023", "K": "-0.20000000000000000000271", "L": null}
{"eval": 2058, "purpose": "two-sided pair-side stationary/root profile", "status": "NUMERICAL_TWO_HALF_PASSAGES", "r": "1079093.1400726480765115", "c": "0.94169073320497218661023", "K": "-0.20000000000000000000271", "L": null}
{"eval": 2059, "purpose": "two-sided simple-root refinement", "status": "NUMERICAL_TWO_HALF_PASSAGES", "r": "6.2385014298241928914872", "c": "0.94169073320497218661023", "K": "-0.20000000000000000000271", "L": null}
{"eval": 2060, "purpose": "two-sided simple-root refinement", "status": "NUMERICAL_TWO_HALF_PASSAGES", "r": "6.0040367860334398456175", "c": "0.94169073320497218661023", "K": "-0.20000000000000000000271", "L": null}
{"eval": 2061, "purpose": "two-sided simple-root refinement", "status": "NUMERICAL_TWO_HALF_PASSAGES", "r": "5.9006995371260616135671", "c": "0.94169073320497218661023", "K": "-0.20000000000000000000271", "L": null}
{"eval": 2062, "purpose": "two-sided simple-root refinement", "status": "NUMERICAL_TWO_HALF_PASSAGES", "r": "5.8614586467929359649143", "c": "0.94169073320497218661023", "K": "-0.20000000000000000000271", "L": null}
{"eval": 2063, "purpose": "two-sided simple-root refinement", "status": "NUMERICAL_TWO_HALF_PASSAGES", "r": "5.3656365883984251273151", "c": "0.94169073320497218661023", "K": "-0.20000000000000000000271", "L": null}
{"eval": 2064, "purpose": "two-sided simple-root refinement", "status": "NUMERICAL_TWO_HALF_PASSAGES", "r": "5.8445981871271307545208", "c": "0.94169073320497218661023", "K": "-0.20000000000000000000271", "L": null}
{"eval": 2065, "purpose": "two-sided simple-root refinement", "status": "NUMERICAL_TWO_HALF_PASSAGES", "r": "5.5999990961906804722709", "c": "0.94169073320497218661023", "K": "-0.20000000000000000000271", "L": null}
{"eval": 2066, "purpose": "two-sided simple-root refinement", "status": "NUMERICAL_TWO_HALF_PASSAGES", "r": "5.7209915718789187710248", "c": "0.94169073320497218661023", "K": "-0.20000000000000000000271", "L": null}
{"eval": 2067, "purpose": "two-sided simple-root refinement", "status": "NUMERICAL_TWO_HALF_PASSAGES", "r": "6.9518846251891617620509", "c": "0.94169073320497218661023", "K": "-0.20000000000000000000271", "L": null}
{"eval": 2068, "purpose": "two-sided simple-root refinement", "status": "NUMERICAL_TWO_HALF_PASSAGES", "r": "7.2040085348747954271248", "c": "0.94169073320497218661023", "K": "-0.20000000000000000000271", "L": null}
{"eval": 2069, "purpose": "two-sided simple-root refinement", "status": "NUMERICAL_TWO_HALF_PASSAGES", "r": "7.3600407111441269875085", "c": "0.94169073320497218661023", "K": "-0.20000000000000000000271", "L": null}
{"eval": 2070, "purpose": "two-sided simple-root refinement", "status": "NUMERICAL_TWO_HALF_PASSAGES", "r": "7.4428703921732839968346", "c": "0.94169073320497218661023", "K": "-0.20000000000000000000271", "L": null}
{"eval": 2071, "purpose": "two-sided simple-root refinement", "status": "NUMERICAL_TWO_HALF_PASSAGES", "r": "8.1616313598545384378966", "c": "0.94169073320497218661023", "K": "-0.20000000000000000000271", "L": null}
{"eval": 2072, "purpose": "two-sided simple-root refinement", "status": "NUMERICAL_TWO_HALF_PASSAGES", "r": "7.4968540930071581275193", "c": "0.94169073320497218661023", "K": "-0.20000000000000000000271", "L": null}
{"eval": 2073, "purpose": "two-sided simple-root refinement", "status": "NUMERICAL_TWO_HALF_PASSAGES", "r": "7.8221838041394216758766", "c": "0.94169073320497218661023", "K": "-0.20000000000000000000271", "L": null}
{"eval": 2074, "purpose": "two-sided simple-root refinement", "status": "NUMERICAL_TWO_HALF_PASSAGES", "r": "7.5147693214800241104899", "c": "0.94169073320497218661023", "K": "-0.20000000000000000000271", "L": null}
POINT 6.6301774016260925283944 0.94180206944744434020486 -0.20000000000000000000271 BRACKETS 2
{"eval": 2075, "purpose": "negative-K center-selected fold correction", "status": "NUMERICAL_TWO_HALF_PASSAGES", "r": "6.522912557728598075598", "c": "0.91562536111798632125838", "K": "-0.40000000000000000000542", "L": null}
{"eval": 2076, "purpose": "negative-K center-selected fold correction", "status": "NUMERICAL_TWO_HALF_PASSAGES", "r": "6.5394994512602762936661", "c": "0.91633128663110926289802", "K": "-0.40000000000000000000542", "L": null}
{"eval": 2077, "purpose": "negative-K center-selected fold correction", "status": "NUMERICAL_TWO_HALF_PASSAGES", "r": "6.5396617495551065605934", "c": "0.91633034646482614590107", "K": "-0.40000000000000000000542", "L": null}
{"eval": 2078, "purpose": "negative-K center-selected fold correction", "status": "NUMERICAL_TWO_HALF_PASSAGES", "r": "6.5396617424274705184482", "c": "0.91633034646630129153606", "K": "-0.40000000000000000000542", "L": null}
{"eval": 2079, "purpose": "two-sided pair-side stationary/root profile", "status": "NUMERICAL_TWO_HALF_PASSAGES", "r": "4.018107046441074936927e-05", "c": "0.91611569771918664620378", "K": "-0.40000000000000000000542", "L": null}
{"eval": 2080, "purpose": "two-sided pair-side stationary/root profile", "status": "NUMERICAL_TWO_HALF_PASSAGES", "r": "0.0024787521766663595975912", "c": "0.91611569771918664620378", "K": "-0.40000000000000000000542", "L": null}
{"eval": 2081, "purpose": "two-sided pair-side stationary/root profile", "status": "NUMERICAL_TWO_HALF_PASSAGES", "r": "0.0059633996037464341174454", "c": "0.91611569771918664620378", "K": "-0.40000000000000000000542", "L": null}
{"eval": 2082, "purpose": "two-sided pair-side stationary/root profile", "status": "NUMERICAL_TWO_HALF_PASSAGES", "r": "0.11977808292877170932692", "c": "0.91611569771918664620378", "K": "-0.40000000000000000000542", "L": null}
{"eval": 2083, "purpose": "two-sided pair-side stationary/root profile", "status": "NUMERICAL_TWO_HALF_PASSAGES", "r": "0.88504697418306179854119", "c": "0.91611569771918664620378", "K": "-0.40000000000000000000542", "L": null}
{"eval": 2084, "purpose": "two-sided pair-side stationary/root profile", "status": "NUMERICAL_TWO_HALF_PASSAGES", "r": "2.4058071072544786289486", "c": "0.91611569771918664620378", "K": "-0.40000000000000000000542", "L": null}
{"eval": 2085, "purpose": "two-sided pair-side stationary/root profile", "status": "NUMERICAL_TWO_HALF_PASSAGES", "r": "4.8447005758854214904109", "c": "0.91611569771918664620378", "K": "-0.40000000000000000000542", "L": null}
{"eval": 2086, "purpose": "two-sided pair-side stationary/root profile", "status": "NUMERICAL_TWO_HALF_PASSAGES", "r": "6.5396617424274705184482", "c": "0.91611569771918664620378", "K": "-0.40000000000000000000542", "L": null}
{"eval": 2087, "purpose": "two-sided pair-side stationary/root profile", "status": "NUMERICAL_TWO_HALF_PASSAGES", "r": "8.8276200015835520028273", "c": "0.91611569771918664620378", "K": "-0.40000000000000000000542", "L": null}
{"eval": 2088, "purpose": "two-sided pair-side stationary/root profile", "status": "NUMERICAL_TWO_HALF_PASSAGES", "r": "17.776643678709410282754", "c": "0.91611569771918664620378", "K": "-0.40000000000000000000542", "L": null}
{"eval": 2089, "purpose": "two-sided pair-side stationary/root profile", "status": "NUMERICAL_TWO_HALF_PASSAGES", "r": "48.321927482827144045147", "c": "0.91611569771918664620378", "K": "-0.40000000000000000000542", "L": null}
{"eval": 2090, "purpose": "two-sided pair-side stationary/root profile", "status": "NUMERICAL_TWO_HALF_PASSAGES", "r": "357.05343297906851177115", "c": "0.91611569771918664620378", "K": "-0.40000000000000000000542", "L": null}
{"eval": 2091, "purpose": "two-sided pair-side stationary/root profile", "status": "NUMERICAL_TWO_HALF_PASSAGES", "r": "7171.6099116519938903025", "c": "0.91611569771918664620378", "K": "-0.40000000000000000000542", "L": null}
{"eval": 2092, "purpose": "two-sided pair-side stationary/root profile", "status": "NUMERICAL_TWO_HALF_PASSAGES", "r": "1064361.2828396227076837", "c": "0.91611569771918664620378", "K": "-0.40000000000000000000542", "L": null}
{"eval": 2093, "purpose": "two-sided simple-root refinement", "status": "NUMERICAL_TWO_HALF_PASSAGES", "r": "6.1509933215964106229326", "c": "0.91611569771918664620378", "K": "-0.40000000000000000000542", "L": null}
{"eval": 2094, "purpose": "two-sided simple-root refinement", "status": "NUMERICAL_TWO_HALF_PASSAGES", "r": "5.9195483389403537760089", "c": "0.91611569771918664620378", "K": "-0.40000000000000000000542", "L": null}
{"eval": 2095, "purpose": "two-sided simple-root refinement", "status": "NUMERICAL_TWO_HALF_PASSAGES", "r": "5.8183890114065937339272", "c": "0.91611569771918664620378", "K": "-0.40000000000000000000542", "L": null}
{"eval": 2096, "purpose": "two-sided simple-root refinement", "status": "NUMERICAL_TWO_HALF_PASSAGES", "r": "5.7803177322425449992903", "c": "0.91611569771918664620378", "K": "-0.40000000000000000000542", "L": null}
{"eval": 2097, "purpose": "two-sided simple-root refinement", "status": "NUMERICAL_TWO_HALF_PASSAGES", "r": "5.2918719415908177603619", "c": "0.91611569771918664620378", "K": "-0.40000000000000000000542", "L": null}
{"eval": 2098, "purpose": "two-sided simple-root refinement", "status": "NUMERICAL_TWO_HALF_PASSAGES", "r": "5.7641404158730276223455", "c": "0.91611569771918664620378", "K": "-0.40000000000000000000542", "L": null}
{"eval": 2099, "purpose": "two-sided simple-root refinement", "status": "NUMERICAL_TWO_HALF_PASSAGES", "r": "5.5229605225954768203331", "c": "0.91611569771918664620378", "K": "-0.40000000000000000000542", "L": null}
{"eval": 2100, "purpose": "two-sided simple-root refinement", "status": "NUMERICAL_TWO_HALF_PASSAGES", "r": "5.6422619545324024003044", "c": "0.91611569771918664620378", "K": "-0.40000000000000000000542", "L": null}
{"eval": 2101, "purpose": "two-sided simple-root refinement", "status": "NUMERICAL_TWO_HALF_PASSAGES", "r": "6.8549442852364155212737", "c": "0.91611569771918664620378", "K": "-0.40000000000000000000542", "L": null}
{"eval": 2102, "purpose": "two-sided simple-root refinement", "status": "NUMERICAL_TWO_HALF_PASSAGES", "r": "7.1027615842626445944417", "c": "0.91611569771918664620378", "K": "-0.40000000000000000000542", "L": null}
{"eval": 2103, "purpose": "two-sided simple-root refinement", "status": "NUMERICAL_TWO_HALF_PASSAGES", "r": "7.2569338304488089593826", "c": "0.91611569771918664620378", "K": "-0.40000000000000000000542", "L": null}
{"eval": 2104, "purpose": "two-sided simple-root refinement", "status": "NUMERICAL_TWO_HALF_PASSAGES", "r": "7.3392687901499878647821", "c": "0.91611569771918664620378", "K": "-0.40000000000000000000542", "L": null}
{"eval": 2105, "purpose": "two-sided simple-root refinement", "status": "NUMERICAL_TWO_HALF_PASSAGES", "r": "8.04911647132316937156", "c": "0.91611569771918664620378", "K": "-0.40000000000000000000542", "L": null}
{"eval": 2106, "purpose": "two-sided simple-root refinement", "status": "NUMERICAL_TWO_HALF_PASSAGES", "r": "7.3933941975044302091259", "c": "0.91611569771918664620378", "K": "-0.40000000000000000000542", "L": null}
{"eval": 2107, "purpose": "two-sided simple-root refinement", "status": "NUMERICAL_TWO_HALF_PASSAGES", "r": "7.7142913487965992722084", "c": "0.91611569771918664620378", "K": "-0.40000000000000000000542", "L": null}
{"eval": 2108, "purpose": "two-sided simple-root refinement", "status": "NUMERICAL_TWO_HALF_PASSAGES", "r": "7.4114704741027359305612", "c": "0.91611569771918664620378", "K": "-0.40000000000000000000542", "L": null}
POINT 6.5396617424274705184482 0.91633034646630129153606 -0.40000000000000000000542 BRACKETS 2
{"eval": 2109, "purpose": "negative-K center-selected fold correction", "status": "NUMERICAL_TWO_HALF_PASSAGES", "r": "6.4298242501805676677416", "c": "0.87921715712925809665425", "K": "-0.69999999999999999998916", "L": null}
{"eval": 2110, "purpose": "negative-K center-selected fold correction", "status": "NUMERICAL_TWO_HALF_PASSAGES", "r": "6.4608616430470842354611", "c": "0.88095521995932103015165", "K": "-0.69999999999999999998916", "L": null}
{"eval": 2111, "purpose": "negative-K center-selected fold correction", "status": "NUMERICAL_TWO_HALF_PASSAGES", "r": "6.4613440223008957435241", "c": "0.88095077390129956646913", "K": "-0.69999999999999999998916", "L": null}
{"eval": 2112, "purpose": "negative-K center-selected fold correction", "status": "NUMERICAL_TWO_HALF_PASSAGES", "r": "6.4613439608832013197857", "c": "0.88095077392814155435715", "K": "-0.69999999999999999998916", "L": null}
{"eval": 2113, "purpose": "two-sided pair-side stationary/root profile", "status": "NUMERICAL_TWO_HALF_PASSAGES", "r": "3.9699869383561190482639e-05", "c": "0.8806036745555316484638", "K": "-0.69999999999999999998916", "L": null}
{"eval": 2114, "purpose": "two-sided pair-side stationary/root profile", "status": "NUMERICAL_TWO_HALF_PASSAGES", "r": "0.0024787521766663578529151", "c": "0.8806036745555316484638", "K": "-0.69999999999999999998916", "L": null}
{"eval": 2115, "purpose": "two-sided pair-side stationary/root profile", "status": "NUMERICAL_TWO_HALF_PASSAGES", "r": "0.0058919830311739767065714", "c": "0.8806036745555316484638", "K": "-0.69999999999999999998916", "L": null}
{"eval": 2116, "purpose": "two-sided pair-side stationary/root profile", "status": "NUMERICAL_TWO_HALF_PASSAGES", "r": "0.11834364272344010432823", "c": "0.8806036745555316484638", "K": "-0.69999999999999999998916", "L": null}
{"eval": 2117, "purpose": "two-sided pair-side stationary/root profile", "status": "NUMERICAL_TWO_HALF_PASSAGES", "r": "0.87444781503530496840834", "c": "0.8806036745555316484638", "K": "-0.69999999999999999998916", "L": null}
{"eval": 2118, "purpose": "two-sided pair-side stationary/root profile", "status": "NUMERICAL_TWO_HALF_PASSAGES", "r": "2.3769956055461857770666", "c": "0.8806036745555316484638", "K": "-0.69999999999999999998916", "L": null}
{"eval": 2119, "purpose": "two-sided pair-side stationary/root profile", "status": "NUMERICAL_TWO_HALF_PASSAGES", "r": "4.7866813363140564997061", "c": "0.8806036745555316484638", "K": "-0.69999999999999999998916", "L": null}
{"eval": 2120, "purpose": "two-sided pair-side stationary/root profile", "status": "NUMERICAL_TWO_HALF_PASSAGES", "r": "6.4613439608832013197857", "c": "0.8806036745555316484638", "K": "-0.69999999999999999998916", "L": null}
{"eval": 2121, "purpose": "two-sided pair-side stationary/root profile", "status": "NUMERICAL_TWO_HALF_PASSAGES", "r": "8.721902054376206880372", "c": "0.8806036745555316484638", "K": "-0.69999999999999999998916", "L": null}
{"eval": 2122, "purpose": "two-sided pair-side stationary/root profile", "status": "NUMERICAL_TWO_HALF_PASSAGES", "r": "17.563753876292398137943", "c": "0.8806036745555316484638", "K": "-0.69999999999999999998916", "L": null}
{"eval": 2123, "purpose": "two-sided pair-side stationary/root profile", "status": "NUMERICAL_TWO_HALF_PASSAGES", "r": "47.74323300145274340256", "c": "0.8806036745555316484638", "K": "-0.69999999999999999998916", "L": null}
{"eval": 2124, "purpose": "two-sided pair-side stationary/root profile", "status": "NUMERICAL_TWO_HALF_PASSAGES", "r": "352.77742699205148713126", "c": "0.8806036745555316484638", "K": "-0.69999999999999999998916", "L": null}
{"eval": 2125, "purpose": "two-sided pair-side stationary/root profile", "status": "NUMERICAL_TWO_HALF_PASSAGES", "r": "7085.7240355159919151795", "c": "0.8806036745555316484638", "K": "-0.69999999999999999998916", "L": null}
{"eval": 2126, "purpose": "two-sided pair-side stationary/root profile", "status": "NUMERICAL_TWO_HALF_PASSAGES", "r": "1051614.6886399860594565", "c": "0.8806036745555316484638", "K": "-0.69999999999999999998916", "L": null}
{"eval": 2127, "purpose": "two-sided simple-root refinement", "status": "NUMERICAL_TWO_HALF_PASSAGES", "r": "6.0744912087981344506193", "c": "0.8806036745555316484638", "K": "-0.69999999999999999998916", "L": null}
{"eval": 2128, "purpose": "two-sided simple-root refinement", "status": "NUMERICAL_TWO_HALF_PASSAGES", "r": "5.8457384251151673897756", "c": "0.8806036745555316484638", "K": "-0.69999999999999999998916", "L": null}
{"eval": 2129, "purpose": "two-sided simple-root refinement", "status": "NUMERICAL_TWO_HALF_PASSAGES", "r": "5.7468236677525265745405", "c": "0.8806036745555316484638", "K": "-0.69999999999999999998916", "L": null}
{"eval": 2130, "purpose": "two-sided simple-root refinement", "status": "NUMERICAL_TWO_HALF_PASSAGES", "r": "5.710018823231869082406", "c": "0.8806036745555316484638", "K": "-0.69999999999999999998916", "L": null}
{"eval": 2131, "purpose": "two-sided simple-root refinement", "status": "NUMERICAL_TWO_HALF_PASSAGES", "r": "5.2280054065739009583162", "c": "0.8806036745555316484638", "K": "-0.69999999999999999998916", "L": null}
{"eval": 2132, "purpose": "two-sided simple-root refinement", "status": "NUMERICAL_TWO_HALF_PASSAGES", "r": "5.6945972257681833302891", "c": "0.8806036745555316484638", "K": "-0.69999999999999999998916", "L": null}
{"eval": 2133, "purpose": "two-sided simple-root refinement", "status": "NUMERICAL_TWO_HALF_PASSAGES", "r": "5.4563160726424930744606", "c": "0.8806036745555316484638", "K": "-0.69999999999999999998916", "L": null}
{"eval": 2134, "purpose": "two-sided simple-root refinement", "status": "NUMERICAL_TWO_HALF_PASSAGES", "r": "5.5741835608620111650914", "c": "0.8806036745555316484638", "K": "-0.69999999999999999998916", "L": null}
{"eval": 2135, "purpose": "two-sided simple-root refinement", "status": "NUMERICAL_TWO_HALF_PASSAGES", "r": "6.7705012227451285646875", "c": "0.8806036745555316484638", "K": "-0.69999999999999999998916", "L": null}
{"eval": 2136, "purpose": "two-sided simple-root refinement", "status": "NUMERICAL_TWO_HALF_PASSAGES", "r": "7.0144501564712282435168", "c": "0.8806036745555316484638", "K": "-0.69999999999999999998916", "L": null}
{"eval": 2137, "purpose": "two-sided simple-root refinement", "status": "NUMERICAL_TWO_HALF_PASSAGES", "r": "7.1672145571777566581267", "c": "0.8806036745555316484638", "K": "-0.69999999999999999998916", "L": null}
{"eval": 2138, "purpose": "two-sided simple-root refinement", "status": "NUMERICAL_TWO_HALF_PASSAGES", "r": "7.2494029680853831216353", "c": "0.8806036745555316484638", "K": "-0.69999999999999999998916", "L": null}
{"eval": 2139, "purpose": "two-sided simple-root refinement", "status": "NUMERICAL_TWO_HALF_PASSAGES", "r": "7.290023539332618845131", "c": "0.8806036745555316484638", "K": "-0.69999999999999999998916", "L": null}
{"eval": 2140, "purpose": "two-sided simple-root refinement", "status": "NUMERICAL_TWO_HALF_PASSAGES", "r": "7.9738868366785890266432", "c": "0.8806036745555316484638", "K": "-0.69999999999999999998916", "L": null}
{"eval": 2141, "purpose": "two-sided simple-root refinement", "status": "NUMERICAL_TWO_HALF_PASSAGES", "r": "7.3155019160949289152955", "c": "0.8806036745555316484638", "K": "-0.69999999999999999998916", "L": null}
{"eval": 2142, "purpose": "two-sided simple-root refinement", "status": "NUMERICAL_TWO_HALF_PASSAGES", "r": "7.6376033173009417252645", "c": "0.8806036745555316484638", "K": "-0.69999999999999999998916", "L": null}
POINT 6.4613439608832013197857 0.88095077392814155435715 -0.69999999999999999998916 BRACKETS 2
{"eval": 2143, "purpose": "negative-K center-selected fold correction", "status": "NUMERICAL_TWO_HALF_PASSAGES", "r": "6.4128448345008819083714", "c": "0.8473341642068437946228", "K": "-1", "L": null}
{"eval": 2144, "purpose": "negative-K center-selected fold correction", "status": "NUMERICAL_TWO_HALF_PASSAGES", "r": "6.4368586189439359695162", "c": "0.8491071366502690062031", "K": "-1", "L": null}
{"eval": 2145, "purpose": "negative-K center-selected fold correction", "status": "NUMERICAL_TWO_HALF_PASSAGES", "r": "6.4372077925991539660601", "c": "0.8491037262401552683966", "K": "-1", "L": null}
{"eval": 2146, "purpose": "negative-K center-selected fold correction", "status": "NUMERICAL_TWO_HALF_PASSAGES", "r": "6.4372077633534292898619", "c": "0.84910372624635357068469", "K": "-1", "L": null}
{"eval": 2147, "purpose": "two-sided pair-side stationary/root profile", "status": "NUMERICAL_TWO_HALF_PASSAGES", "r": "3.955157146053639535585e-05", "c": "0.84865514023895748801918", "K": "-1", "L": null}
{"eval": 2148, "purpose": "two-sided pair-side stationary/root profile", "status": "NUMERICAL_TWO_HALF_PASSAGES", "r": "0.0024787521766663583920515", "c": "0.84865514023895748801918", "K": "-1", "L": null}
{"eval": 2149, "purpose": "two-sided pair-side stationary/root profile", "status": "NUMERICAL_TWO_HALF_PASSAGES", "r": "0.005869973667929516129232", "c": "0.84865514023895748801918", "K": "-1", "L": null}
{"eval": 2150, "purpose": "two-sided pair-side stationary/root profile", "status": "NUMERICAL_TWO_HALF_PASSAGES", "r": "0.11790157284533764187593", "c": "0.84865514023895748801918", "K": "-1", "L": null}
{"eval": 2151, "purpose": "two-sided pair-side stationary/root profile", "status": "NUMERICAL_TWO_HALF_PASSAGES", "r": "0.87118133590635843914321", "c": "0.84865514023895748801918", "K": "-1", "L": null}
{"eval": 2152, "purpose": "two-sided pair-side stationary/root profile", "status": "NUMERICAL_TWO_HALF_PASSAGES", "r": "2.3681163946869296960552", "c": "0.84865514023895748801918", "K": "-1", "L": null}
{"eval": 2153, "purpose": "two-sided pair-side stationary/root profile", "status": "NUMERICAL_TWO_HALF_PASSAGES", "r": "4.7688008014060283101636", "c": "0.84865514023895748801918", "K": "-1", "L": null}
{"eval": 2154, "purpose": "two-sided pair-side stationary/root profile", "status": "NUMERICAL_TWO_HALF_PASSAGES", "r": "6.4372077633534292898619", "c": "0.84865514023895748801918", "K": "-1", "L": null}
{"eval": 2155, "purpose": "two-sided pair-side stationary/root profile", "status": "NUMERICAL_TWO_HALF_PASSAGES", "r": "8.6893215955592499367965", "c": "0.84865514023895748801918", "K": "-1", "L": null}
{"eval": 2156, "purpose": "two-sided pair-side stationary/root profile", "status": "NUMERICAL_TWO_HALF_PASSAGES", "r": "17.498144889139120732729", "c": "0.84865514023895748801918", "K": "-1", "L": null}
{"eval": 2157, "purpose": "two-sided pair-side stationary/root profile", "status": "NUMERICAL_TWO_HALF_PASSAGES", "r": "47.564889283890386492692", "c": "0.84865514023895748801918", "K": "-1", "L": null}
{"eval": 2158, "purpose": "two-sided pair-side stationary/root profile", "status": "NUMERICAL_TWO_HALF_PASSAGES", "r": "351.45963525809138849887", "c": "0.84865514023895748801918", "K": "-1", "L": null}
{"eval": 2159, "purpose": "two-sided pair-side stationary/root profile", "status": "NUMERICAL_TWO_HALF_PASSAGES", "r": "7059.2554809864648537321", "c": "0.84865514023895748801918", "K": "-1", "L": null}
{"eval": 2160, "purpose": "two-sided pair-side stationary/root profile", "status": "NUMERICAL_TWO_HALF_PASSAGES", "r": "1047686.4068453801351097", "c": "0.84865514023895748801918", "K": "-1", "L": null}
{"eval": 2161, "purpose": "two-sided simple-root refinement", "status": "NUMERICAL_TWO_HALF_PASSAGES", "r": "6.0496268571976072082885", "c": "0.84865514023895748801918", "K": "-1", "L": null}
{"eval": 2162, "purpose": "two-sided simple-root refinement", "status": "NUMERICAL_TWO_HALF_PASSAGES", "r": "5.8218137991365644530982", "c": "0.84865514023895748801918", "K": "-1", "L": null}
{"eval": 2163, "purpose": "two-sided simple-root refinement", "status": "NUMERICAL_TWO_HALF_PASSAGES", "r": "5.724166014310463249104", "c": "0.84865514023895748801918", "K": "-1", "L": null}
{"eval": 2164, "purpose": "two-sided simple-root refinement", "status": "NUMERICAL_TWO_HALF_PASSAGES", "r": "5.6881640029278316408531", "c": "0.84865514023895748801918", "K": "-1", "L": null}
{"eval": 2165, "purpose": "two-sided simple-root refinement", "status": "NUMERICAL_TWO_HALF_PASSAGES", "r": "5.208235887101424814883", "c": "0.84865514023895748801918", "K": "-1", "L": null}
{"eval": 2166, "purpose": "two-sided simple-root refinement", "status": "NUMERICAL_TWO_HALF_PASSAGES", "r": "5.4429128131697302435746", "c": "0.84865514023895748801918", "K": "-1", "L": null}
{"eval": 2167, "purpose": "two-sided simple-root refinement", "status": "NUMERICAL_TWO_HALF_PASSAGES", "r": "5.6714582093241359887596", "c": "0.84865514023895748801918", "K": "-1", "L": null}
{"eval": 2168, "purpose": "two-sided simple-root refinement", "status": "NUMERICAL_TWO_HALF_PASSAGES", "r": "5.5560104892707855494746", "c": "0.84865514023895748801918", "K": "-1", "L": null}
{"eval": 2169, "purpose": "two-sided simple-root refinement", "status": "NUMERICAL_TWO_HALF_PASSAGES", "r": "6.7435194139881951855102", "c": "0.84865514023895748801918", "K": "-1", "L": null}
{"eval": 2170, "purpose": "two-sided simple-root refinement", "status": "NUMERICAL_TWO_HALF_PASSAGES", "r": "6.9860210301867093083197", "c": "0.84865514023895748801918", "K": "-1", "L": null}
{"eval": 2171, "purpose": "two-sided simple-root refinement", "status": "NUMERICAL_TWO_HALF_PASSAGES", "r": "7.138673687281486853265", "c": "0.84865514023895748801918", "K": "-1", "L": null}
{"eval": 2172, "purpose": "two-sided simple-root refinement", "status": "NUMERICAL_TWO_HALF_PASSAGES", "r": "7.2212755848040824490502", "c": "0.84865514023895748801918", "K": "-1", "L": null}
{"eval": 2173, "purpose": "two-sided simple-root refinement", "status": "NUMERICAL_TWO_HALF_PASSAGES", "r": "7.2623285355864863302618", "c": "0.84865514023895748801918", "K": "-1", "L": null}
{"eval": 2174, "purpose": "two-sided simple-root refinement", "status": "NUMERICAL_TWO_HALF_PASSAGES", "r": "7.9438471900155429934916", "c": "0.84865514023895748801918", "K": "-1", "L": null}
{"eval": 2175, "purpose": "two-sided simple-root refinement", "status": "NUMERICAL_TWO_HALF_PASSAGES", "r": "7.2882732279069374985679", "c": "0.84865514023895748801918", "K": "-1", "L": null}
{"eval": 2176, "purpose": "two-sided simple-root refinement", "status": "NUMERICAL_TWO_HALF_PASSAGES", "r": "7.609003141120000655688", "c": "0.84865514023895748801918", "K": "-1", "L": null}
POINT 6.4372077633534292898619 0.84910372624635357068469 -1 BRACKETS 2
{"eval": 2177, "purpose": "negative-K center-selected fold correction", "status": "NUMERICAL_TWO_HALF_PASSAGES", "r": "6.434106392838060136264", "c": "0.79894365206630748042814", "K": "-1.5", "L": null}
{"eval": 2178, "purpose": "negative-K center-selected fold correction", "status": "NUMERICAL_TWO_HALF_PASSAGES", "r": "6.4798477736995701492181", "c": "0.80354313642454826374954", "K": "-1.5", "L": null}
{"eval": 2179, "purpose": "negative-K center-selected fold correction", "status": "NUMERICAL_TWO_HALF_PASSAGES", "r": "6.4817293009764540639116", "c": "0.80352751502668970942861", "K": "-1.5", "L": null}
{"eval": 2180, "purpose": "negative-K center-selected fold correction", "status": "NUMERICAL_TWO_HALF_PASSAGES", "r": "6.4817285630391510281578", "c": "0.80352751452938005676885", "K": "-1.5", "L": null}
{"eval": 2181, "purpose": "two-sided pair-side stationary/root profile", "status": "NUMERICAL_TWO_HALF_PASSAGES", "r": "3.9825116707945457537803e-05", "c": "0.80297354583505396464485", "K": "-1.5", "L": null}
{"eval": 2182, "purpose": "two-sided pair-side stationary/root profile", "status": "NUMERICAL_TWO_HALF_PASSAGES", "r": "0.0024787521766663587105359", "c": "0.80297354583505396464485", "K": "-1.5", "L": null}
{"eval": 2183, "purpose": "two-sided pair-side stationary/root profile", "status": "NUMERICAL_TWO_HALF_PASSAGES", "r": "0.0059105713822549909554464", "c": "0.80297354583505396464485", "K": "-1.5", "L": null}
{"eval": 2184, "purpose": "two-sided pair-side stationary/root profile", "status": "NUMERICAL_TWO_HALF_PASSAGES", "r": "0.11871699973541899141824", "c": "0.80297354583505396464485", "K": "-1.5", "L": null}
{"eval": 2185, "purpose": "two-sided pair-side stationary/root profile", "status": "NUMERICAL_TWO_HALF_PASSAGES", "r": "0.87720657094174608788819", "c": "0.80297354583505396464485", "K": "-1.5", "L": null}
{"eval": 2186, "purpose": "two-sided pair-side stationary/root profile", "status": "NUMERICAL_TWO_HALF_PASSAGES", "r": "2.3844946815958187342349", "c": "0.80297354583505396464485", "K": "-1.5", "L": null}
{"eval": 2187, "purpose": "two-sided pair-side stationary/root profile", "status": "NUMERICAL_TWO_HALF_PASSAGES", "r": "4.8017826210125318727069", "c": "0.80297354583505396464485", "K": "-1.5", "L": null}
{"eval": 2188, "purpose": "two-sided pair-side stationary/root profile", "status": "NUMERICAL_TWO_HALF_PASSAGES", "r": "6.4817285630391510281578", "c": "0.80297354583505396464485", "K": "-1.5", "L": null}
{"eval": 2189, "purpose": "two-sided pair-side stationary/root profile", "status": "NUMERICAL_TWO_HALF_PASSAGES", "r": "8.7494183891353483756292", "c": "0.80297354583505396464485", "K": "-1.5", "L": null}
{"eval": 2190, "purpose": "two-sided pair-side stationary/root profile", "status": "NUMERICAL_TWO_HALF_PASSAGES", "r": "17.61916496991328330568", "c": "0.80297354583505396464485", "K": "-1.5", "L": null}
{"eval": 2191, "purpose": "two-sided pair-side stationary/root profile", "status": "NUMERICAL_TWO_HALF_PASSAGES", "r": "47.893855970337438476142", "c": "0.80297354583505396464485", "K": "-1.5", "L": null}
{"eval": 2192, "purpose": "two-sided pair-side stationary/root profile", "status": "NUMERICAL_TWO_HALF_PASSAGES", "r": "353.89038855892798485225", "c": "0.80297354583505396464485", "K": "-1.5", "L": null}
{"eval": 2193, "purpose": "two-sided pair-side stationary/root profile", "status": "NUMERICAL_TWO_HALF_PASSAGES", "r": "7108.0784661615786106381", "c": "0.80297354583505396464485", "K": "-1.5", "L": null}
{"eval": 2194, "purpose": "two-sided pair-side stationary/root profile", "status": "NUMERICAL_TWO_HALF_PASSAGES", "r": "1054932.3803120370318993", "c": "0.80297354583505396464485", "K": "-1.5", "L": null}
{"eval": 2195, "purpose": "two-sided simple-root refinement", "status": "NUMERICAL_TWO_HALF_PASSAGES", "r": "6.0889586709694548888674", "c": "0.80297354583505396464485", "K": "-1.5", "L": null}
{"eval": 2196, "purpose": "two-sided simple-root refinement", "status": "NUMERICAL_TWO_HALF_PASSAGES", "r": "5.8599159902395627644647", "c": "0.80297354583505396464485", "K": "-1.5", "L": null}
{"eval": 2197, "purpose": "two-sided simple-root refinement", "status": "NUMERICAL_TWO_HALF_PASSAGES", "r": "5.7628103787464261690068", "c": "0.80297354583505396464485", "K": "-1.5", "L": null}
{"eval": 2198, "purpose": "two-sided simple-root refinement", "status": "NUMERICAL_TWO_HALF_PASSAGES", "r": "5.7274069126530284291887", "c": "0.80297354583505396464485", "K": "-1.5", "L": null}
{"eval": 2199, "purpose": "two-sided simple-root refinement", "status": "NUMERICAL_TWO_HALF_PASSAGES", "r": "5.2442123313844141154969", "c": "0.80297354583505396464485", "K": "-1.5", "L": null}
{"eval": 2200, "purpose": "two-sided simple-root refinement", "status": "NUMERICAL_TWO_HALF_PASSAGES", "r": "5.4804870183398252140791", "c": "0.80297354583505396464485", "K": "-1.5", "L": null}
{"eval": 2201, "purpose": "two-sided simple-root refinement", "status": "NUMERICAL_TWO_HALF_PASSAGES", "r": "5.7112226750065912812653", "c": "0.80297354583505396464485", "K": "-1.5", "L": null}
{"eval": 2202, "purpose": "two-sided simple-root refinement", "status": "NUMERICAL_TWO_HALF_PASSAGES", "r": "5.5946654707159814284845", "c": "0.80297354583505396464485", "K": "-1.5", "L": null}
{"eval": 2203, "purpose": "two-sided simple-root refinement", "status": "NUMERICAL_TWO_HALF_PASSAGES", "r": "6.7883594553903422600186", "c": "0.80297354583505396464485", "K": "-1.5", "L": null}
{"eval": 2204, "purpose": "two-sided simple-root refinement", "status": "NUMERICAL_TWO_HALF_PASSAGES", "r": "7.0321732602985772418898", "c": "0.80297354583505396464485", "K": "-1.5", "L": null}
{"eval": 2205, "purpose": "two-sided simple-root refinement", "status": "NUMERICAL_TWO_HALF_PASSAGES", "r": "7.1866332796210668338276", "c": "0.80297354583505396464485", "K": "-1.5", "L": null}
{"eval": 2206, "purpose": "two-sided simple-root refinement", "status": "NUMERICAL_TWO_HALF_PASSAGES", "r": "7.2707839370482060178946", "c": "0.80297354583505396464485", "K": "-1.5", "L": null}
{"eval": 2207, "purpose": "two-sided simple-root refinement", "status": "NUMERICAL_TWO_HALF_PASSAGES", "r": "7.3128783812573062189828", "c": "0.80297354583505396464485", "K": "-1.5", "L": null}
{"eval": 2208, "purpose": "two-sided simple-root refinement", "status": "NUMERICAL_TWO_HALF_PASSAGES", "r": "7.9989644696349923328957", "c": "0.80297354583505396464485", "K": "-1.5", "L": null}
{"eval": 2209, "purpose": "two-sided simple-root refinement", "status": "NUMERICAL_TWO_HALF_PASSAGES", "r": "7.3397154591659544966772", "c": "0.80297354583505396464485", "K": "-1.5", "L": null}
{"eval": 2210, "purpose": "two-sided simple-root refinement", "status": "NUMERICAL_TWO_HALF_PASSAGES", "r": "7.6622531395862374910613", "c": "0.80297354583505396464485", "K": "-1.5", "L": null}
POINT 6.4817285630391510281578 0.80352751452938005676885 -1.5 BRACKETS 2
{"eval": 2211, "purpose": "negative-K center-selected fold correction", "status": "NUMERICAL_TWO_HALF_PASSAGES", "r": "6.5670097502211818886464", "c": "0.76230008276010740350236", "K": "-2", "L": null}
{"eval": 2212, "purpose": "negative-K center-selected fold correction", "status": "NUMERICAL_TWO_HALF_PASSAGES", "r": "6.5936610732583530803189", "c": "0.76612419330558059044328", "K": "-2", "L": null}
{"eval": 2213, "purpose": "negative-K center-selected fold correction", "status": "NUMERICAL_TWO_HALF_PASSAGES", "r": "6.594949514452955084947", "c": "0.76611788214928258487118", "K": "-2", "L": null}
{"eval": 2214, "purpose": "negative-K center-selected fold correction", "status": "NUMERICAL_TWO_HALF_PASSAGES", "r": "6.5949492047247723577365", "c": "0.7661178814293054145949", "K": "-2", "L": null}
{"eval": 2215, "purpose": "two-sided pair-side stationary/root profile", "status": "NUMERICAL_TWO_HALF_PASSAGES", "r": "4.0520768373241998971894e-05", "c": "0.76551829026918188274373", "K": "-2", "L": null}
{"eval": 2216, "purpose": "two-sided pair-side stationary/root profile", "status": "NUMERICAL_TWO_HALF_PASSAGES", "r": "0.002478752176666357125102", "c": "0.76551829026918188274373", "K": "-2", "L": null}
{"eval": 2217, "purpose": "two-sided pair-side stationary/root profile", "status": "NUMERICAL_TWO_HALF_PASSAGES", "r": "0.0060138152435366189267744", "c": "0.76551829026918188274373", "K": "-2", "L": null}
{"eval": 2218, "purpose": "two-sided pair-side stationary/root profile", "status": "NUMERICAL_TWO_HALF_PASSAGES", "r": "0.12079070812328359567703", "c": "0.76551829026918188274373", "K": "-2", "L": null}
{"eval": 2219, "purpose": "two-sided pair-side stationary/root profile", "status": "NUMERICAL_TWO_HALF_PASSAGES", "r": "0.89252931855250068837954", "c": "0.76551829026918188274373", "K": "-2", "L": null}
{"eval": 2220, "purpose": "two-sided pair-side stationary/root profile", "status": "NUMERICAL_TWO_HALF_PASSAGES", "r": "2.4261462279881972163836", "c": "0.76551829026918188274373", "K": "-2", "L": null}
{"eval": 2221, "purpose": "two-sided pair-side stationary/root profile", "status": "NUMERICAL_TWO_HALF_PASSAGES", "r": "4.8856585353305162010111", "c": "0.76551829026918188274373", "K": "-2", "L": null}
{"eval": 2222, "purpose": "two-sided pair-side stationary/root profile", "status": "NUMERICAL_TWO_HALF_PASSAGES", "r": "6.5949492047247723577365", "c": "0.76551829026918188274373", "K": "-2", "L": null}
{"eval": 2223, "purpose": "two-sided pair-side stationary/root profile", "status": "NUMERICAL_TWO_HALF_PASSAGES", "r": "8.9022502695140910914523", "c": "0.76551829026918188274373", "K": "-2", "L": null}
{"eval": 2224, "purpose": "two-sided pair-side stationary/root profile", "status": "NUMERICAL_TWO_HALF_PASSAGES", "r": "17.926930582813780452184", "c": "0.76551829026918188274373", "K": "-2", "L": null}
{"eval": 2225, "purpose": "two-sided pair-side stationary/root profile", "status": "NUMERICAL_TWO_HALF_PASSAGES", "r": "48.730449643309420578591", "c": "0.76551829026918188274373", "K": "-2", "L": null}
{"eval": 2226, "purpose": "two-sided pair-side stationary/root profile", "status": "NUMERICAL_TWO_HALF_PASSAGES", "r": "360.0720261405284030598", "c": "0.76551829026918188274373", "K": "-2", "L": null}
{"eval": 2227, "purpose": "two-sided pair-side stationary/root profile", "status": "NUMERICAL_TWO_HALF_PASSAGES", "r": "7232.2399760525783301013", "c": "0.76551829026918188274373", "K": "-2", "L": null}
{"eval": 2228, "purpose": "two-sided pair-side stationary/root profile", "status": "NUMERICAL_TWO_HALF_PASSAGES", "r": "1073359.5822339061119237", "c": "0.76551829026918188274373", "K": "-2", "L": null}
{"eval": 2229, "purpose": "two-sided simple-root refinement", "status": "NUMERICAL_TWO_HALF_PASSAGES", "r": "6.193783719980819646965", "c": "0.76551829026918188274373", "K": "-2", "L": null}
{"eval": 2230, "purpose": "two-sided simple-root refinement", "status": "NUMERICAL_TWO_HALF_PASSAGES", "r": "5.9611843585405518614918", "c": "0.76551829026918188274373", "K": "-2", "L": null}
{"eval": 2231, "purpose": "two-sided simple-root refinement", "status": "NUMERICAL_TWO_HALF_PASSAGES", "r": "5.8632994622546696725923", "c": "0.76551829026918188274373", "K": "-2", "L": null}
{"eval": 2232, "purpose": "two-sided simple-root refinement", "status": "NUMERICAL_TWO_HALF_PASSAGES", "r": "5.8278741080800431843649", "c": "0.76551829026918188274373", "K": "-2", "L": null}
{"eval": 2233, "purpose": "two-sided simple-root refinement", "status": "NUMERICAL_TWO_HALF_PASSAGES", "r": "5.3360100148868707175751", "c": "0.76551829026918188274373", "K": "-2", "L": null}
{"eval": 2234, "purpose": "two-sided simple-root refinement", "status": "NUMERICAL_TWO_HALF_PASSAGES", "r": "5.5765217300943963627327", "c": "0.76551829026918188274373", "K": "-2", "L": null}
{"eval": 2235, "purpose": "two-sided simple-root refinement", "status": "NUMERICAL_TWO_HALF_PASSAGES", "r": "5.8118362765883840930989", "c": "0.76551829026918188274373", "K": "-2", "L": null}
{"eval": 2236, "purpose": "two-sided simple-root refinement", "status": "NUMERICAL_TWO_HALF_PASSAGES", "r": "5.692963313437566002552", "c": "0.76551829026918188274373", "K": "-2", "L": null}
{"eval": 2237, "purpose": "two-sided simple-root refinement", "status": "NUMERICAL_TWO_HALF_PASSAGES", "r": "6.9059483660459765374043", "c": "0.76551829026918188274373", "K": "-2", "L": null}
{"eval": 2238, "purpose": "two-sided simple-root refinement", "status": "NUMERICAL_TWO_HALF_PASSAGES", "r": "7.154028583175695985702", "c": "0.76551829026918188274373", "K": "-2", "L": null}
{"eval": 2239, "purpose": "two-sided simple-root refinement", "status": "NUMERICAL_TWO_HALF_PASSAGES", "r": "7.3118655099532654023306", "c": "0.76551829026918188274373", "K": "-2", "L": null}
{"eval": 2240, "purpose": "two-sided simple-root refinement", "status": "NUMERICAL_TWO_HALF_PASSAGES", "r": "7.3982337341107195683061", "c": "0.76551829026918188274373", "K": "-2", "L": null}
{"eval": 2241, "purpose": "two-sided simple-root refinement", "status": "NUMERICAL_TWO_HALF_PASSAGES", "r": "7.4416136146837979009269", "c": "0.76551829026918188274373", "K": "-2", "L": null}
{"eval": 2242, "purpose": "two-sided simple-root refinement", "status": "NUMERICAL_TWO_HALF_PASSAGES", "r": "8.1392325686724648027212", "c": "0.76551829026918188274373", "K": "-2", "L": null}
{"eval": 2243, "purpose": "two-sided simple-root refinement", "status": "NUMERICAL_TWO_HALF_PASSAGES", "r": "7.4694222851289038258779", "c": "0.76551829026918188274373", "K": "-2", "L": null}
{"eval": 2244, "purpose": "two-sided simple-root refinement", "status": "NUMERICAL_TWO_HALF_PASSAGES", "r": "7.7971382655618644403304", "c": "0.76551829026918188274373", "K": "-2", "L": null}
POINT 6.5949492047247723577365 0.7661178814293054145949 -2 BRACKETS 2
{"eval": 2245, "purpose": "negative-K center-selected fold correction", "status": "NUMERICAL_TWO_HALF_PASSAGES", "r": "6.8751139432568814722872", "c": "0.6983897486688945975726", "K": "-3", "L": null}
{"eval": 2246, "purpose": "negative-K center-selected fold correction", "status": "NUMERICAL_TWO_HALF_PASSAGES", "r": "6.9136413277659314762826", "c": "0.70963183367553888959136", "K": "-3", "L": null}
{"eval": 2247, "purpose": "negative-K center-selected fold correction", "status": "NUMERICAL_TWO_HALF_PASSAGES", "r": "6.9273957829242915041311", "c": "0.70960985578738068298762", "K": "-3", "L": null}
{"eval": 2248, "purpose": "negative-K center-selected fold correction", "status": "NUMERICAL_TWO_HALF_PASSAGES", "r": "6.9273642438970905021306", "c": "0.70960973693677839493205", "K": "-3", "L": null}
{"eval": 2249, "purpose": "two-sided pair-side stationary/root profile", "status": "NUMERICAL_TWO_HALF_PASSAGES", "r": "4.2563196963356636870335e-05", "c": "0.70901367142106505836148", "K": "-3", "L": null}
{"eval": 2250, "purpose": "two-sided pair-side stationary/root profile", "status": "NUMERICAL_TWO_HALF_PASSAGES", "r": "0.0024787521766663577834584", "c": "0.70901367142106505836148", "K": "-3", "L": null}
{"eval": 2251, "purpose": "two-sided pair-side stationary/root profile", "status": "NUMERICAL_TWO_HALF_PASSAGES", "r": "0.0063169385228369538970489", "c": "0.70901367142106505836148", "K": "-3", "L": null}
{"eval": 2252, "purpose": "two-sided pair-side stationary/root profile", "status": "NUMERICAL_TWO_HALF_PASSAGES", "r": "0.12687910194194820178934", "c": "0.70901367142106505836148", "K": "-3", "L": null}
{"eval": 2253, "purpose": "two-sided pair-side stationary/root profile", "status": "NUMERICAL_TWO_HALF_PASSAGES", "r": "0.93751680203099606748102", "c": "0.70901367142106505836148", "K": "-3", "L": null}
{"eval": 2254, "purpose": "two-sided pair-side stationary/root profile", "status": "NUMERICAL_TWO_HALF_PASSAGES", "r": "2.5484348868358927238734", "c": "0.70901367142106505836148", "K": "-3", "L": null}
{"eval": 2255, "purpose": "two-sided pair-side stationary/root profile", "status": "NUMERICAL_TWO_HALF_PASSAGES", "r": "5.1319176531779964758016", "c": "0.70901367142106505836148", "K": "-3", "L": null}
{"eval": 2256, "purpose": "two-sided pair-side stationary/root profile", "status": "NUMERICAL_TWO_HALF_PASSAGES", "r": "6.9273642438970905021306", "c": "0.70901367142106505836148", "K": "-3", "L": null}
{"eval": 2257, "purpose": "two-sided pair-side stationary/root profile", "status": "NUMERICAL_TWO_HALF_PASSAGES", "r": "9.3509636379115668187306", "c": "0.70901367142106505836148", "K": "-3", "L": null}
{"eval": 2258, "purpose": "two-sided pair-side stationary/root profile", "status": "NUMERICAL_TWO_HALF_PASSAGES", "r": "18.830528343302394563008", "c": "0.70901367142106505836148", "K": "-3", "L": null}
{"eval": 2259, "purpose": "two-sided pair-side stationary/root profile", "status": "NUMERICAL_TWO_HALF_PASSAGES", "r": "51.186683015881908966754", "c": "0.70901367142106505836148", "K": "-3", "L": null}
{"eval": 2260, "purpose": "two-sided pair-side stationary/root profile", "status": "NUMERICAL_TWO_HALF_PASSAGES", "r": "378.22127232253214848545", "c": "0.70901367142106505836148", "K": "-3", "L": null}
{"eval": 2261, "purpose": "two-sided pair-side stationary/root profile", "status": "NUMERICAL_TWO_HALF_PASSAGES", "r": "7596.77733036923736476", "c": "0.70901367142106505836148", "K": "-3", "L": null}
{"eval": 2262, "purpose": "two-sided pair-side stationary/root profile", "status": "NUMERICAL_TWO_HALF_PASSAGES", "r": "1127461.7225989367692591", "c": "0.70901367142106505836148", "K": "-3", "L": null}
{"eval": 2263, "purpose": "two-sided simple-root refinement", "status": "NUMERICAL_TWO_HALF_PASSAGES", "r": "6.504558330067820658138", "c": "0.70901367142106505836148", "K": "-3", "L": null}
{"eval": 2264, "purpose": "two-sided simple-root refinement", "status": "NUMERICAL_TWO_HALF_PASSAGES", "r": "6.2611052073158570364583", "c": "0.70901367142106505836148", "K": "-3", "L": null}
{"eval": 2265, "purpose": "two-sided simple-root refinement", "status": "NUMERICAL_TWO_HALF_PASSAGES", "r": "6.1594790234914587748541", "c": "0.70901367142106505836148", "K": "-3", "L": null}
{"eval": 2266, "purpose": "two-sided simple-root refinement", "status": "NUMERICAL_TWO_HALF_PASSAGES", "r": "6.1229813436497352789438", "c": "0.70901367142106505836148", "K": "-3", "L": null}
{"eval": 2267, "purpose": "two-sided simple-root refinement", "status": "NUMERICAL_TWO_HALF_PASSAGES", "r": "5.6055897145220684647283", "c": "0.70901367142106505836148", "K": "-3", "L": null}
{"eval": 2268, "purpose": "two-sided simple-root refinement", "status": "NUMERICAL_TWO_HALF_PASSAGES", "r": "5.8585767249540626603645", "c": "0.70901367142106505836148", "K": "-3", "L": null}
{"eval": 2269, "purpose": "two-sided simple-root refinement", "status": "NUMERICAL_TWO_HALF_PASSAGES", "r": "6.1066206677225199454806", "c": "0.70901367142106505836148", "K": "-3", "L": null}
{"eval": 2270, "purpose": "two-sided simple-root refinement", "status": "NUMERICAL_TWO_HALF_PASSAGES", "r": "5.9813130424717441137837", "c": "0.70901367142106505836148", "K": "-3", "L": null}
{"eval": 2271, "purpose": "two-sided simple-root refinement", "status": "NUMERICAL_TWO_HALF_PASSAGES", "r": "7.2532829549262791786132", "c": "0.70901367142106505836148", "K": "-3", "L": null}
{"eval": 2272, "purpose": "two-sided simple-root refinement", "status": "NUMERICAL_TWO_HALF_PASSAGES", "r": "7.5143151330682870720282", "c": "0.70901367142106505836148", "K": "-3", "L": null}
{"eval": 2273, "purpose": "two-sided simple-root refinement", "status": "NUMERICAL_TWO_HALF_PASSAGES", "r": "7.6811914486671472074471", "c": "0.70901367142106505836148", "K": "-3", "L": null}
{"eval": 2274, "purpose": "two-sided simple-root refinement", "status": "NUMERICAL_TWO_HALF_PASSAGES", "r": "7.772928492770690655795", "c": "0.70901367142106505836148", "K": "-3", "L": null}
{"eval": 2275, "purpose": "two-sided simple-root refinement", "status": "NUMERICAL_TWO_HALF_PASSAGES", "r": "7.8191947451229794514849", "c": "0.70901367142106505836148", "K": "-3", "L": null}
{"eval": 2276, "purpose": "two-sided simple-root refinement", "status": "NUMERICAL_TWO_HALF_PASSAGES", "r": "8.5508482467761163289127", "c": "0.70901367142106505836148", "K": "-3", "L": null}
{"eval": 2277, "purpose": "two-sided simple-root refinement", "status": "NUMERICAL_TWO_HALF_PASSAGES", "r": "7.8490170391983047942959", "c": "0.70901367142106505836148", "K": "-3", "L": null}
{"eval": 2278, "purpose": "two-sided simple-root refinement", "status": "NUMERICAL_TWO_HALF_PASSAGES", "r": "8.1924204963212604911973", "c": "0.70901367142106505836148", "K": "-3", "L": null}
POINT 6.9273642438970905021306 0.70960973693677839493205 -3 BRACKETS 2
{"eval": 2279, "purpose": "negative-K center-selected fold correction", "status": "NUMERICAL_TWO_HALF_PASSAGES", "r": "7.3109659132448022184764", "c": "0.6626257995394481080647", "K": "-4", "L": null}
{"eval": 2280, "purpose": "negative-K center-selected fold correction", "status": "NUMERICAL_TWO_HALF_PASSAGES", "r": "7.3136235261663961907883", "c": "0.66951012399329672039041", "K": "-4", "L": null}
{"eval": 2281, "purpose": "negative-K center-selected fold correction", "status": "NUMERICAL_TWO_HALF_PASSAGES", "r": "7.3204671687805017389269", "c": "0.66951045805317964041119", "K": "-4", "L": null}
{"eval": 2282, "purpose": "negative-K center-selected fold correction", "status": "NUMERICAL_TWO_HALF_PASSAGES", "r": "7.3204599009563675140501", "c": "0.66951042806087022140043", "K": "-4", "L": null}
{"eval": 2283, "purpose": "two-sided pair-side stationary/root profile", "status": "NUMERICAL_TWO_HALF_PASSAGES", "r": "4.497846015549991617068e-05", "c": "0.66896510320869319061055", "K": "-4", "L": null}
{"eval": 2284, "purpose": "two-sided pair-side stationary/root profile", "status": "NUMERICAL_TWO_HALF_PASSAGES", "r": "0.0024787521766663596331666", "c": "0.66896510320869319061055", "K": "-4", "L": null}
{"eval": 2285, "purpose": "two-sided pair-side stationary/root profile", "status": "NUMERICAL_TWO_HALF_PASSAGES", "r": "0.00667539536324711145297", "c": "0.66896510320869319061055", "K": "-4", "L": null}
{"eval": 2286, "purpose": "two-sided pair-side stationary/root profile", "status": "NUMERICAL_TWO_HALF_PASSAGES", "r": "0.13407890004537561063562", "c": "0.66896510320869319061055", "K": "-4", "L": null}
{"eval": 2287, "purpose": "two-sided pair-side stationary/root profile", "status": "NUMERICAL_TWO_HALF_PASSAGES", "r": "0.9907165141181956912169", "c": "0.66896510320869319061055", "K": "-4", "L": null}
{"eval": 2288, "purpose": "two-sided pair-side stationary/root profile", "status": "NUMERICAL_TWO_HALF_PASSAGES", "r": "2.6930466974817804869883", "c": "0.66896510320869319061055", "K": "-4", "L": null}
{"eval": 2289, "purpose": "two-sided pair-side stationary/root profile", "status": "NUMERICAL_TWO_HALF_PASSAGES", "r": "5.4231300783983608418924", "c": "0.66896510320869319061055", "K": "-4", "L": null}
{"eval": 2290, "purpose": "two-sided pair-side stationary/root profile", "status": "NUMERICAL_TWO_HALF_PASSAGES", "r": "7.3204599009563675140501", "c": "0.66896510320869319061055", "K": "-4", "L": null}
{"eval": 2291, "purpose": "two-sided pair-side stationary/root profile", "status": "NUMERICAL_TWO_HALF_PASSAGES", "r": "9.8815872728129079275231", "c": "0.66896510320869319061055", "K": "-4", "L": null}
{"eval": 2292, "purpose": "two-sided pair-side stationary/root profile", "status": "NUMERICAL_TWO_HALF_PASSAGES", "r": "19.899073124732795872158", "c": "0.66896510320869319061055", "K": "-4", "L": null}
{"eval": 2293, "purpose": "two-sided pair-side stationary/root profile", "status": "NUMERICAL_TWO_HALF_PASSAGES", "r": "54.091288878138911080939", "c": "0.66896510320869319061055", "K": "-4", "L": null}
{"eval": 2294, "purpose": "two-sided pair-side stationary/root profile", "status": "NUMERICAL_TWO_HALF_PASSAGES", "r": "399.6835679840319701106", "c": "0.66896510320869319061055", "K": "-4", "L": null}
{"eval": 2295, "purpose": "two-sided pair-side stationary/root profile", "status": "NUMERICAL_TWO_HALF_PASSAGES", "r": "8027.8590623346625223533", "c": "0.66896510320869319061055", "K": "-4", "L": null}
{"eval": 2296, "purpose": "two-sided pair-side stationary/root profile", "status": "NUMERICAL_TWO_HALF_PASSAGES", "r": "1191439.9242713356954937", "c": "0.66896510320869319061055", "K": "-4", "L": null}
{"eval": 2297, "purpose": "two-sided simple-root refinement", "status": "NUMERICAL_TWO_HALF_PASSAGES", "r": "6.8734019148226705312257", "c": "0.66896510320869319061055", "K": "-4", "L": null}
{"eval": 2298, "purpose": "two-sided simple-root refinement", "status": "NUMERICAL_TWO_HALF_PASSAGES", "r": "6.6168273567531606682048", "c": "0.66896510320869319061055", "K": "-4", "L": null}
{"eval": 2299, "purpose": "two-sided simple-root refinement", "status": "NUMERICAL_TWO_HALF_PASSAGES", "r": "6.5100568436870394012708", "c": "0.66896510320869319061055", "K": "-4", "L": null}
{"eval": 2300, "purpose": "two-sided simple-root refinement", "status": "NUMERICAL_TWO_HALF_PASSAGES", "r": "6.4718117327046382762819", "c": "0.66896510320869319061055", "K": "-4", "L": null}
{"eval": 2301, "purpose": "two-sided simple-root refinement", "status": "NUMERICAL_TWO_HALF_PASSAGES", "r": "5.9243123541354516005397", "c": "0.66896510320869319061055", "K": "-4", "L": null}
{"eval": 2302, "purpose": "two-sided simple-root refinement", "status": "NUMERICAL_TWO_HALF_PASSAGES", "r": "6.1920137436621417456953", "c": "0.66896510320869319061055", "K": "-4", "L": null}
{"eval": 2303, "purpose": "two-sided simple-root refinement", "status": "NUMERICAL_TWO_HALF_PASSAGES", "r": "6.4547217297242564133797", "c": "0.66896510320869319061055", "K": "-4", "L": null}
{"eval": 2304, "purpose": "two-sided simple-root refinement", "status": "NUMERICAL_TWO_HALF_PASSAGES", "r": "6.3220032949981343731345", "c": "0.66896510320869319061055", "K": "-4", "L": null}
{"eval": 2305, "purpose": "two-sided simple-root refinement", "status": "NUMERICAL_TWO_HALF_PASSAGES", "r": "7.6648722185140356869155", "c": "0.66896510320869319061055", "K": "-4", "L": null}
{"eval": 2306, "purpose": "two-sided simple-root refinement", "status": "NUMERICAL_TWO_HALF_PASSAGES", "r": "7.9413024217183903739371", "c": "0.66896510320869319061055", "K": "-4", "L": null}
{"eval": 2307, "purpose": "two-sided simple-root refinement", "status": "NUMERICAL_TWO_HALF_PASSAGES", "r": "8.1183945922508358858036", "c": "0.66896510320869319061055", "K": "-4", "L": null}
{"eval": 2308, "purpose": "two-sided simple-root refinement", "status": "NUMERICAL_TWO_HALF_PASSAGES", "r": "8.2159212795374026551756", "c": "0.66896510320869319061055", "K": "-4", "L": null}
{"eval": 2309, "purpose": "two-sided simple-root refinement", "status": "NUMERICAL_TWO_HALF_PASSAGES", "r": "8.2651783611181525394246", "c": "0.66896510320869319061055", "K": "-4", "L": null}
{"eval": 2310, "purpose": "two-sided simple-root refinement", "status": "NUMERICAL_TWO_HALF_PASSAGES", "r": "9.0373160451958182487128", "c": "0.66896510320869319061055", "K": "-4", "L": null}
{"eval": 2311, "purpose": "two-sided simple-root refinement", "status": "NUMERICAL_TWO_HALF_PASSAGES", "r": "8.296988264062839882676", "c": "0.66896510320869319061055", "K": "-4", "L": null}
{"eval": 2312, "purpose": "two-sided simple-root refinement", "status": "NUMERICAL_TWO_HALF_PASSAGES", "r": "8.6592439142003905950401", "c": "0.66896510320869319061055", "K": "-4", "L": null}
POINT 7.3204599009563675140501 0.66951042806087022140043 -4 BRACKETS 2
{"eval": 2313, "purpose": "negative-K center-selected fold correction", "status": "NUMERICAL_TWO_HALF_PASSAGES", "r": "8.1803120217380698477039", "c": "0.60109173118831613514147", "K": "-6", "L": null}
{"eval": 2314, "purpose": "negative-K center-selected fold correction", "status": "NUMERICAL_TWO_HALF_PASSAGES", "r": "8.079828524168179207203", "c": "0.61655366909163294948182", "K": "-6", "L": null}
{"eval": 2315, "purpose": "negative-K center-selected fold correction", "status": "NUMERICAL_TWO_HALF_PASSAGES", "r": "8.1469574175002573137791", "c": "0.61656527375409372394334", "K": "-6", "L": null}
{"eval": 2316, "purpose": "negative-K center-selected fold correction", "status": "NUMERICAL_TWO_HALF_PASSAGES", "r": "8.1463404353374989606829", "c": "0.6165633799487579815783", "K": "-6", "L": null}
{"eval": 2317, "purpose": "negative-K center-selected fold correction", "status": "NUMERICAL_TWO_HALF_PASSAGES", "r": "8.1463403806512598263889", "c": "0.61656337968836084266824", "K": "-6", "L": null}
{"eval": 2318, "purpose": "two-sided pair-side stationary/root profile", "status": "NUMERICAL_TWO_HALF_PASSAGES", "r": "5.0052845201213901219759e-05", "c": "0.6161324198151524784723", "K": "-6", "L": null}
{"eval": 2319, "purpose": "two-sided pair-side stationary/root profile", "status": "NUMERICAL_TWO_HALF_PASSAGES", "r": "0.0024787521766663588581314", "c": "0.6161324198151524784723", "K": "-6", "L": null}
{"eval": 2320, "purpose": "two-sided pair-side stationary/root profile", "status": "NUMERICAL_TWO_HALF_PASSAGES", "r": "0.0074285008783843965670804", "c": "0.6161324198151524784723", "K": "-6", "L": null}
{"eval": 2321, "purpose": "two-sided pair-side stationary/root profile", "status": "NUMERICAL_TWO_HALF_PASSAGES", "r": "0.14920542867672181981361", "c": "0.6161324198151524784723", "K": "-6", "L": null}
{"eval": 2322, "purpose": "two-sided pair-side stationary/root profile", "status": "NUMERICAL_TWO_HALF_PASSAGES", "r": "1.1024872827572934994717", "c": "0.6161324198151524784723", "K": "-6", "L": null}
{"eval": 2323, "purpose": "two-sided pair-side stationary/root profile", "status": "NUMERICAL_TWO_HALF_PASSAGES", "r": "2.9968711468263401881927", "c": "0.6161324198151524784723", "K": "-6", "L": null}
{"eval": 2324, "purpose": "two-sided pair-side stationary/root profile", "status": "NUMERICAL_TWO_HALF_PASSAGES", "r": "6.0349573858616945929573", "c": "0.6161324198151524784723", "K": "-6", "L": null}
{"eval": 2325, "purpose": "two-sided pair-side stationary/root profile", "status": "NUMERICAL_TWO_HALF_PASSAGES", "r": "8.1463403806512598263889", "c": "0.6161324198151524784723", "K": "-6", "L": null}
{"eval": 2326, "purpose": "two-sided pair-side stationary/root profile", "status": "NUMERICAL_TWO_HALF_PASSAGES", "r": "10.996409312334152695231", "c": "0.6161324198151524784723", "K": "-6", "L": null}
{"eval": 2327, "purpose": "two-sided pair-side stationary/root profile", "status": "NUMERICAL_TWO_HALF_PASSAGES", "r": "22.144049025166461128547", "c": "0.6161324198151524784723", "K": "-6", "L": null}
{"eval": 2328, "purpose": "two-sided pair-side stationary/root profile", "status": "NUMERICAL_TWO_HALF_PASSAGES", "r": "60.193766073616226157383", "c": "0.6161324198151524784723", "K": "-6", "L": null}
{"eval": 2329, "purpose": "two-sided pair-side stationary/root profile", "status": "NUMERICAL_TWO_HALF_PASSAGES", "r": "444.77511432385883488605", "c": "0.6161324198151524784723", "K": "-6", "L": null}
{"eval": 2330, "purpose": "two-sided pair-side stationary/root profile", "status": "NUMERICAL_TWO_HALF_PASSAGES", "r": "8933.5469812668827485069", "c": "0.6161324198151524784723", "K": "-6", "L": null}
{"eval": 2331, "purpose": "two-sided pair-side stationary/root profile", "status": "NUMERICAL_TWO_HALF_PASSAGES", "r": "1325855.9294811047966505", "c": "0.6161324198151524784723", "K": "-6", "L": null}
{"eval": 2332, "purpose": "two-sided simple-root refinement", "status": "NUMERICAL_TWO_HALF_PASSAGES", "r": "7.6496866534389556364047", "c": "0.6161324198151524784723", "K": "-6", "L": null}
{"eval": 2333, "purpose": "two-sided simple-root refinement", "status": "NUMERICAL_TWO_HALF_PASSAGES", "r": "7.3651128911233419349278", "c": "0.6161324198151524784723", "K": "-6", "L": null}
{"eval": 2334, "purpose": "two-sided simple-root refinement", "status": "NUMERICAL_TWO_HALF_PASSAGES", "r": "7.246702106356034215999", "c": "0.6161324198151524784723", "K": "-6", "L": null}
{"eval": 2335, "purpose": "two-sided simple-root refinement", "status": "NUMERICAL_TWO_HALF_PASSAGES", "r": "7.2042540492025075814751", "c": "0.6161324198151524784723", "K": "-6", "L": null}
{"eval": 2336, "purpose": "two-sided simple-root refinement", "status": "NUMERICAL_TWO_HALF_PASSAGES", "r": "6.5937368907061110643794", "c": "0.6161324198151524784723", "K": "-6", "L": null}
{"eval": 2337, "purpose": "two-sided simple-root refinement", "status": "NUMERICAL_TWO_HALF_PASSAGES", "r": "6.8922388013072684608863", "c": "0.6161324198151524784723", "K": "-6", "L": null}
{"eval": 2338, "purpose": "two-sided simple-root refinement", "status": "NUMERICAL_TWO_HALF_PASSAGES", "r": "7.1852566412949387952835", "c": "0.6161324198151524784723", "K": "-6", "L": null}
{"eval": 2339, "purpose": "two-sided simple-root refinement", "status": "NUMERICAL_TWO_HALF_PASSAGES", "r": "7.0372227917328096197074", "c": "0.6161324198151524784723", "K": "-6", "L": null}
{"eval": 2340, "purpose": "two-sided simple-root refinement", "status": "NUMERICAL_TWO_HALF_PASSAGES", "r": "8.5303827214277030089803", "c": "0.6161324198151524784723", "K": "-6", "L": null}
{"eval": 2341, "purpose": "two-sided simple-root refinement", "status": "NUMERICAL_TWO_HALF_PASSAGES", "r": "8.8391088410593456935541", "c": "0.6161324198151524784723", "K": "-6", "L": null}
{"eval": 2342, "purpose": "two-sided simple-root refinement", "status": "NUMERICAL_TWO_HALF_PASSAGES", "r": "9.0370647708231872036536", "c": "0.6161324198151524784723", "K": "-6", "L": null}
{"eval": 2343, "purpose": "two-sided simple-root refinement", "status": "NUMERICAL_TWO_HALF_PASSAGES", "r": "9.1461116589343751763497", "c": "0.6161324198151524784723", "K": "-6", "L": null}
{"eval": 2344, "purpose": "two-sided simple-root refinement", "status": "NUMERICAL_TWO_HALF_PASSAGES", "r": "9.2011819200123133449809", "c": "0.6161324198151524784723", "K": "-6", "L": null}
{"eval": 2345, "purpose": "two-sided simple-root refinement", "status": "NUMERICAL_TWO_HALF_PASSAGES", "r": "10.058825107819702088935", "c": "0.6161324198151524784723", "K": "-6", "L": null}
{"eval": 2346, "purpose": "two-sided simple-root refinement", "status": "NUMERICAL_TWO_HALF_PASSAGES", "r": "9.2367381126455965221003", "c": "0.6161324198151524784723", "K": "-6", "L": null}
{"eval": 2347, "purpose": "two-sided simple-root refinement", "status": "NUMERICAL_TWO_HALF_PASSAGES", "r": "9.6390213840324420156713", "c": "0.6161324198151524784723", "K": "-6", "L": null}
POINT 8.1463403806512598263889 0.61656337968836084266824 -6 BRACKETS 2
{"eval": 2348, "purpose": "negative-K center-selected fold correction", "status": "NUMERICAL_TWO_HALF_PASSAGES", "r": "9.0147130503140260309597", "c": "0.5754955266271138481296", "K": "-8", "L": null}
{"eval": 2349, "purpose": "negative-K center-selected fold correction", "status": "NUMERICAL_TWO_HALF_PASSAGES", "r": "8.9336578763375065178123", "c": "0.58288426149027808905075", "K": "-8", "L": null}
{"eval": 2350, "purpose": "negative-K center-selected fold correction", "status": "NUMERICAL_TWO_HALF_PASSAGES", "r": "8.9587356400753775558313", "c": "0.58287784528228550232727", "K": "-8", "L": null}
{"eval": 2351, "purpose": "negative-K center-selected fold correction", "status": "NUMERICAL_TWO_HALF_PASSAGES", "r": "8.9586601318709880208482", "c": "0.58287769251172663137689", "K": "-8", "L": null}
{"eval": 2352, "purpose": "two-sided pair-side stationary/root profile", "status": "NUMERICAL_TWO_HALF_PASSAGES", "r": "5.5043910251510653281459e-05", "c": "0.5825380168983027579367", "K": "-8", "L": null}
{"eval": 2353, "purpose": "two-sided pair-side stationary/root profile", "status": "NUMERICAL_TWO_HALF_PASSAGES", "r": "0.0024787521766663604740585", "c": "0.5825380168983027579367", "K": "-8", "L": null}
{"eval": 2354, "purpose": "two-sided pair-side stationary/root profile", "status": "NUMERICAL_TWO_HALF_PASSAGES", "r": "0.0081692406097853979279893", "c": "0.5825380168983027579367", "K": "-8", "L": null}
{"eval": 2355, "purpose": "two-sided pair-side stationary/root profile", "status": "NUMERICAL_TWO_HALF_PASSAGES", "r": "0.16408358390224874812698", "c": "0.5825380168983027579367", "K": "-8", "L": null}
{"eval": 2356, "purpose": "two-sided pair-side stationary/root profile", "status": "NUMERICAL_TWO_HALF_PASSAGES", "r": "1.2124228063673101728768", "c": "0.5825380168983027579367", "K": "-8", "L": null}
{"eval": 2357, "purpose": "two-sided pair-side stationary/root profile", "status": "NUMERICAL_TWO_HALF_PASSAGES", "r": "3.2957068829575788485725", "c": "0.5825380168983027579367", "K": "-8", "L": null}
{"eval": 2358, "purpose": "two-sided pair-side stationary/root profile", "status": "NUMERICAL_TWO_HALF_PASSAGES", "r": "6.6367386585849093569647", "c": "0.5825380168983027579367", "K": "-8", "L": null}
{"eval": 2359, "purpose": "two-sided pair-side stationary/root profile", "status": "NUMERICAL_TWO_HALF_PASSAGES", "r": "8.9586601318709880208482", "c": "0.5825380168983027579367", "K": "-8", "L": null}
{"eval": 2360, "purpose": "two-sided pair-side stationary/root profile", "status": "NUMERICAL_TWO_HALF_PASSAGES", "r": "12.092926283086050476788", "c": "0.5825380168983027579367", "K": "-8", "L": null}
{"eval": 2361, "purpose": "two-sided pair-side stationary/root profile", "status": "NUMERICAL_TWO_HALF_PASSAGES", "r": "24.352163043805420626284", "c": "0.5825380168983027579367", "K": "-8", "L": null}
{"eval": 2362, "purpose": "two-sided pair-side stationary/root profile", "status": "NUMERICAL_TWO_HALF_PASSAGES", "r": "66.196042285648187271374", "c": "0.5825380168983027579367", "K": "-8", "L": null}
{"eval": 2363, "purpose": "two-sided pair-side stationary/root profile", "status": "NUMERICAL_TWO_HALF_PASSAGES", "r": "489.12626997583995783203", "c": "0.5825380168983027579367", "K": "-8", "L": null}
{"eval": 2364, "purpose": "two-sided pair-side stationary/root profile", "status": "NUMERICAL_TWO_HALF_PASSAGES", "r": "9824.3637557007930132258", "c": "0.5825380168983027579367", "K": "-8", "L": null}
{"eval": 2365, "purpose": "two-sided pair-side stationary/root profile", "status": "NUMERICAL_TWO_HALF_PASSAGES", "r": "1458064.8611564088147361", "c": "0.5825380168983027579367", "K": "-8", "L": null}
{"eval": 2366, "purpose": "two-sided simple-root refinement", "status": "NUMERICAL_TWO_HALF_PASSAGES", "r": "8.4139535565962518840963", "c": "0.5825380168983027579367", "K": "-8", "L": null}
{"eval": 2367, "purpose": "two-sided simple-root refinement", "status": "NUMERICAL_TWO_HALF_PASSAGES", "r": "8.1015550323791810658283", "c": "0.5825380168983027579367", "K": "-8", "L": null}
{"eval": 2368, "purpose": "two-sided simple-root refinement", "status": "NUMERICAL_TWO_HALF_PASSAGES", "r": "7.9712071481085912737045", "c": "0.5825380168983027579367", "K": "-8", "L": null}
{"eval": 2369, "purpose": "two-sided simple-root refinement", "status": "NUMERICAL_TWO_HALF_PASSAGES", "r": "7.9243188031170292014681", "c": "0.5825380168983027579367", "K": "-8", "L": null}
{"eval": 2370, "purpose": "two-sided simple-root refinement", "status": "NUMERICAL_TWO_HALF_PASSAGES", "r": "7.2520088902040162085957", "c": "0.5825380168983027579367", "K": "-8", "L": null}
{"eval": 2371, "purpose": "two-sided simple-root refinement", "status": "NUMERICAL_TWO_HALF_PASSAGES", "r": "7.5807143732642733673609", "c": "0.5825380168983027579367", "K": "-8", "L": null}
{"eval": 2372, "purpose": "two-sided simple-root refinement", "status": "NUMERICAL_TWO_HALF_PASSAGES", "r": "7.903230353772954970993", "c": "0.5825380168983027579367", "K": "-8", "L": null}
{"eval": 2373, "purpose": "two-sided simple-root refinement", "status": "NUMERICAL_TWO_HALF_PASSAGES", "r": "7.7402927553203779210446", "c": "0.5825380168983027579367", "K": "-8", "L": null}
{"eval": 2374, "purpose": "two-sided simple-root refinement", "status": "NUMERICAL_TWO_HALF_PASSAGES", "r": "9.3820774626695282163644", "c": "0.5825380168983027579367", "K": "-8", "L": null}
{"eval": 2375, "purpose": "two-sided simple-root refinement", "status": "NUMERICAL_TWO_HALF_PASSAGES", "r": "9.7224904840759817344423", "c": "0.5825380168983027579367", "K": "-8", "L": null}
{"eval": 2376, "purpose": "two-sided simple-root refinement", "status": "NUMERICAL_TWO_HALF_PASSAGES", "r": "9.9405966765395617264905", "c": "0.5825380168983027579367", "K": "-8", "L": null}
{"eval": 2377, "purpose": "two-sided simple-root refinement", "status": "NUMERICAL_TWO_HALF_PASSAGES", "r": "10.060595620778422656406", "c": "0.5825380168983027579367", "K": "-8", "L": null}
{"eval": 2378, "purpose": "two-sided simple-root refinement", "status": "NUMERICAL_TWO_HALF_PASSAGES", "r": "10.121112452563447031001", "c": "0.5825380168983027579367", "K": "-8", "L": null}
{"eval": 2379, "purpose": "two-sided simple-root refinement", "status": "NUMERICAL_TWO_HALF_PASSAGES", "r": "11.063176162010348548524", "c": "0.5825380168983027579367", "K": "-8", "L": null}
{"eval": 2380, "purpose": "two-sided simple-root refinement", "status": "NUMERICAL_TWO_HALF_PASSAGES", "r": "10.16010991854615581366", "c": "0.5825380168983027579367", "K": "-8", "L": null}
{"eval": 2381, "purpose": "two-sided simple-root refinement", "status": "NUMERICAL_TWO_HALF_PASSAGES", "r": "10.602032156820914636335", "c": "0.5825380168983027579367", "K": "-8", "L": null}
POINT 8.9586601318709880208482 0.58287769251172663137689 -8 BRACKETS 2
{"eval": 2382, "purpose": "negative-K center-selected fold correction", "status": "NUMERICAL_TWO_HALF_PASSAGES", "r": "9.7925706825031939625065", "c": "0.5551773542514574113875", "K": "-10", "L": null}
{"eval": 2383, "purpose": "negative-K center-selected fold correction", "status": "NUMERICAL_TWO_HALF_PASSAGES", "r": "9.7274418902085192919701", "c": "0.5592727977836340153223", "K": "-10", "L": null}
{"eval": 2384, "purpose": "negative-K center-selected fold correction", "status": "NUMERICAL_TWO_HALF_PASSAGES", "r": "9.7396708529672259418986", "c": "0.55926589850438053588876", "K": "-10", "L": null}
{"eval": 2385, "purpose": "negative-K center-selected fold correction", "status": "NUMERICAL_TWO_HALF_PASSAGES", "r": "9.7396551010206836637012", "c": "0.55926587826233941464979", "K": "-10", "L": null}
{"eval": 2386, "purpose": "two-sided pair-side stationary/root profile", "status": "NUMERICAL_TWO_HALF_PASSAGES", "r": "5.9842509188847397324808e-05", "c": "0.55899438460043530881331", "K": "-10", "L": null}
{"eval": 2387, "purpose": "two-sided pair-side stationary/root profile", "status": "NUMERICAL_TWO_HALF_PASSAGES", "r": "0.0024787521766663562992449", "c": "0.55899438460043530881331", "K": "-10", "L": null}
{"eval": 2388, "purpose": "two-sided pair-side stationary/root profile", "status": "NUMERICAL_TWO_HALF_PASSAGES", "r": "0.0088814158373418111386239", "c": "0.55899438460043530881331", "K": "-10", "L": null}
{"eval": 2389, "purpose": "two-sided pair-side stationary/root profile", "status": "NUMERICAL_TWO_HALF_PASSAGES", "r": "0.17838800573111266503927", "c": "0.55899438460043530881331", "K": "-10", "L": null}
{"eval": 2390, "purpose": "two-sided pair-side stationary/root profile", "status": "NUMERICAL_TWO_HALF_PASSAGES", "r": "1.318118981723553824058", "c": "0.55899438460043530881331", "K": "-10", "L": null}
{"eval": 2391, "purpose": "two-sided pair-side stationary/root profile", "status": "NUMERICAL_TWO_HALF_PASSAGES", "r": "3.5830188757660767176916", "c": "0.55899438460043530881331", "K": "-10", "L": null}
{"eval": 2392, "purpose": "two-sided pair-side stationary/root profile", "status": "NUMERICAL_TWO_HALF_PASSAGES", "r": "7.2153139619917600268602", "c": "0.55899438460043530881331", "K": "-10", "L": null}
{"eval": 2393, "purpose": "two-sided pair-side stationary/root profile", "status": "NUMERICAL_TWO_HALF_PASSAGES", "r": "9.7396551010206836637012", "c": "0.55899438460043530881331", "K": "-10", "L": null}
{"eval": 2394, "purpose": "two-sided pair-side stationary/root profile", "status": "NUMERICAL_TWO_HALF_PASSAGES", "r": "13.147159220865315956348", "c": "0.55899438460043530881331", "K": "-10", "L": null}
{"eval": 2395, "purpose": "two-sided pair-side stationary/root profile", "status": "NUMERICAL_TWO_HALF_PASSAGES", "r": "26.475127476562970923329", "c": "0.55899438460043530881331", "K": "-10", "L": null}
{"eval": 2396, "purpose": "two-sided pair-side stationary/root profile", "status": "NUMERICAL_TWO_HALF_PASSAGES", "r": "71.966857925677900881256", "c": "0.55899438460043530881331", "K": "-10", "L": null}
{"eval": 2397, "purpose": "two-sided pair-side stationary/root profile", "status": "NUMERICAL_TWO_HALF_PASSAGES", "r": "531.76715047660589696932", "c": "0.55899438460043530881331", "K": "-10", "L": null}
{"eval": 2398, "purpose": "two-sided pair-side stationary/root profile", "status": "NUMERICAL_TWO_HALF_PASSAGES", "r": "10680.828735436160330963", "c": "0.55899438460043530881331", "K": "-10", "L": null}
{"eval": 2399, "purpose": "two-sided pair-side stationary/root profile", "status": "NUMERICAL_TWO_HALF_PASSAGES", "r": "1585175.5344596589310413", "c": "0.55899438460043530881331", "K": "-10", "L": null}
{"eval": 2400, "purpose": "two-sided simple-root refinement", "status": "NUMERICAL_TWO_HALF_PASSAGES", "r": "9.1490876134885430409974", "c": "0.55899438460043530881331", "K": "-10", "L": null}
{"eval": 2401, "purpose": "two-sided simple-root refinement", "status": "NUMERICAL_TWO_HALF_PASSAGES", "r": "8.8097939369994658900462", "c": "0.55899438460043530881331", "K": "-10", "L": null}
{"eval": 2402, "purpose": "two-sided simple-root refinement", "status": "NUMERICAL_TWO_HALF_PASSAGES", "r": "8.6677321501307137236944", "c": "0.55899438460043530881331", "K": "-10", "L": null}
{"eval": 2403, "purpose": "two-sided simple-root refinement", "status": "NUMERICAL_TWO_HALF_PASSAGES", "r": "8.6164252686133191161399", "c": "0.55899438460043530881331", "K": "-10", "L": null}
{"eval": 2404, "purpose": "two-sided simple-root refinement", "status": "NUMERICAL_TWO_HALF_PASSAGES", "r": "7.8848090365641882604902", "c": "0.55899438460043530881331", "K": "-10", "L": null}
{"eval": 2405, "purpose": "two-sided simple-root refinement", "status": "NUMERICAL_TWO_HALF_PASSAGES", "r": "8.242503734960774146312", "c": "0.55899438460043530881331", "K": "-10", "L": null}
{"eval": 2406, "purpose": "two-sided simple-root refinement", "status": "NUMERICAL_TWO_HALF_PASSAGES", "r": "8.5932199308620406969644", "c": "0.55899438460043530881331", "K": "-10", "L": null}
{"eval": 2407, "purpose": "two-sided simple-root refinement", "status": "NUMERICAL_TWO_HALF_PASSAGES", "r": "8.4160351339255788441496", "c": "0.55899438460043530881331", "K": "-10", "L": null}
{"eval": 2408, "purpose": "two-sided simple-root refinement", "status": "NUMERICAL_TWO_HALF_PASSAGES", "r": "10.201114402183555200827", "c": "0.55899438460043530881331", "K": "-10", "L": null}
{"eval": 2409, "purpose": "two-sided simple-root refinement", "status": "NUMERICAL_TWO_HALF_PASSAGES", "r": "10.571945683924472251213", "c": "0.55899438460043530881331", "K": "-10", "L": null}
{"eval": 2410, "purpose": "two-sided simple-root refinement", "status": "NUMERICAL_TWO_HALF_PASSAGES", "r": "10.809239390693831123907", "c": "0.55899438460043530881331", "K": "-10", "L": null}
{"eval": 2411, "purpose": "two-sided simple-root refinement", "status": "NUMERICAL_TWO_HALF_PASSAGES", "r": "10.939582329337297174517", "c": "0.55899438460043530881331", "K": "-10", "L": null}
{"eval": 2412, "purpose": "two-sided simple-root refinement", "status": "NUMERICAL_TWO_HALF_PASSAGES", "r": "11.005204500387528845744", "c": "0.55899438460043530881331", "K": "-10", "L": null}
{"eval": 2413, "purpose": "two-sided simple-root refinement", "status": "NUMERICAL_TWO_HALF_PASSAGES", "r": "12.028598248539950820758", "c": "0.55899438460043530881331", "K": "-10", "L": null}
{"eval": 2414, "purpose": "two-sided simple-root refinement", "status": "NUMERICAL_TWO_HALF_PASSAGES", "r": "11.04739436622817410575", "c": "0.55899438460043530881331", "K": "-10", "L": null}
{"eval": 2415, "purpose": "two-sided simple-root refinement", "status": "NUMERICAL_TWO_HALF_PASSAGES", "r": "11.527561256594663400242", "c": "0.55899438460043530881331", "K": "-10", "L": null}
POINT 9.7396551010206836637012 0.55926587826233941464979 -10 BRACKETS 2
{"eval": 2416, "purpose": "negative-K center-selected fold correction", "status": "NUMERICAL_TWO_HALF_PASSAGES", "r": "11.852037343735306865709", "c": "0.50884876241175130550266", "K": "-15", "L": null}
{"eval": 2417, "purpose": "negative-K center-selected fold correction", "status": "NUMERICAL_TWO_HALF_PASSAGES", "r": "11.110140582317529530341", "c": "0.52217812356470527613769", "K": "-15", "L": null}
{"eval": 2418, "purpose": "negative-K center-selected fold correction", "status": "NUMERICAL_TWO_HALF_PASSAGES", "r": "11.578320162213789309633", "c": "0.52195171021333719896425", "K": "-15", "L": null}
{"eval": 2419, "purpose": "negative-K center-selected fold correction", "status": "NUMERICAL_TWO_HALF_PASSAGES", "r": "11.560141016731580766719", "c": "0.52194190585801434755127", "K": "-15", "L": null}
{"eval": 2420, "purpose": "negative-K center-selected fold correction", "status": "NUMERICAL_TWO_HALF_PASSAGES", "r": "11.560108816057507363263", "c": "0.52194186855980772584253", "K": "-15", "L": null}
{"eval": 2421, "purpose": "two-sided pair-side stationary/root profile", "status": "NUMERICAL_TWO_HALF_PASSAGES", "r": "7.1027763393438882023137e-05", "c": "0.52177830571036307692745", "K": "-15", "L": null}
{"eval": 2422, "purpose": "two-sided pair-side stationary/root profile", "status": "NUMERICAL_TWO_HALF_PASSAGES", "r": "0.002478752176666359285883", "c": "0.52177830571036307692745", "K": "-15", "L": null}
{"eval": 2423, "purpose": "two-sided pair-side stationary/root profile", "status": "NUMERICAL_TWO_HALF_PASSAGES", "r": "0.010541454749210611072594", "c": "0.52177830571036307692745", "K": "-15", "L": null}
{"eval": 2424, "purpose": "two-sided pair-side stationary/root profile", "status": "NUMERICAL_TWO_HALF_PASSAGES", "r": "0.21173077858938172479762", "c": "0.52177830571036307692745", "K": "-15", "L": null}
{"eval": 2425, "purpose": "two-sided pair-side stationary/root profile", "status": "NUMERICAL_TWO_HALF_PASSAGES", "r": "1.5644906008672061688844", "c": "0.52177830571036307692745", "K": "-15", "L": null}
{"eval": 2426, "purpose": "two-sided pair-side stationary/root profile", "status": "NUMERICAL_TWO_HALF_PASSAGES", "r": "4.252726371132299525938", "c": "0.52177830571036307692745", "K": "-15", "L": null}
{"eval": 2427, "purpose": "two-sided pair-side stationary/root profile", "status": "NUMERICAL_TWO_HALF_PASSAGES", "r": "8.5639392439987628308923", "c": "0.52177830571036307692745", "K": "-15", "L": null}
{"eval": 2428, "purpose": "two-sided pair-side stationary/root profile", "status": "NUMERICAL_TWO_HALF_PASSAGES", "r": "11.560108816057507363263", "c": "0.52177830571036307692745", "K": "-15", "L": null}
{"eval": 2429, "purpose": "two-sided pair-side stationary/root profile", "status": "NUMERICAL_TWO_HALF_PASSAGES", "r": "15.604514701892227720309", "c": "0.52177830571036307692745", "K": "-15", "L": null}
{"eval": 2430, "purpose": "two-sided pair-side stationary/root profile", "status": "NUMERICAL_TWO_HALF_PASSAGES", "r": "31.423633729698329740063", "c": "0.52177830571036307692745", "K": "-15", "L": null}
{"eval": 2431, "purpose": "two-sided pair-side stationary/root profile", "status": "NUMERICAL_TWO_HALF_PASSAGES", "r": "85.41829255159170299766", "c": "0.52177830571036307692745", "K": "-15", "L": null}
{"eval": 2432, "purpose": "two-sided pair-side stationary/root profile", "status": "NUMERICAL_TWO_HALF_PASSAGES", "r": "631.16055553858120602539", "c": "0.52177830571036307692745", "K": "-15", "L": null}
{"eval": 2433, "purpose": "two-sided pair-side stationary/root profile", "status": "NUMERICAL_TWO_HALF_PASSAGES", "r": "12677.198642729813440333", "c": "0.52177830571036307692745", "K": "-15", "L": null}
{"eval": 2434, "purpose": "two-sided pair-side stationary/root profile", "status": "NUMERICAL_TWO_HALF_PASSAGES", "r": "1881463.0991384279737986", "c": "0.52177830571036307692745", "K": "-15", "L": null}
{"eval": 2435, "purpose": "two-sided simple-root refinement", "status": "NUMERICAL_TWO_HALF_PASSAGES", "r": "10.86335728186852859177", "c": "0.52177830571036307692745", "K": "-15", "L": null}
{"eval": 2436, "purpose": "two-sided simple-root refinement", "status": "NUMERICAL_TWO_HALF_PASSAGES", "r": "10.461076858294338294206", "c": "0.52177830571036307692745", "K": "-15", "L": null}
{"eval": 2437, "purpose": "two-sided simple-root refinement", "status": "NUMERICAL_TWO_HALF_PASSAGES", "r": "10.291207514580451044643", "c": "0.52177830571036307692745", "K": "-15", "L": null}
{"eval": 2438, "purpose": "two-sided simple-root refinement", "status": "NUMERICAL_TWO_HALF_PASSAGES", "r": "10.229277144195884816612", "c": "0.52177830571036307692745", "K": "-15", "L": null}
{"eval": 2439, "purpose": "two-sided simple-root refinement", "status": "NUMERICAL_TWO_HALF_PASSAGES", "r": "9.3596425130941154684958", "c": "0.52177830571036307692745", "K": "-15", "L": null}
{"eval": 2440, "purpose": "two-sided simple-root refinement", "status": "NUMERICAL_TWO_HALF_PASSAGES", "r": "9.7848033826458550837185", "c": "0.52177830571036307692745", "K": "-15", "L": null}
{"eval": 2441, "purpose": "two-sided simple-root refinement", "status": "NUMERICAL_TWO_HALF_PASSAGES", "r": "10.20089904114171053956", "c": "0.52177830571036307692745", "K": "-15", "L": null}
{"eval": 2442, "purpose": "two-sided simple-root refinement", "status": "NUMERICAL_TWO_HALF_PASSAGES", "r": "9.9906852339462816721058", "c": "0.52177830571036307692745", "K": "-15", "L": null}
{"eval": 2443, "purpose": "two-sided simple-root refinement", "status": "NUMERICAL_TWO_HALF_PASSAGES", "r": "12.110651323227984460518", "c": "0.52177830571036307692745", "K": "-15", "L": null}
{"eval": 2444, "purpose": "two-sided simple-root refinement", "status": "NUMERICAL_TWO_HALF_PASSAGES", "r": "12.55228761520429408248", "c": "0.52177830571036307692745", "K": "-15", "L": null}
{"eval": 2445, "purpose": "two-sided simple-root refinement", "status": "NUMERICAL_TWO_HALF_PASSAGES", "r": "12.833905616269527891031", "c": "0.52177830571036307692745", "K": "-15", "L": null}
{"eval": 2446, "purpose": "two-sided simple-root refinement", "status": "NUMERICAL_TWO_HALF_PASSAGES", "r": "12.987961430706889139064", "c": "0.52177830571036307692745", "K": "-15", "L": null}
{"eval": 2447, "purpose": "two-sided simple-root refinement", "status": "NUMERICAL_TWO_HALF_PASSAGES", "r": "13.065204706518572371106", "c": "0.52177830571036307692745", "K": "-15", "L": null}
{"eval": 2448, "purpose": "two-sided simple-root refinement", "status": "NUMERICAL_TWO_HALF_PASSAGES", "r": "14.278521594552448304057", "c": "0.52177830571036307692745", "K": "-15", "L": null}
{"eval": 2449, "purpose": "two-sided simple-root refinement", "status": "NUMERICAL_TWO_HALF_PASSAGES", "r": "13.114591996431818820938", "c": "0.52177830571036307692745", "K": "-15", "L": null}
{"eval": 2450, "purpose": "two-sided simple-root refinement", "status": "NUMERICAL_TWO_HALF_PASSAGES", "r": "13.684187408275159620295", "c": "0.52177830571036307692745", "K": "-15", "L": null}
POINT 11.560108816057507363263 0.52194186855980772584253 -15 BRACKETS 2
{"eval": 2451, "purpose": "negative-K center-selected fold correction", "status": "NUMERICAL_TWO_HALF_PASSAGES", "r": "13.435506157456811347946", "c": "0.49409008443910199800475", "K": "-20", "L": null}
{"eval": 2452, "purpose": "negative-K center-selected fold correction", "status": "NUMERICAL_TWO_HALF_PASSAGES", "r": "13.055045607093004396589", "c": "0.499629538686275638526", "K": "-20", "L": null}
{"eval": 2453, "purpose": "negative-K center-selected fold correction", "status": "NUMERICAL_TWO_HALF_PASSAGES", "r": "13.233387350966920295928", "c": "0.49951350485699330593813", "K": "-20", "L": null}
{"eval": 2454, "purpose": "negative-K center-selected fold correction", "status": "NUMERICAL_TWO_HALF_PASSAGES", "r": "13.231502283963901870321", "c": "0.49951342583974873978736", "K": "-20", "L": null}
{"eval": 2455, "purpose": "negative-K center-selected fold correction", "status": "NUMERICAL_TWO_HALF_PASSAGES", "r": "13.231502007151731137302", "c": "0.49951342570136731354217", "K": "-20", "L": null}
{"eval": 2456, "purpose": "two-sided pair-side stationary/root profile", "status": "NUMERICAL_TWO_HALF_PASSAGES", "r": "8.1297158085428668880134e-05", "c": "0.49941100098183555491046", "K": "-20", "L": null}
{"eval": 2457, "purpose": "two-sided pair-side stationary/root profile", "status": "NUMERICAL_TWO_HALF_PASSAGES", "r": "0.0024787521766663608469648", "c": "0.49941100098183555491046", "K": "-20", "L": null}
{"eval": 2458, "purpose": "two-sided pair-side stationary/root profile", "status": "NUMERICAL_TWO_HALF_PASSAGES", "r": "0.012065568057520046961966", "c": "0.49941100098183555491046", "K": "-20", "L": null}
{"eval": 2459, "purpose": "two-sided pair-side stationary/root profile", "status": "NUMERICAL_TWO_HALF_PASSAGES", "r": "0.24234341271855260896851", "c": "0.49941100098183555491046", "K": "-20", "L": null}
{"eval": 2460, "purpose": "two-sided pair-side stationary/root profile", "status": "NUMERICAL_TWO_HALF_PASSAGES", "r": "1.7906890717836888651544", "c": "0.49941100098183555491046", "K": "-20", "L": null}
{"eval": 2461, "purpose": "two-sided pair-side stationary/root profile", "status": "NUMERICAL_TWO_HALF_PASSAGES", "r": "4.8675975642497962751591", "c": "0.49941100098183555491046", "K": "-20", "L": null}
{"eval": 2462, "purpose": "two-sided pair-side stationary/root profile", "status": "NUMERICAL_TWO_HALF_PASSAGES", "r": "9.802137773884724153417", "c": "0.49941100098183555491046", "K": "-20", "L": null}
{"eval": 2463, "purpose": "two-sided pair-side stationary/root profile", "status": "NUMERICAL_TWO_HALF_PASSAGES", "r": "13.231502007151731137302", "c": "0.49941100098183555491046", "K": "-20", "L": null}
{"eval": 2464, "purpose": "two-sided pair-side stationary/root profile", "status": "NUMERICAL_TWO_HALF_PASSAGES", "r": "17.860659521813327289472", "c": "0.49941100098183555491046", "K": "-20", "L": null}
{"eval": 2465, "purpose": "two-sided pair-side stationary/root profile", "status": "NUMERICAL_TWO_HALF_PASSAGES", "r": "35.966951469259934741352", "c": "0.49941100098183555491046", "K": "-20", "L": null}
{"eval": 2466, "purpose": "two-sided pair-side stationary/root profile", "status": "NUMERICAL_TWO_HALF_PASSAGES", "r": "97.768310603957638921235", "c": "0.49941100098183555491046", "K": "-20", "L": null}
{"eval": 2467, "purpose": "two-sided pair-side stationary/root profile", "status": "NUMERICAL_TWO_HALF_PASSAGES", "r": "722.41553175031935529748", "c": "0.49941100098183555491046", "K": "-20", "L": null}
{"eval": 2468, "purpose": "two-sided pair-side stationary/root profile", "status": "NUMERICAL_TWO_HALF_PASSAGES", "r": "14510.10383685529231812", "c": "0.49941100098183555491046", "K": "-20", "L": null}
{"eval": 2469, "purpose": "two-sided pair-side stationary/root profile", "status": "NUMERICAL_TWO_HALF_PASSAGES", "r": "2153490.3493341117257387", "c": "0.49941100098183555491046", "K": "-20", "L": null}
{"eval": 2470, "purpose": "two-sided simple-root refinement", "status": "NUMERICAL_TWO_HALF_PASSAGES", "r": "12.437786484017580671338", "c": "0.49941100098183555491046", "K": "-20", "L": null}
{"eval": 2471, "purpose": "two-sided simple-root refinement", "status": "NUMERICAL_TWO_HALF_PASSAGES", "r": "11.977474223700180878255", "c": "0.49941100098183555491046", "K": "-20", "L": null}
{"eval": 2472, "purpose": "two-sided simple-root refinement", "status": "NUMERICAL_TWO_HALF_PASSAGES", "r": "11.781708180418097360424", "c": "0.49941100098183555491046", "K": "-20", "L": null}
{"eval": 2473, "purpose": "two-sided simple-root refinement", "status": "NUMERICAL_TWO_HALF_PASSAGES", "r": "11.709781016730296424738", "c": "0.49941100098183555491046", "K": "-20", "L": null}
{"eval": 2474, "purpose": "two-sided simple-root refinement", "status": "NUMERICAL_TWO_HALF_PASSAGES", "r": "10.713584219485573710215", "c": "0.49941100098183555491046", "K": "-20", "L": null}
{"eval": 2475, "purpose": "two-sided simple-root refinement", "status": "NUMERICAL_TWO_HALF_PASSAGES", "r": "11.200612711565088329413", "c": "0.49941100098183555491046", "K": "-20", "L": null}
{"eval": 2476, "purpose": "two-sided simple-root refinement", "status": "NUMERICAL_TWO_HALF_PASSAGES", "r": "11.676467578819114684005", "c": "0.49941100098183555491046", "K": "-20", "L": null}
{"eval": 2477, "purpose": "two-sided simple-root refinement", "status": "NUMERICAL_TWO_HALF_PASSAGES", "r": "11.436065371861906503001", "c": "0.49941100098183555491046", "K": "-20", "L": null}
{"eval": 2478, "purpose": "two-sided simple-root refinement", "status": "NUMERICAL_TWO_HALF_PASSAGES", "r": "13.864151573329024316576", "c": "0.49941100098183555491046", "K": "-20", "L": null}
{"eval": 2479, "purpose": "two-sided simple-root refinement", "status": "NUMERICAL_TWO_HALF_PASSAGES", "r": "14.370728286812681389825", "c": "0.49941100098183555491046", "K": "-20", "L": null}
{"eval": 2480, "purpose": "two-sided simple-root refinement", "status": "NUMERICAL_TWO_HALF_PASSAGES", "r": "14.692745306608710195023", "c": "0.49941100098183555491046", "K": "-20", "L": null}
{"eval": 2481, "purpose": "two-sided simple-root refinement", "status": "NUMERICAL_TWO_HALF_PASSAGES", "r": "14.868279054167372122894", "c": "0.49941100098183555491046", "K": "-20", "L": null}
{"eval": 2482, "purpose": "two-sided simple-root refinement", "status": "NUMERICAL_TWO_HALF_PASSAGES", "r": "14.955988013034931716563", "c": "0.49941100098183555491046", "K": "-20", "L": null}
{"eval": 2483, "purpose": "two-sided simple-root refinement", "status": "NUMERICAL_TWO_HALF_PASSAGES", "r": "16.343922714976913963814", "c": "0.49941100098183555491046", "K": "-20", "L": null}
{"eval": 2484, "purpose": "two-sided simple-root refinement", "status": "NUMERICAL_TWO_HALF_PASSAGES", "r": "15.011807937308097698516", "c": "0.49941100098183555491046", "K": "-20", "L": null}
{"eval": 2485, "purpose": "two-sided simple-root refinement", "status": "NUMERICAL_TWO_HALF_PASSAGES", "r": "15.663710567405175045838", "c": "0.49941100098183555491046", "K": "-20", "L": null}
POINT 13.231502007151731137302 0.49951342570136731354217 -20 BRACKETS 2
{"eval": 2486, "purpose": "negative-K center-selected fold correction", "status": "NUMERICAL_TWO_HALF_PASSAGES", "r": "16.880661257183612817059", "c": "0.46322654958918047632985", "K": "-30", "L": null}
{"eval": 2487, "purpose": "negative-K center-selected fold correction", "status": "NUMERICAL_TWO_HALF_PASSAGES", "r": "12.505501436477574630189", "c": "0.46664693927726944819604", "K": "-30", "L": null}
{"eval": 2488, "purpose": "negative-K center-selected fold correction", "status": "NUMERICAL_TWO_HALF_PASSAGES", "r": "16.880661257183612817059", "c": "0.4716494170582423504218", "K": "-30", "L": null}
{"eval": 2489, "purpose": "negative-K center-selected fold correction", "status": "NUMERICAL_TWO_HALF_PASSAGES", "r": "16.192055604319637931998", "c": "0.47287482007153489325978", "K": "-30", "L": null}
{"eval": 2490, "purpose": "negative-K center-selected fold correction", "status": "NUMERICAL_TWO_HALF_PASSAGES", "r": "16.272314037686991926995", "c": "0.47287699971588578715695", "K": "-30", "L": null}
{"eval": 2491, "purpose": "negative-K center-selected fold correction", "status": "NUMERICAL_TWO_HALF_PASSAGES", "r": "16.27191084960516027566", "c": "0.47287693481152797580396", "K": "-30", "L": null}
{"eval": 2492, "purpose": "two-sided pair-side stationary/root profile", "status": "NUMERICAL_TWO_HALF_PASSAGES", "r": "9.9978075654399350873509e-05", "c": "0.47283937451199009279531", "K": "-30", "L": null}
{"eval": 2493, "purpose": "two-sided pair-side stationary/root profile", "status": "NUMERICAL_TWO_HALF_PASSAGES", "r": "0.0024787521766663586838544", "c": "0.47283937451199009279531", "K": "-30", "L": null}
{"eval": 2494, "purpose": "two-sided pair-side stationary/root profile", "status": "NUMERICAL_TWO_HALF_PASSAGES", "r": "0.014838062048865811327915", "c": "0.47283937451199009279531", "K": "-30", "L": null}
{"eval": 2495, "purpose": "two-sided pair-side stationary/root profile", "status": "NUMERICAL_TWO_HALF_PASSAGES", "r": "0.29803044315104390928929", "c": "0.47283937451199009279531", "K": "-30", "L": null}
{"eval": 2496, "purpose": "two-sided pair-side stationary/root profile", "status": "NUMERICAL_TWO_HALF_PASSAGES", "r": "2.2021636636322254325544", "c": "0.47283937451199009279531", "K": "-30", "L": null}
{"eval": 2497, "purpose": "two-sided pair-side stationary/root profile", "status": "NUMERICAL_TWO_HALF_PASSAGES", "r": "5.9861014701442756056997", "c": "0.47283937451199009279531", "K": "-30", "L": null}
{"eval": 2498, "purpose": "two-sided pair-side stationary/root profile", "status": "NUMERICAL_TWO_HALF_PASSAGES", "r": "12.054528042696035013137", "c": "0.47283937451199009279531", "K": "-30", "L": null}
{"eval": 2499, "purpose": "two-sided pair-side stationary/root profile", "status": "NUMERICAL_TWO_HALF_PASSAGES", "r": "16.27191084960516027566", "c": "0.47283937451199009279531", "K": "-30", "L": null}
{"eval": 2500, "purpose": "two-sided pair-side stationary/root profile", "status": "NUMERICAL_TWO_HALF_PASSAGES", "r": "21.964782176431048984697", "c": "0.47283937451199009279531", "K": "-30", "L": null}
{"eval": 2501, "purpose": "two-sided pair-side stationary/root profile", "status": "NUMERICAL_TWO_HALF_PASSAGES", "r": "44.231639576787291297938", "c": "0.47283937451199009279531", "K": "-30", "L": null}
{"eval": 2502, "purpose": "two-sided pair-side stationary/root profile", "status": "NUMERICAL_TWO_HALF_PASSAGES", "r": "120.23406210453082795797", "c": "0.47283937451199009279531", "K": "-30", "L": null}
{"eval": 2503, "purpose": "two-sided pair-side stationary/root profile", "status": "NUMERICAL_TWO_HALF_PASSAGES", "r": "888.41622989269008497937", "c": "0.47283937451199009279531", "K": "-30", "L": null}
{"eval": 2504, "purpose": "two-sided pair-side stationary/root profile", "status": "NUMERICAL_TWO_HALF_PASSAGES", "r": "17844.316988668810095575", "c": "0.47283937451199009279531", "K": "-30", "L": null}
{"eval": 2505, "purpose": "two-sided pair-side stationary/root profile", "status": "NUMERICAL_TWO_HALF_PASSAGES", "r": "2648331.4563161147382289", "c": "0.47283937451199009279531", "K": "-30", "L": null}
{"eval": 2506, "purpose": "two-sided simple-root refinement", "status": "NUMERICAL_TWO_HALF_PASSAGES", "r": "15.302548545352079869923", "c": "0.47283937451199009279531", "K": "-30", "L": null}
{"eval": 2507, "purpose": "two-sided simple-root refinement", "status": "NUMERICAL_TWO_HALF_PASSAGES", "r": "14.736413066616908886658", "c": "0.47283937451199009279531", "K": "-30", "L": null}
{"eval": 2508, "purpose": "two-sided simple-root refinement", "status": "NUMERICAL_TWO_HALF_PASSAGES", "r": "14.493030377684693468278", "c": "0.47283937451199009279531", "K": "-30", "L": null}
{"eval": 2509, "purpose": "two-sided simple-root refinement", "status": "NUMERICAL_TWO_HALF_PASSAGES", "r": "14.402567371249393066331", "c": "0.47283937451199009279531", "K": "-30", "L": null}
{"eval": 2510, "purpose": "two-sided simple-root refinement", "status": "NUMERICAL_TWO_HALF_PASSAGES", "r": "13.176348214264251314069", "c": "0.47283937451199009279531", "K": "-30", "L": null}
{"eval": 2511, "purpose": "two-sided simple-root refinement", "status": "NUMERICAL_TWO_HALF_PASSAGES", "r": "13.775820950599732320728", "c": "0.47283937451199009279531", "K": "-30", "L": null}
{"eval": 2512, "purpose": "two-sided simple-root refinement", "status": "NUMERICAL_TWO_HALF_PASSAGES", "r": "14.359994615188712089801", "c": "0.47283937451199009279531", "K": "-30", "L": null}
{"eval": 2513, "purpose": "two-sided simple-root refinement", "status": "NUMERICAL_TWO_HALF_PASSAGES", "r": "14.064875209912670999193", "c": "0.47283937451199009279531", "K": "-30", "L": null}
{"eval": 2514, "purpose": "two-sided simple-root refinement", "status": "NUMERICAL_TWO_HALF_PASSAGES", "r": "17.054392962663654769589", "c": "0.47283937451199009279531", "K": "-30", "L": null}
{"eval": 2515, "purpose": "two-sided simple-root refinement", "status": "NUMERICAL_TWO_HALF_PASSAGES", "r": "17.67901218404970189492", "c": "0.47283937451199009279531", "K": "-30", "L": null}
{"eval": 2516, "purpose": "two-sided simple-root refinement", "status": "NUMERICAL_TWO_HALF_PASSAGES", "r": "18.074098301546776899895", "c": "0.47283937451199009279531", "K": "-30", "L": null}
{"eval": 2517, "purpose": "two-sided simple-root refinement", "status": "NUMERICAL_TWO_HALF_PASSAGES", "r": "18.288289491373304588781", "c": "0.47283937451199009279531", "K": "-30", "L": null}
{"eval": 2518, "purpose": "two-sided simple-root refinement", "status": "NUMERICAL_TWO_HALF_PASSAGES", "r": "18.39475296151781420935", "c": "0.47283937451199009279531", "K": "-30", "L": null}
{"eval": 2519, "purpose": "two-sided simple-root refinement", "status": "NUMERICAL_TWO_HALF_PASSAGES", "r": "20.100665212599277034689", "c": "0.47283937451199009279531", "K": "-30", "L": null}
{"eval": 2520, "purpose": "two-sided simple-root refinement", "status": "NUMERICAL_TWO_HALF_PASSAGES", "r": "18.462035369689341578192", "c": "0.47283937451199009279531", "K": "-30", "L": null}
{"eval": 2521, "purpose": "two-sided simple-root refinement", "status": "NUMERICAL_TWO_HALF_PASSAGES", "r": "19.263935011032714271148", "c": "0.47283937451199009279531", "K": "-30", "L": null}
POINT 16.27191084960516027566 0.47287693481152797580396 -30 BRACKETS 2
{"eval": 2522, "purpose": "negative-K center-selected fold correction", "status": "UNRESOLVED", "r": null, "c": null, "K": null, "L": null}
