label,kind,c_exact,m_exact,K_exact,beta_exact,coefficient_vector,origin_count,origin_stability,origin_roots,section_angle,return_edge,edge_kind,edge_D,outside_outer_D,sign_mismatch,known_pair_supported,remote_roots
positive_K_0.00390625,fold,969156431821404178705690370806720419/1000000000000000000000000000000000000,92752999363501949881591208945373579/2500000000000000000000000000000000,48828124999999999999999999999956307129596372768445418488069386505611/12500000000000000000000000000000000000000000000000000000000000000000000,0,"[""0"", ""0"", ""1"", ""1"", ""1"", ""0"", ""0"", ""-92752999363501949881591208945373579/2500000000000000000000000000000000"", ""0"", ""-10"", ""11/5"", ""969156431821404178705690370806720419/1000000000000000000000000000000000000""]",0,,[],-0.9606779110428977,2.010328497117133e+17,scan_cap,1.557392408573179,,False,False,[[18205689.644426107]]
positive_K_0.00390625,pair,96915425428397221848853544000890848833144974560439/100000000000000000000000000000000000000000000000000,92752999363501949881591208945373579/2500000000000000000000000000000000,4660642059155331538504352100233691309281434168051464248067379375179910159861652991/1250000000000000000000000000000000000000000000000000000000000000000000000000000000000,0,"[""0"", ""0"", ""1"", ""1"", ""1"", ""0"", ""0"", ""-92752999363501949881591208945373579/2500000000000000000000000000000000"", ""0"", ""-10"", ""11/5"", ""96915425428397221848853544000890848833144974560439/100000000000000000000000000000000000000000000000000""]",2,SU,"[7.150946467468296, 19.43828783880247]",-0.9606779892391332,2.010328497117133e+17,scan_cap,1.5493616100960708,7.796924705427699e-06,False,True,[[18205689.644426107]]
positive_K_0.00390625,hopf_small,96915425428397221848853544000890848833144974560439/100000000000000000000000000000000000000000000000000,92752999363501949881591208945373579/2500000000000000000000000000000000,4660642059155331538504352100233691309281434168051464248067379375179910159861652991/1250000000000000000000000000000000000000000000000000000000000000000000000000000000000,-1/256000000,"[""0"", ""0"", ""1"", ""1"", ""1"", ""0"", ""0"", ""-92752999363501949881591208945373579/2500000000000000000000000000000000"", ""-1/256000000"", ""-10"", ""11/5"", ""96915425428397221848853544000890848833144974560439/100000000000000000000000000000000000000000000000000""]",3,USU,"[0.022759895093526734, 7.150946467468296, 19.43828783880247]",-0.9606779892686417,2.010328497117133e+17,scan_cap,1.549361298599905,7.786109895935311e-06,False,True,[[18205689.644426107]]
positive_K_0.00390625,hopf,96915425428397221848853544000890848833144974560439/100000000000000000000000000000000000000000000000000,92752999363501949881591208945373579/2500000000000000000000000000000000,4660642059155331538504352100233691309281434168051464248067379375179910159861652991/1250000000000000000000000000000000000000000000000000000000000000000000000000000000000,-1/25600000,"[""0"", ""0"", ""1"", ""1"", ""1"", ""0"", ""0"", ""-92752999363501949881591208945373579/2500000000000000000000000000000000"", ""-1/25600000"", ""-10"", ""11/5"", ""96915425428397221848853544000890848833144974560439/100000000000000000000000000000000000000000000000000""]",3,USU,"[0.0618678092503679, 7.150946467468296, 19.43828783880247]",-0.9606779895342176,2.010328497117133e+17,scan_cap,1.5493584951715036,7.688776103798034e-06,False,True,[[18205689.644426107]]
positive_K_0.015625,fold,242691594139419884714784311930500799/250000000000000000000000000000000000,369958104161924884129902716919095009/10000000000000000000000000000000000,195312500000000000000000000000043016973963717251449008017755545534101/12500000000000000000000000000000000000000000000000000000000000000000000,0,"[""0"", ""0"", ""1"", ""1"", ""1"", ""0"", ""0"", ""-369958104161924884129902716919095009/10000000000000000000000000000000000"", ""0"", ""-10"", ""11/5"", ""242691594139419884714784311930500799/250000000000000000000000000000000000""]",0,,[],-0.961178037906659,3.855559164343897e+16,integration_failure_bracket,6.810626398985271,,False,False,[[23376568.23177193]]
positive_K_0.015625,pair,9707576559905349565574813776038935648379369280803/10000000000000000000000000000000000000000000000000,369958104161924884129902716919095009/10000000000000000000000000000000000,7457613106317091708130517532915242362468225119005220781917952822269660521524934497/500000000000000000000000000000000000000000000000000000000000000000000000000000000000,0,"[""0"", ""0"", ""1"", ""1"", ""1"", ""0"", ""0"", ""-369958104161924884129902716919095009/10000000000000000000000000000000000"", ""0"", ""-10"", ""11/5"", ""9707576559905349565574813776038935648379369280803/10000000000000000000000000000000000000000000000000""]",2,SU,"[7.150946467468296, 19.43828783880247]",-0.9611783526719502,3.958571520780645e+16,integration_failure_bracket,6.784239341274763,3.0827213953532606e-05,False,True,[[23376568.23177193]]
positive_K_0.015625,hopf_small,9707576559905349565574813776038935648379369280803/10000000000000000000000000000000000000000000000000,369958104161924884129902716919095009/10000000000000000000000000000000000,7457613106317091708130517532915242362468225119005220781917952822269660521524934497/500000000000000000000000000000000000000000000000000000000000000000000000000000000000,-15625000000000000000000000000006163/1000000000000000000000000000000000000000000,"[""0"", ""0"", ""1"", ""1"", ""1"", ""0"", ""0"", ""-369958104161924884129902716919095009/10000000000000000000000000000000000"", ""-15625000000000000000000000000006163/1000000000000000000000000000000000000000000"", ""-10"", ""11/5"", ""9707576559905349565574813776038935648379369280803/10000000000000000000000000000000000000000000000000""]",3,USU,"[0.022759895093526734, 7.150946467468296, 19.43828783880247]",-0.9611783527907563,3.958571520780645e+16,integration_failure_bracket,6.784237625089077,3.078377831444712e-05,False,True,[[23376568.23177193]]
positive_K_0.015625,hopf,9707576559905349565574813776038935648379369280803/10000000000000000000000000000000000000000000000000,369958104161924884129902716919095009/10000000000000000000000000000000000,7457613106317091708130517532915242362468225119005220781917952822269660521524934497/500000000000000000000000000000000000000000000000000000000000000000000000000000000000,-15625000000000000000000000000006163/100000000000000000000000000000000000000000,"[""0"", ""0"", ""1"", ""1"", ""1"", ""0"", ""0"", ""-369958104161924884129902716919095009/10000000000000000000000000000000000"", ""-15625000000000000000000000000006163/100000000000000000000000000000000000000000"", ""-10"", ""11/5"", ""9707576559905349565574813776038935648379369280803/10000000000000000000000000000000000000000000000000""]",3,USU,"[0.0618678092503679, 7.150946467468296, 19.43828783880247]",-0.9611783538600118,3.958571520780645e+16,integration_failure_bracket,6.784222179572531,3.039285663142266e-05,False,True,[[23376568.23177193]]
positive_K_0.0625,fold,7634714119497180735747231548404931/7812500000000000000000000000000000,36578138638618247211702495857738587/1000000000000000000000000000000000,2441406250000000000000000000000153826678687073894345428638817497467/39062500000000000000000000000000000000000000000000000000000000000000,0,"[""0"", ""0"", ""1"", ""1"", ""1"", ""0"", ""0"", ""-36578138638618247211702495857738587/1000000000000000000000000000000000"", ""0"", ""-10"", ""11/5"", ""7634714119497180735747231548404931/7812500000000000000000000000000000""]",0,,[],-0.9631838644182182,839861247437.5867,integration_failure_bracket,17.543524815614006,,False,False,[[49488195.3350085]]
positive_K_0.0625,pair,48860418261290747358615688996065935900750235071583/50000000000000000000000000000000000000000000000000,36578138638618247211702495857738587/1000000000000000000000000000000000,14920024471482710764490637780767117181116080461402418144161828170739267826909005431/250000000000000000000000000000000000000000000000000000000000000000000000000000000000,0,"[""0"", ""0"", ""1"", ""1"", ""1"", ""0"", ""0"", ""-36578138638618247211702495857738587/1000000000000000000000000000000000"", ""0"", ""-10"", ""11/5"", ""48860418261290747358615688996065935900750235071583/50000000000000000000000000000000000000000000000000""]",2,SU,"[7.150946467468296, 19.43828783880247]",-0.9631851553272778,880167030257.0555,integration_failure_bracket,17.498345230757145,0.00011738854138743093,False,True,[[49488195.3350085]]
positive_K_0.0625,hopf_small,48860418261290747358615688996065935900750235071583/50000000000000000000000000000000000000000000000000,36578138638618247211702495857738587/1000000000000000000000000000000000,14920024471482710764490637780767117181116080461402418144161828170739267826909005431/250000000000000000000000000000000000000000000000000000000000000000000000000000000000,-62500000000000000000000000000006163/1000000000000000000000000000000000000000000,"[""0"", ""0"", ""1"", ""1"", ""1"", ""0"", ""0"", ""-36578138638618247211702495857738587/1000000000000000000000000000000000"", ""-62500000000000000000000000000006163/1000000000000000000000000000000000000000000"", ""-10"", ""11/5"", ""48860418261290747358615688996065935900750235071583/50000000000000000000000000000000000000000000000000""]",3,USU,"[0.022759895093526734, 7.150946467468296, 19.43828783880247]",-0.9631851558150061,880167030257.0555,integration_failure_bracket,17.498332288740272,0.00011721193311453604,False,True,[[49488195.3350085]]
positive_K_0.0625,hopf,48860418261290747358615688996065935900750235071583/50000000000000000000000000000000000000000000000000,36578138638618247211702495857738587/1000000000000000000000000000000000,14920024471482710764490637780767117181116080461402418144161828170739267826909005431/250000000000000000000000000000000000000000000000000000000000000000000000000000000000,-62500000000000000000000000000006163/100000000000000000000000000000000000000000,"[""0"", ""0"", ""1"", ""1"", ""1"", ""0"", ""0"", ""-36578138638618247211702495857738587/1000000000000000000000000000000000"", ""-62500000000000000000000000000006163/100000000000000000000000000000000000000000"", ""-10"", ""11/5"", ""48860418261290747358615688996065935900750235071583/50000000000000000000000000000000000000000000000000""]",3,USU,"[0.0618678092503679, 7.150946467468296, 19.43828783880247]",-0.963185160204561,880167030257.0555,integration_failure_bracket,17.498215810472303,0.00011562245946272753,False,True,[[49488195.3350085]]
positive_K_0.15,fold,989482868348152074454102711756358357/1000000000000000000000000000000000000,89538936774374742469610241471295197/2500000000000000000000000000000000,1874999999999999999999999999999980069897395822689683394392813514024619/12500000000000000000000000000000000000000000000000000000000000000000000,0,"[""0"", ""0"", ""1"", ""1"", ""1"", ""0"", ""0"", ""-89538936774374742469610241471295197/2500000000000000000000000000000000"", ""0"", ""-10"", ""11/5"", ""989482868348152074454102711756358357/1000000000000000000000000000000000000""]",0,,[],-0.9669456625924017,220279727.1083415,integration_failure_bracket,25.795807922107578,,False,False,[[284784901.30553424]]
positive_K_0.15,pair,98939812609053806356560199460948984751240844021267/100000000000000000000000000000000000000000000000000,89538936774374742469610241471295197/2500000000000000000000000000000000,179153495188719432678596912203920567204942301484341443642249255977200300759332500589/1250000000000000000000000000000000000000000000000000000000000000000000000000000000000,0,"[""0"", ""0"", ""1"", ""1"", ""1"", ""0"", ""0"", ""-89538936774374742469610241471295197/2500000000000000000000000000000000"", ""0"", ""-10"", ""11/5"", ""98939812609053806356560199460948984751240844021267/100000000000000000000000000000000000000000000000000""]",2,SU,"[9.181997017602711, 19.43828783880247]",-0.966948904693429,230400730.7681778,integration_failure_bracket,25.72558270295572,0.0002537475942121503,False,True,[[284784901.30553424]]
positive_K_0.15,hopf_small,98939812609053806356560199460948984751240844021267/100000000000000000000000000000000000000000000000000,89538936774374742469610241471295197/2500000000000000000000000000000000,179153495188719432678596912203920567204942301484341443642249255977200300759332500589/1250000000000000000000000000000000000000000000000000000000000000000000000000000000000,-1/10000000,"[""0"", ""0"", ""1"", ""1"", ""1"", ""0"", ""0"", ""-89538936774374742469610241471295197/2500000000000000000000000000000000"", ""-1/10000000"", ""-10"", ""11/5"", ""98939812609053806356560199460948984751240844021267/100000000000000000000000000000000000000000000000000""]",3,USU,"[0.017725424121461646, 9.181997017602711, 19.43828783880247]",-0.9669489055120789,230400730.7681778,integration_failure_bracket,25.725514974177536,0.0002534561685831882,False,True,[[284784901.30553424]]
positive_K_0.15,hopf,98939812609053806356560199460948984751240844021267/100000000000000000000000000000000000000000000000000,89538936774374742469610241471295197/2500000000000000000000000000000000,179153495188719432678596912203920567204942301484341443642249255977200300759332500589/1250000000000000000000000000000000000000000000000000000000000000000000000000000000000,-1/1000000,"[""0"", ""0"", ""1"", ""1"", ""1"", ""0"", ""0"", ""-89538936774374742469610241471295197/2500000000000000000000000000000000"", ""-1/1000000"", ""-10"", ""11/5"", ""98939812609053806356560199460948984751240844021267/100000000000000000000000000000000000000000000000000""]",3,USU,"[0.0618678092503679, 9.181997017602711, 19.43828783880247]",-0.9669489128799281,230625841.38121995,integration_failure_bracket,25.749230063884255,0.0002508333411799235,False,True,[[284784901.30553424]]
positive_K_0.3,fold,25271233544097849324597930962507223/25000000000000000000000000000000000,345625352779931512539173975541617339/10000000000000000000000000000000000,374999999999999999999999999999990082010895425487950043343254784935567/1250000000000000000000000000000000000000000000000000000000000000000000,0,"[""0"", ""0"", ""1"", ""1"", ""1"", ""0"", ""0"", ""-345625352779931512539173975541617339/10000000000000000000000000000000000"", ""0"", ""-10"", ""11/5"", ""25271233544097849324597930962507223/25000000000000000000000000000000000""]",0,,[],-0.9734156805245628,972433.7424703918,integration_failure_bracket,31.068368982591004,,False,False,[[42265826867.469826]]
positive_K_0.3,pair,5053390775692554125910161448556342613049035965683/5000000000000000000000000000000000000000000000000,345625352779931512539173975541617339/10000000000000000000000000000000000,71745845921210708046358384477707308348817141024288213645825290715114597908739552907/250000000000000000000000000000000000000000000000000000000000000000000000000000000000,0,"[""0"", ""0"", ""1"", ""1"", ""1"", ""0"", ""0"", ""-345625352779931512539173975541617339/10000000000000000000000000000000000"", ""0"", ""-10"", ""11/5"", ""5053390775692554125910161448556342613049035965683/5000000000000000000000000000000000000000000000000""]",2,SU,"[9.181997017602711, 19.43828783880247]",-0.9734226600898768,1010184.1091756776,integration_failure_bracket,31.03963506898844,0.00040392250518905826,False,True,[[54270395955.154884]]
positive_K_0.3,hopf_small,5053390775692554125910161448556342613049035965683/5000000000000000000000000000000000000000000000000,345625352779931512539173975541617339/10000000000000000000000000000000000,71745845921210708046358384477707308348817141024288213645825290715114597908739552907/250000000000000000000000000000000000000000000000000000000000000000000000000000000000,-1/10000000,"[""0"", ""0"", ""1"", ""1"", ""1"", ""0"", ""0"", ""-345625352779931512539173975541617339/10000000000000000000000000000000000"", ""-1/10000000"", ""-10"", ""11/5"", ""5053390775692554125910161448556342613049035965683/5000000000000000000000000000000000000000000000000""]",3,USU,"[0.010751013186076358, 9.181997017602711, 19.43828783880247]",-0.9734226609766742,1010184.1091756776,integration_failure_bracket,31.039133995831904,0.0004036150136590422,False,True,[[54270395955.154884]]
positive_K_0.3,hopf,5053390775692554125910161448556342613049035965683/5000000000000000000000000000000000000000000000000,345625352779931512539173975541617339/10000000000000000000000000000000000,71745845921210708046358384477707308348817141024288213645825290715114597908739552907/250000000000000000000000000000000000000000000000000000000000000000000000000000000000,-1/1000000,"[""0"", ""0"", ""1"", ""1"", ""1"", ""0"", ""0"", ""-345625352779931512539173975541617339/10000000000000000000000000000000000"", ""-1/1000000"", ""-10"", ""11/5"", ""5053390775692554125910161448556342613049035965683/5000000000000000000000000000000000000000000000000""]",3,USU,"[0.03752472315960101, 9.181997017602711, 19.43828783880247]",-0.9734226689578512,1010184.1091756776,integration_failure_bracket,31.034626093915186,0.0004008475912415932,False,True,[[54270395955.154884]]
positive_K_0.65,fold,106183156595893157489336937677629187/100000000000000000000000000000000000,319229491207056935149966855673317141/10000000000000000000000000000000000,3249999999999999999999999999999971784441006725689811827326837338938037/5000000000000000000000000000000000000000000000000000000000000000000000,0,"[""0"", ""0"", ""1"", ""1"", ""1"", ""0"", ""0"", ""-319229491207056935149966855673317141/10000000000000000000000000000000000"", ""0"", ""-10"", ""11/5"", ""106183156595893157489336937677629187/100000000000000000000000000000000000""]",0,,[],-0.9882754647067432,15903.20548974665,integration_failure_bracket,28.536914110169022,,False,False,[[]]
positive_K_0.65,pair,5307290750816876099152993928555178581851053776889/5000000000000000000000000000000000000000000000000,319229491207056935149966855673317141/10000000000000000000000000000000000,155943706606672650973259211997496615619693918258770819615542812520311340858686897839/250000000000000000000000000000000000000000000000000000000000000000000000000000000000,0,"[""0"", ""0"", ""1"", ""1"", ""1"", ""0"", ""0"", ""-319229491207056935149966855673317141/10000000000000000000000000000000000"", ""0"", ""-10"", ""11/5"", ""5307290750816876099152993928555178581851053776889/5000000000000000000000000000000000000000000000000""]",2,SU,"[9.181997017602711, 19.43828783880247]",-0.988292968957999,16392.01177928113,integration_failure_bracket,30.003822542161906,0.00030666658330247287,False,True,[[]]
positive_K_0.65,hopf_small,5307290750816876099152993928555178581851053776889/5000000000000000000000000000000000000000000000000,319229491207056935149966855673317141/10000000000000000000000000000000000,155943706606672650973259211997496615619693918258770819615542812520311340858686897839/250000000000000000000000000000000000000000000000000000000000000000000000000000000000,-1/10000000,"[""0"", ""0"", ""1"", ""1"", ""1"", ""0"", ""0"", ""-319229491207056935149966855673317141/10000000000000000000000000000000000"", ""-1/10000000"", ""-10"", ""11/5"", ""5307290750816876099152993928555178581851053776889/5000000000000000000000000000000000000000000000000""]",3,USU,"[0.008372897488127267, 9.181997017602711, 19.43828783880247]",-0.988292970011847,16392.01177928113,integration_failure_bracket,29.992148079316195,0.0003063173791888474,False,True,[[]]
positive_K_0.65,hopf,5307290750816876099152993928555178581851053776889/5000000000000000000000000000000000000000000000000,319229491207056935149966855673317141/10000000000000000000000000000000000,155943706606672650973259211997496615619693918258770819615542812520311340858686897839/250000000000000000000000000000000000000000000000000000000000000000000000000000000000,-1/1000000,"[""0"", ""0"", ""1"", ""1"", ""1"", ""0"", ""0"", ""-319229491207056935149966855673317141/10000000000000000000000000000000000"", ""-1/1000000"", ""-10"", ""11/5"", ""5307290750816876099152993928555178581851053776889/5000000000000000000000000000000000000000000000000""]",3,USU,"[0.022759895093526734, 9.181997017602711, 19.43828783880247]",-0.988292979496479,16392.01177928113,integration_failure_bracket,29.888704346420717,0.00030317454848560743,False,True,[[]]
positive_K_1.2,fold,57057075225460265075313255372700383/50000000000000000000000000000000000,285995872498834646349589654522332067/10000000000000000000000000000000000,3000000000000000000000000000000013578521423672198362189548212664898271/2500000000000000000000000000000000000000000000000000000000000000000000,0,"[""0"", ""0"", ""1"", ""1"", ""1"", ""0"", ""0"", ""-285995872498834646349589654522332067/10000000000000000000000000000000000"", ""0"", ""-10"", ""11/5"", ""57057075225460265075313255372700383/50000000000000000000000000000000000""]",0,,[],-1.0093899126303165,2244.5675611308943,integration_failure_bracket,22.921855267076758,,False,False,[[]]
positive_K_1.2,pair,11404801191968325226296693414393897642168067070669/10000000000000000000000000000000000000000000000000,285995872498834646349589654522332067/10000000000000000000000000000000000,579193118358303608849917802067393814492957547217890720032330911658463022374912271053/500000000000000000000000000000000000000000000000000000000000000000000000000000000000,0,"[""0"", ""0"", ""1"", ""1"", ""1"", ""0"", ""0"", ""-285995872498834646349589654522332067/10000000000000000000000000000000000"", ""0"", ""-10"", ""11/5"", ""11404801191968325226296693414393897642168067070669/10000000000000000000000000000000000000000000000000""]",2,SU,"[11.789917546552921, 24.9592556419146]",-1.0094271165431394,2306.789265969248,integration_failure_bracket,18.75630023302989,0.0015522453409713144,False,True,[[]]
positive_K_1.2,hopf_small,11404801191968325226296693414393897642168067070669/10000000000000000000000000000000000000000000000000,285995872498834646349589654522332067/10000000000000000000000000000000000,579193118358303608849917802067393814492957547217890720032330911658463022374912271053/500000000000000000000000000000000000000000000000000000000000000000000000000000000000,-1/10000000,"[""0"", ""0"", ""1"", ""1"", ""1"", ""0"", ""0"", ""-285995872498834646349589654522332067/10000000000000000000000000000000000"", ""-1/10000000"", ""-10"", ""11/5"", ""11404801191968325226296693414393897642168067070669/10000000000000000000000000000000000000000000000000""]",3,USU,"[0.005078419037180083, 11.789917546552921, 24.9592556419146]",-1.0094271178562437,2306.789265969248,integration_failure_bracket,18.7437762225513,0.0015517601114249935,False,True,[[]]
positive_K_1.2,hopf,11404801191968325226296693414393897642168067070669/10000000000000000000000000000000000000000000000000,285995872498834646349589654522332067/10000000000000000000000000000000000,579193118358303608849917802067393814492957547217890720032330911658463022374912271053/500000000000000000000000000000000000000000000000000000000000000000000000000000000000,-1/1000000,"[""0"", ""0"", ""1"", ""1"", ""1"", ""0"", ""0"", ""-285995872498834646349589654522332067/10000000000000000000000000000000000"", ""-1/1000000"", ""-10"", ""11/5"", ""11404801191968325226296693414393897642168067070669/10000000000000000000000000000000000000000000000000""]",3,USU,"[0.017725424121461646, 11.789917546552921, 24.9592556419146]",-1.009427129674184,2306.789265969248,integration_failure_bracket,18.63399247343372,0.0015473930497504895,False,True,[[]]
positive_K_2.0,fold,62217570809950761686507444329117097/50000000000000000000000000000000000,253226754051430802422558488241373883/10000000000000000000000000000000000,5000000000000000000000000000000000419495851455733813723341256310354161/2500000000000000000000000000000000000000000000000000000000000000000000,0,"[""0"", ""0"", ""1"", ""1"", ""1"", ""0"", ""0"", ""-253226754051430802422558488241373883/10000000000000000000000000000000000"", ""0"", ""-10"", ""11/5"", ""62217570809950761686507444329117097/50000000000000000000000000000000000""]",0,,[],-1.0323154390404714,967.263822040554,integration_failure_bracket,12.628485194429661,,False,False,[[]]
positive_K_2.0,pair,777141898436881649203279978662201661650843978119/625000000000000000000000000000000000000000000000,253226754051430802422558488241373883/10000000000000000000000000000000000,60890717753199441199342779745112289985131236865455558998167568733447378275250726847/31250000000000000000000000000000000000000000000000000000000000000000000000000000000,0,"[""0"", ""0"", ""1"", ""1"", ""1"", ""0"", ""0"", ""-253226754051430802422558488241373883/10000000000000000000000000000000000"", ""0"", ""-10"", ""11/5"", ""777141898436881649203279978662201661650843978119/625000000000000000000000000000000000000000000000""]",2,SU,"[15.13855379042673, 32.04831862582525]",-1.0323773754356749,996.0208175470842,integration_failure_bracket,11.424674829374105,0.0007634469721411463,False,True,[[]]
positive_K_2.0,hopf_small,777141898436881649203279978662201661650843978119/625000000000000000000000000000000000000000000000,253226754051430802422558488241373883/10000000000000000000000000000000000,60890717753199441199342779745112289985131236865455558998167568733447378275250726847/31250000000000000000000000000000000000000000000000000000000000000000000000000000000,-1/10000000,"[""0"", ""0"", ""1"", ""1"", ""1"", ""0"", ""0"", ""-253226754051430802422558488241373883/10000000000000000000000000000000000"", ""-1/10000000"", ""-10"", ""11/5"", ""777141898436881649203279978662201661650843978119/625000000000000000000000000000000000000000000000""]",3,USU,"[0.003955076722920578, 15.13855379042673, 32.04831862582525]",-1.032377377047775,996.0208175470842,integration_failure_bracket,11.417486709292152,0.0007626901792381346,False,True,[[]]
positive_K_2.0,hopf,777141898436881649203279978662201661650843978119/625000000000000000000000000000000000000000000000,253226754051430802422558488241373883/10000000000000000000000000000000000,60890717753199441199342779745112289985131236865455558998167568733447378275250726847/31250000000000000000000000000000000000000000000000000000000000000000000000000000000,-1/1000000,"[""0"", ""0"", ""1"", ""1"", ""1"", ""0"", ""0"", ""-253226754051430802422558488241373883/10000000000000000000000000000000000"", ""-1/1000000"", ""-10"", ""11/5"", ""777141898436881649203279978662201661650843978119/625000000000000000000000000000000000000000000000""]",3,USU,"[0.013804574186067098, 15.13855379042673, 32.04831862582525]",-1.0323773915566798,996.0208175470842,integration_failure_bracket,11.35419329124528,0.0007558790619781597,False,True,[[]]
positive_K_3.0,fold,67311818334121071540426391143237377/50000000000000000000000000000000000,229390534053167111874295435606523543/10000000000000000000000000000000000,7499999999999999999999999999999992210097101894226592513115643268733821/2500000000000000000000000000000000000000000000000000000000000000000000,0,"[""0"", ""0"", ""1"", ""1"", ""1"", ""0"", ""0"", ""-229390534053167111874295435606523543/10000000000000000000000000000000000"", ""0"", ""-10"", ""11/5"", ""67311818334121071540426391143237377/50000000000000000000000000000000000""]",0,,[],-1.049090309349207,884.1507091035061,integration_failure_bracket,9.40675710598667,,False,False,[[]]
positive_K_3.0,pair,3363283483039231530360448184450739877119268616083/2500000000000000000000000000000000000000000000000,229390534053167111874295435606523543/10000000000000000000000000000000000,369177662147629763545416909549027944273095624847476129020109077383877072704047362759/125000000000000000000000000000000000000000000000000000000000000000000000000000000000,0,"[""0"", ""0"", ""1"", ""1"", ""1"", ""0"", ""0"", ""-229390534053167111874295435606523543/10000000000000000000000000000000000"", ""0"", ""-10"", ""11/5"", ""3363283483039231530360448184450739877119268616083/2500000000000000000000000000000000000000000000000""]",2,SU,"[24.9592556419146, 52.8387446085732]",-1.0491592640047067,916.681740480513,integration_failure_bracket,9.964730760173964,0.0002771153894149947,False,True,[[]]
positive_K_3.0,hopf_small,3363283483039231530360448184450739877119268616083/2500000000000000000000000000000000000000000000000,229390534053167111874295435606523543/10000000000000000000000000000000000,369177662147629763545416909549027944273095624847476129020109077383877072704047362759/125000000000000000000000000000000000000000000000000000000000000000000000000000000000,-1/10000000,"[""0"", ""0"", ""1"", ""1"", ""1"", ""0"", ""0"", ""-229390534053167111874295435606523543/10000000000000000000000000000000000"", ""-1/10000000"", ""-10"", ""11/5"", ""3363283483039231530360448184450739877119268616083/2500000000000000000000000000000000000000000000000""]",3,USU,"[0.003080216848918032, 24.9592556419146, 52.8387446085732]",-1.0491592658312232,916.681740480513,integration_failure_bracket,9.929725105312041,0.0002755876176774308,False,True,[[]]
positive_K_3.0,hopf,3363283483039231530360448184450739877119268616083/2500000000000000000000000000000000000000000000000,229390534053167111874295435606523543/10000000000000000000000000000000000,369177662147629763545416909549027944273095624847476129020109077383877072704047362759/125000000000000000000000000000000000000000000000000000000000000000000000000000000000,-1/1000000,"[""0"", ""0"", ""1"", ""1"", ""1"", ""0"", ""0"", ""-229390534053167111874295435606523543/10000000000000000000000000000000000"", ""-1/1000000"", ""-10"", ""11/5"", ""3363283483039231530360448184450739877119268616083/2500000000000000000000000000000000000000000000000""]",3,USU,"[0.010751013186076358, 24.9592556419146, 52.8387446085732]",-1.0491592822698728,916.681740480513,integration_failure_bracket,9.652019792091718,0.00026183775247456964,False,True,[[]]
positive_K_4.0,fold,142346874652111337440988528353606997/100000000000000000000000000000000000,215797174887361307084749713230398989/10000000000000000000000000000000000,20000000000000000000000000000000023254574373082039624641918223733386363/5000000000000000000000000000000000000000000000000000000000000000000000,0,"[""0"", ""0"", ""1"", ""1"", ""1"", ""0"", ""0"", ""-215797174887361307084749713230398989/10000000000000000000000000000000000"", ""0"", ""-10"", ""11/5"", ""142346874652111337440988528353606997/100000000000000000000000000000000000""]",0,,[],-1.0576900846777764,1327.2674163605498,integration_failure_bracket,8.435623222464024,,False,False,[[]]
positive_K_4.0,pair,7114182965025756972831669560797901540329113816149/5000000000000000000000000000000000000000000000000,215797174887361307084749713230398989/10000000000000000000000000000000000,992497068143816075846292511920876246285213455438048244618747380612663723180276206971/250000000000000000000000000000000000000000000000000000000000000000000000000000000000,0,"[""0"", ""0"", ""1"", ""1"", ""1"", ""0"", ""0"", ""-215797174887361307084749713230398989/10000000000000000000000000000000000"", ""0"", ""-10"", ""11/5"", ""7114182965025756972831669560797901540329113816149/5000000000000000000000000000000000000000000000000""]",2,SU,"[52.8387446085732, 111.85962321414235]",-1.0577395421959794,1389.6066090797258,integration_failure_bracket,7.454901251798647,0.0023124797668252484,False,True,[[]]
positive_K_4.0,hopf_small,7114182965025756972831669560797901540329113816149/5000000000000000000000000000000000000000000000000,215797174887361307084749713230398989/10000000000000000000000000000000000,992497068143816075846292511920876246285213455438048244618747380612663723180276206971/250000000000000000000000000000000000000000000000000000000000000000000000000000000000,-1/10000000,"[""0"", ""0"", ""1"", ""1"", ""1"", ""0"", ""0"", ""-215797174887361307084749713230398989/10000000000000000000000000000000000"", ""-1/10000000"", ""-10"", ""11/5"", ""7114182965025756972831669560797901540329113816149/5000000000000000000000000000000000000000000000000""]",3,USU,"[0.003080216848918032, 52.8387446085732, 111.85962321414235]",-1.0577395441208421,1389.6066090797258,integration_failure_bracket,7.421212384480809,0.002308453252089393,False,True,[[]]
positive_K_4.0,hopf,7114182965025756972831669560797901540329113816149/5000000000000000000000000000000000000000000000000,215797174887361307084749713230398989/10000000000000000000000000000000000,992497068143816075846292511920876246285213455438048244618747380612663723180276206971/250000000000000000000000000000000000000000000000000000000000000000000000000000000000,-1/1000000,"[""0"", ""0"", ""1"", ""1"", ""1"", ""0"", ""0"", ""-215797174887361307084749713230398989/10000000000000000000000000000000000"", ""-1/1000000"", ""-10"", ""11/5"", ""7114182965025756972831669560797901540329113816149/5000000000000000000000000000000000000000000000000""]",3,USU,"[0.008372897488127267, 52.8387446085732, 111.85962321414235]",-1.0577395614446097,1390.9643096157197,integration_failure_bracket,9.531132799487768,0.0022722152710183963,False,True,[[]]
positive_K_6.0,fold,15377596872726974833186974380486611/10000000000000000000000000000000000,50355186349540218925972330624325351/2500000000000000000000000000000000,749999999999999999999999999999999406065884214351475452188350597130071/125000000000000000000000000000000000000000000000000000000000000000000,0,"[""0"", ""0"", ""1"", ""1"", ""1"", ""0"", ""0"", ""-50355186349540218925972330624325351/2500000000000000000000000000000000"", ""0"", ""-10"", ""11/5"", ""15377596872726974833186974380486611/10000000000000000000000000000000000""]",0,,[],-1.064330120856572,29740.128283877224,integration_failure_bracket,6.509757913170937,,False,False,[[]]
positive_K_6.0,pair,15377410612427221830106726556982020556205486428577/10000000000000000000000000000000000000000000000000,50355186349540218925972330624325351/2500000000000000000000000000000000,749896829106860579408709325941057082112731383363594267540734934091316987627791510797/125000000000000000000000000000000000000000000000000000000000000000000000000000000000,0,"[""0"", ""0"", ""1"", ""1"", ""1"", ""0"", ""0"", ""-50355186349540218925972330624325351/2500000000000000000000000000000000"", ""0"", ""-10"", ""11/5"", ""15377410612427221830106726556982020556205486428577/10000000000000000000000000000000000000000000000000""]",2,SU,"[1061.2945558103804, 2884.897705701871]",-1.0643316134791947,32440.619213769085,integration_failure_bracket,6.531801857008972,0.007475977633765396,False,True,[[]]
positive_K_6.0,hopf_small,15377410612427221830106726556982020556205486428577/10000000000000000000000000000000000000000000000000,50355186349540218925972330624325351/2500000000000000000000000000000000,749896829106860579408709325941057082112731383363594267540734934091316987627791510797/125000000000000000000000000000000000000000000000000000000000000000000000000000000000,-17229001087809517896379872487098588002303583596037/500000000000000000000000000000000000000000000000000000000,"[""0"", ""0"", ""1"", ""1"", ""1"", ""0"", ""0"", ""-50355186349540218925972330624325351/2500000000000000000000000000000000"", ""-17229001087809517896379872487098588002303583596037/500000000000000000000000000000000000000000000000000000000"", ""-10"", ""11/5"", ""15377410612427221830106726556982020556205486428577/10000000000000000000000000000000000000000000000000""]",3,USU,"[0.0014549914146182016, 1061.2945558103804, 2884.897705701871]",-1.0643316141612633,32472.314979899384,integration_failure_bracket,6.619579135964635,0.007389049481192345,False,True,[[]]
positive_K_6.0,hopf,15377410612427221830106726556982020556205486428577/10000000000000000000000000000000000000000000000000,50355186349540218925972330624325351/2500000000000000000000000000000000,749896829106860579408709325941057082112731383363594267540734934091316987627791510797/125000000000000000000000000000000000000000000000000000000000000000000000000000000000,-17229001087809517896379872487098588002303583596037/50000000000000000000000000000000000000000000000000000000,"[""0"", ""0"", ""1"", ""1"", ""1"", ""0"", ""0"", ""-50355186349540218925972330624325351/2500000000000000000000000000000000"", ""-17229001087809517896379872487098588002303583596037/50000000000000000000000000000000000000000000000000000000"", ""-10"", ""11/5"", ""15377410612427221830106726556982020556205486428577/10000000000000000000000000000000000000000000000000""]",3,USU,"[0.003955076722920578, 1061.2945558103804, 2884.897705701871]",-1.0643316202998805,32758.97407281063,integration_failure_bracket,8.268973702495959,0.0066070711980188435,False,True,[[]]
center_0.001953125,fold,484444239633544850173239949080866449/500000000000000000000000000000000000,371188019616530613176926319624111229/10000000000000000000000000000000000,48828125000000000000000000000077083109471295670205534210319572814031/25000000000000000000000000000000000000000000000000000000000000000000000,0,"[""0"", ""0"", ""1"", ""1"", ""1"", ""0"", ""0"", ""-371188019616530613176926319624111229/10000000000000000000000000000000000"", ""0"", ""-10"", ""11/5"", ""484444239633544850173239949080866449/500000000000000000000000000000000000""]",0,,[],-0.9605946130105449,2.010328497117133e+17,scan_cap,0.7523003067444023,,False,False,[[18205689.644426107]]
center_0.001953125,pair,3875549562869773343021089661658785184433872254889/4000000000000000000000000000000000000000000000000,371188019616530613176926319624111229/10000000000000000000000000000000000,372846510150512716908130830898724916373313218413757632958474382318264006525534391/200000000000000000000000000000000000000000000000000000000000000000000000000000000000,0,"[""0"", ""0"", ""1"", ""1"", ""1"", ""0"", ""0"", ""-371188019616530613176926319624111229/10000000000000000000000000000000000"", ""0"", ""-10"", ""11/5"", ""3875549562869773343021089661658785184433872254889/4000000000000000000000000000000000000000000000000""]",2,SU,"[7.150946467468296, 19.43828783880247]",-0.9605946520674596,2.010328497117133e+17,scan_cap,0.7485472040758623,3.90590635124255e-06,False,True,[[18205689.644426107]]
center_0.001953125,hopf_small,3875549562869773343021089661658785184433872254889/4000000000000000000000000000000000000000000000000,371188019616530613176926319624111229/10000000000000000000000000000000000,372846510150512716908130830898724916373313218413757632958474382318264006525534391/200000000000000000000000000000000000000000000000000000000000000000000000000000000000,-97656250000000000000000000000308149/50000000000000000000000000000000000000000000,"[""0"", ""0"", ""1"", ""1"", ""1"", ""0"", ""0"", ""-371188019616530613176926319624111229/10000000000000000000000000000000000"", ""-97656250000000000000000000000308149/50000000000000000000000000000000000000000000"", ""-10"", ""11/5"", ""3875549562869773343021089661658785184433872254889/4000000000000000000000000000000000000000000000000""]",3,USU,"[0.022759895093526734, 7.150946467468296, 19.43828783880247]",-0.9605946520821979,2.010328497117133e+17,scan_cap,0.7485470573690307,3.9005024512484e-06,False,True,[[18205689.644426107]]
center_0.001953125,hopf,3875549562869773343021089661658785184433872254889/4000000000000000000000000000000000000000000000000,371188019616530613176926319624111229/10000000000000000000000000000000000,372846510150512716908130830898724916373313218413757632958474382318264006525534391/200000000000000000000000000000000000000000000000000000000000000000000000000000000000,-97656250000000000000000000000308149/5000000000000000000000000000000000000000000,"[""0"", ""0"", ""1"", ""1"", ""1"", ""0"", ""0"", ""-371188019616530613176926319624111229/10000000000000000000000000000000000"", ""-97656250000000000000000000000308149/5000000000000000000000000000000000000000000"", ""-10"", ""11/5"", ""3875549562869773343021089661658785184433872254889/4000000000000000000000000000000000000000000000000""]",3,USU,"[0.0618678092503679, 7.150946467468296, 19.43828783880247]",-0.9605946522148414,2.010328497117133e+17,scan_cap,0.748545736901761,3.851868862536634e-06,False,True,[[18205689.644426107]]
center_0.0001,fold,242158586163738623161165663136369251/250000000000000000000000000000000000,185677563868266135521354133390598391/5000000000000000000000000000000000,624999999999999999999999999999500507361061287161613260486247226551/6250000000000000000000000000000000000000000000000000000000000000000000,0,"[""0"", ""0"", ""1"", ""1"", ""1"", ""0"", ""0"", ""-185677563868266135521354133390598391/5000000000000000000000000000000000"", ""0"", ""-10"", ""11/5"", ""242158586163738623161165663136369251/250000000000000000000000000000000000""]",0,,[],-0.9605155950631858,2.010328497117133e+17,scan_cap,0.03733267534749274,,False,False,[[18205689.644426107]]
center_0.0001,pair,9686342889318821037945612159395320232960664975297/10000000000000000000000000000000000000000000000000,185677563868266135521354133390598391/5000000000000000000000000000000000,23861882323434159487755512639668074669447056663241868507737504762339562692418397/250000000000000000000000000000000000000000000000000000000000000000000000000000000000,0,"[""0"", ""0"", ""1"", ""1"", ""1"", ""0"", ""0"", ""-185677563868266135521354133390598391/5000000000000000000000000000000000"", ""0"", ""-10"", ""11/5"", ""9686342889318821037945612159395320232960664975297/10000000000000000000000000000000000000000000000000""]",2,SU,"[7.150946467468296, 19.43828783880247]",-0.960515597060899,2.010328497117133e+17,scan_cap,0.03715184695582252,2.0030242531277054e-07,False,True,[[18205689.644426107]]
center_0.0001,hopf_small,9686342889318821037945612159395320232960664975297/10000000000000000000000000000000000000000000000000,185677563868266135521354133390598391/5000000000000000000000000000000000,23861882323434159487755512639668074669447056663241868507737504762339562692418397/250000000000000000000000000000000000000000000000000000000000000000000000000000000000,-999999999999999999999999999949907333/10000000000000000000000000000000000000000000000,"[""0"", ""0"", ""1"", ""1"", ""1"", ""0"", ""0"", ""-185677563868266135521354133390598391/5000000000000000000000000000000000"", ""-999999999999999999999999999949907333/10000000000000000000000000000000000000000000000"", ""-10"", ""11/5"", ""9686342889318821037945612159395320232960664975297/10000000000000000000000000000000000000000000000000""]",2,SU,"[7.150946467468296, 19.43828783880247]",-0.9605155970616528,2.010328497117133e+17,scan_cap,0.03715183983007364,2.0002588474454797e-07,False,True,[[18205689.644426107]]
center_0.0001,hopf,9686342889318821037945612159395320232960664975297/10000000000000000000000000000000000000000000000000,185677563868266135521354133390598391/5000000000000000000000000000000000,23861882323434159487755512639668074669447056663241868507737504762339562692418397/250000000000000000000000000000000000000000000000000000000000000000000000000000000000,-999999999999999999999999999949907333/1000000000000000000000000000000000000000000000,"[""0"", ""0"", ""1"", ""1"", ""1"", ""0"", ""0"", ""-185677563868266135521354133390598391/5000000000000000000000000000000000"", ""-999999999999999999999999999949907333/1000000000000000000000000000000000000000000000"", ""-10"", ""11/5"", ""9686342889318821037945612159395320232960664975297/10000000000000000000000000000000000000000000000000""]",2,SU,"[7.150946467468296, 19.43828783880247]",-0.9605155970684371,2.010328497117133e+17,scan_cap,0.03715177576392392,1.9753747793060938e-07,False,True,[[18205689.644426107]]
center_0.00001,fold,968622004651007592845124513200200003/1000000000000000000000000000000000000,371363246046601116754474557216715581/10000000000000000000000000000000000,500000000000000000000000000128761818178872482494173819023629814173/50000000000000000000000000000000000000000000000000000000000000000000000,0,"[""0"", ""0"", ""1"", ""1"", ""1"", ""0"", ""0"", ""-371363246046601116754474557216715581/10000000000000000000000000000000000"", ""0"", ""-10"", ""11/5"", ""968622004651007592845124513200200003/1000000000000000000000000000000000000""]",0,,[],-0.960511757808779,2.010328497117133e+17,scan_cap,0.003727727262287317,,False,False,[[18205689.644426107]]
center_0.00001,pair,24215549976968806000071713353914064998351713262841/25000000000000000000000000000000000000000000000000,371363246046601116754474557216715581/10000000000000000000000000000000000,11930934020201186572128372241346221300556844126220365469194103979803928923281831/1250000000000000000000000000000000000000000000000000000000000000000000000000000000000,0,"[""0"", ""0"", ""1"", ""1"", ""1"", ""0"", ""0"", ""-371363246046601116754474557216715581/10000000000000000000000000000000000"", ""0"", ""-10"", ""11/5"", ""24215549976968806000071713353914064998351713262841/25000000000000000000000000000000000000000000000000""]",2,SU,"[7.150946467468296, 19.43828783880247]",-0.9605117580085407,2.010328497117133e+17,scan_cap,0.0037096963613265643,1.9992281607983386e-08,False,True,[[18205689.644426107]]
center_0.00001,hopf_small,24215549976968806000071713353914064998351713262841/25000000000000000000000000000000000000000000000000,371363246046601116754474557216715581/10000000000000000000000000000000000,11930934020201186572128372241346221300556844126220365469194103979803928923281831/1250000000000000000000000000000000000000000000000000000000000000000000000000000000000,-20000000000000000000000000001463337/2000000000000000000000000000000000000000000000,"[""0"", ""0"", ""1"", ""1"", ""1"", ""0"", ""0"", ""-371363246046601116754474557216715581/10000000000000000000000000000000000"", ""-20000000000000000000000000001463337/2000000000000000000000000000000000000000000000"", ""-10"", ""11/5"", ""24215549976968806000071713353914064998351713262841/25000000000000000000000000000000000000000000000000""]",2,SU,"[7.150946467468296, 19.43828783880247]",-0.960511758008616,2.010328497117133e+17,scan_cap,0.003709695610503161,1.996451803876198e-08,False,True,[[18205689.644426107]]
center_0.00001,hopf,24215549976968806000071713353914064998351713262841/25000000000000000000000000000000000000000000000000,371363246046601116754474557216715581/10000000000000000000000000000000000,11930934020201186572128372241346221300556844126220365469194103979803928923281831/1250000000000000000000000000000000000000000000000000000000000000000000000000000000000,-20000000000000000000000000001463337/200000000000000000000000000000000000000000000,"[""0"", ""0"", ""1"", ""1"", ""1"", ""0"", ""0"", ""-371363246046601116754474557216715581/10000000000000000000000000000000000"", ""-20000000000000000000000000001463337/200000000000000000000000000000000000000000000"", ""-10"", ""11/5"", ""24215549976968806000071713353914064998351713262841/25000000000000000000000000000000000000000000000000""]",2,SU,"[7.150946467468296, 19.43828783880247]",-0.9605117580092944,2.010328497117133e+17,scan_cap,0.0037096892441894624,1.971566954139803e-08,False,True,[[18205689.644426107]]
center_0.000001,fold,484310385331559642330372346770779713/500000000000000000000000000000000000,185682028945004820580872515762203629/5000000000000000000000000000000000,12499999999999999999999999946611675216638197620343452157489963247/12500000000000000000000000000000000000000000000000000000000000000000000,0,"[""0"", ""0"", ""1"", ""1"", ""1"", ""0"", ""0"", ""-185682028945004820580872515762203629/5000000000000000000000000000000000"", ""0"", ""-10"", ""11/5"", ""484310385331559642330372346770779713/500000000000000000000000000000000000""]",0,,[],-0.9605113740852766,2.010328497117133e+17,scan_cap,0.00037271210264577803,,False,False,[[18205689.644426107]]
center_0.000001,pair,48431038505294713413573967645964100403334821440239/50000000000000000000000000000000000000000000000000,185682028945004820580872515762203629/5000000000000000000000000000000000,1193093330607860206117868313399450948434914273862609569602086862083923896700641/1250000000000000000000000000000000000000000000000000000000000000000000000000000000000,0,"[""0"", ""0"", ""1"", ""1"", ""1"", ""0"", ""0"", ""-185682028945004820580872515762203629/5000000000000000000000000000000000"", ""0"", ""-10"", ""11/5"", ""48431038505294713413573967645964100403334821440239/50000000000000000000000000000000000000000000000000""]",1,U,[19.43828783880247],-0.9605113741052527,2.010328497117133e+17,scan_cap,0.00037090955298424433,1.9593588973521037e-09,False,True,[[18205689.644426107]]
center_0.000001,hopf_small,48431038505294713413573967645964100403334821440239/50000000000000000000000000000000000000000000000000,185682028945004820580872515762203629/5000000000000000000000000000000000,1193093330607860206117868313399450948434914273862609569602086862083923896700641/1250000000000000000000000000000000000000000000000000000000000000000000000000000000000,-499999999999999999999999999112137051/500000000000000000000000000000000000000000000000,"[""0"", ""0"", ""1"", ""1"", ""1"", ""0"", ""0"", ""-185682028945004820580872515762203629/5000000000000000000000000000000000"", ""-499999999999999999999999999112137051/500000000000000000000000000000000000000000000000"", ""-10"", ""11/5"", ""48431038505294713413573967645964100403334821440239/50000000000000000000000000000000000000000000000000""]",1,U,[19.43828783880247],-0.9605113741052603,2.010328497117133e+17,scan_cap,0.0003709094764658971,1.9566113174107613e-09,False,True,[[18205689.644426107]]
center_0.000001,hopf,48431038505294713413573967645964100403334821440239/50000000000000000000000000000000000000000000000000,185682028945004820580872515762203629/5000000000000000000000000000000000,1193093330607860206117868313399450948434914273862609569602086862083923896700641/1250000000000000000000000000000000000000000000000000000000000000000000000000000000000,-499999999999999999999999999112137051/50000000000000000000000000000000000000000000000,"[""0"", ""0"", ""1"", ""1"", ""1"", ""0"", ""0"", ""-185682028945004820580872515762203629/5000000000000000000000000000000000"", ""-499999999999999999999999999112137051/50000000000000000000000000000000000000000000000"", ""-10"", ""11/5"", ""48431038505294713413573967645964100403334821440239/50000000000000000000000000000000000000000000000000""]",2,SU,"[7.150946467468296, 19.43828783880247]",-0.9605113741053282,2.010328497117133e+17,scan_cap,0.00037090884991641815,1.931451887315916e-09,False,True,[[18205689.644426107]]
center_0.00000001,fold,121077579365573799647892782604291457/125000000000000000000000000000000000,371364147192922234249865907512682449/10000000000000000000000000000000000,62499999999999999999999989921076452823917599177141651929920123/6250000000000000000000000000000000000000000000000000000000000000000000,0,"[""0"", ""0"", ""1"", ""1"", ""1"", ""0"", ""0"", ""-371364147192922234249865907512682449/10000000000000000000000000000000000"", ""0"", ""-10"", ""11/5"", ""121077579365573799647892782604291457/125000000000000000000000000000000000""]",0,,[],-0.960511331875713,2.010328497117133e+17,scan_cap,3.7211678787230085e-06,,False,False,[[18205689.644426107]]
center_0.00000001,pair,96862063491901814759003812751771736969224927020079/100000000000000000000000000000000000000000000000000,371364147192922234249865907512682449/10000000000000000000000000000000000,47723732910101853168141860882802853135804005448612026329062117394687112828181/5000000000000000000000000000000000000000000000000000000000000000000000000000000000000,0,"[""0"", ""0"", ""1"", ""1"", ""1"", ""0"", ""0"", ""-371364147192922234249865907512682449/10000000000000000000000000000000000"", ""0"", ""-10"", ""11/5"", ""96862063491901814759003812751771736969224927020079/100000000000000000000000000000000000000000000000000""]",0,,[],-0.9605113318759128,2.010328497117133e+17,scan_cap,3.70312518072069e-06,,False,True,[[18205689.644426107]]
center_0.00000001,hopf_small,96862063491901814759003812751771736969224927020079/100000000000000000000000000000000000000000000000000,371364147192922234249865907512682449/10000000000000000000000000000000000,47723732910101853168141860882802853135804005448612026329062117394687112828181/5000000000000000000000000000000000000000000000000000000000000000000000000000000000000,-100000000000000000000000055289209809/10000000000000000000000000000000000000000000000000,"[""0"", ""0"", ""1"", ""1"", ""1"", ""0"", ""0"", ""-371364147192922234249865907512682449/10000000000000000000000000000000000"", ""-100000000000000000000000055289209809/10000000000000000000000000000000000000000000000000"", ""-10"", ""11/5"", ""96862063491901814759003812751771736969224927020079/100000000000000000000000000000000000000000000000000""]",0,,[],-0.9605113318759128,2.010328497117133e+17,scan_cap,3.703138553134977e-06,,False,True,[[18205689.644426107]]
center_0.00000001,hopf,96862063491901814759003812751771736969224927020079/100000000000000000000000000000000000000000000000000,371364147192922234249865907512682449/10000000000000000000000000000000000,47723732910101853168141860882802853135804005448612026329062117394687112828181/5000000000000000000000000000000000000000000000000000000000000000000000000000000000000,-100000000000000000000000055289209809/1000000000000000000000000000000000000000000000000,"[""0"", ""0"", ""1"", ""1"", ""1"", ""0"", ""0"", ""-371364147192922234249865907512682449/10000000000000000000000000000000000"", ""-100000000000000000000000055289209809/1000000000000000000000000000000000000000000000000"", ""-10"", ""11/5"", ""96862063491901814759003812751771736969224927020079/100000000000000000000000000000000000000000000000000""]",0,,[],-0.9605113318759133,2.010328497117133e+17,scan_cap,3.703115666553458e-06,,False,True,[[18205689.644426107]]
center_0.0000000001,fold,193724126713441049452825079907597099/200000000000000000000000000000000000,185682074042975748978602529983609123/5000000000000000000000000000000000,500000000000000000000009772283340257345227262578620432075947/5000000000000000000000000000000000000000000000000000000000000000000000,0,"[""0"", ""0"", ""1"", ""1"", ""1"", ""0"", ""0"", ""-185682074042975748978602529983609123/5000000000000000000000000000000000"", ""0"", ""-10"", ""11/5"", ""193724126713441049452825079907597099/200000000000000000000000000000000000""]",0,,[],-0.9605113314536173,2.010328497117133e+17,scan_cap,3.131540182721437e-08,,False,False,[[]]
center_0.0000000001,pair,96862063356714952476823369421403536399684472848721/100000000000000000000000000000000000000000000000000,185682074042975748978602529983609123/5000000000000000000000000000000000,238618664531174656061819016556482015276054232580061790194695139424519298513/2500000000000000000000000000000000000000000000000000000000000000000000000000000000000,0,"[""0"", ""0"", ""1"", ""1"", ""1"", ""0"", ""0"", ""-185682074042975748978602529983609123/5000000000000000000000000000000000"", ""0"", ""-10"", ""11/5"", ""96862063356714952476823369421403536399684472848721/100000000000000000000000000000000000000000000000000""]",0,,[],-0.9605113314536193,2.010328497117133e+17,scan_cap,3.113716218194895e-08,,False,True,[[]]
center_0.0000000001,hopf_small,96862063356714952476823369421403536399684472848721/100000000000000000000000000000000000000000000000000,185682074042975748978602529983609123/5000000000000000000000000000000000,238618664531174656061819016556482015276054232580061790194695139424519298513/2500000000000000000000000000000000000000000000000000000000000000000000000000000000000,-25000000000000000000000306563653999/250000000000000000000000000000000000000000000000000,"[""0"", ""0"", ""1"", ""1"", ""1"", ""0"", ""0"", ""-185682074042975748978602529983609123/5000000000000000000000000000000000"", ""-25000000000000000000000306563653999/250000000000000000000000000000000000000000000000000"", ""-10"", ""11/5"", ""96862063356714952476823369421403536399684472848721/100000000000000000000000000000000000000000000000000""]",0,,[],-0.9605113314536193,2.010328497117133e+17,scan_cap,3.114773505785706e-08,,False,True,[[]]
center_0.0000000001,hopf,96862063356714952476823369421403536399684472848721/100000000000000000000000000000000000000000000000000,185682074042975748978602529983609123/5000000000000000000000000000000000,238618664531174656061819016556482015276054232580061790194695139424519298513/2500000000000000000000000000000000000000000000000000000000000000000000000000000000000,-25000000000000000000000306563653999/25000000000000000000000000000000000000000000000000,"[""0"", ""0"", ""1"", ""1"", ""1"", ""0"", ""0"", ""-185682074042975748978602529983609123/5000000000000000000000000000000000"", ""-25000000000000000000000306563653999/25000000000000000000000000000000000000000000000000"", ""-10"", ""11/5"", ""96862063356714952476823369421403536399684472848721/100000000000000000000000000000000000000000000000000""]",0,,[],-0.9605113314536193,2.010328497117133e+17,scan_cap,3.114104885071356e-08,,False,True,[[]]
events_half_0,fold,6305847882122006926791744389067831/4000000000000000000000000000000000,197500824126713094305705523232017683/10000000000000000000000000000000000,1349495206370370187224091064477804991049234171741401065114198463011303/200000000000000000000000000000000000000000000000000000000000000000000,0,"[""0"", ""0"", ""1"", ""1"", ""1"", ""0"", ""0"", ""-197500824126713094305705523232017683/10000000000000000000000000000000000"", ""0"", ""-10"", ""11/5"", ""6305847882122006926791744389067831/4000000000000000000000000000000000""]",0,,[],-1.065529026790731,37832914.418511726,integration_failure_bracket,5.776779808937562,,False,False,[[]]
events_half_0,pair,3941154918808396984152654105607313978518269753701/2500000000000000000000000000000000000000000000000,197500824126713094305705523232017683/10000000000000000000000000000000000,843434487648868132464585981673624139709062333635708941490220159689227232502553642613/125000000000000000000000000000000000000000000000000000000000000000000000000000000000,0,"[""0"", ""0"", ""1"", ""1"", ""1"", ""0"", ""0"", ""-197500824126713094305705523232017683/10000000000000000000000000000000000"", ""0"", ""-10"", ""11/5"", ""3941154918808396984152654105607313978518269753701/2500000000000000000000000000000000000000000000000""]",2,SU,"[906407.9150111552, 1918865.5711364753]",-1.0655290270320132,41754711.20038654,integration_failure_bracket,5.96004490218867,0.0018579649628822636,False,True,[[]]
events_half_0,hopf_small,3941154918808396984152654105607313978518269753701/2500000000000000000000000000000000000000000000000,197500824126713094305705523232017683/10000000000000000000000000000000000,843434487648868132464585981673624139709062333635708941490220159689227232502553642613/125000000000000000000000000000000000000000000000000000000000000000000000000000000000,-50654821609998214867952970392091080428826972161479/10000000000000000000000000000000000000000000000000000000000000,"[""0"", ""0"", ""1"", ""1"", ""1"", ""0"", ""0"", ""-197500824126713094305705523232017683/10000000000000000000000000000000000"", ""-50654821609998214867952970392091080428826972161479/10000000000000000000000000000000000000000000000000000000000000"", ""-10"", ""11/5"", ""3941154918808396984152654105607313978518269753701/2500000000000000000000000000000000000000000000000""]",2,SU,"[906407.9150111552, 1918865.5711364753]",-1.0655290270321136,41795507.20222376,integration_failure_bracket,5.887093806978914,0.0018218746375087136,False,True,[[]]
events_half_0,hopf,3941154918808396984152654105607313978518269753701/2500000000000000000000000000000000000000000000000,197500824126713094305705523232017683/10000000000000000000000000000000000,843434487648868132464585981673624139709062333635708941490220159689227232502553642613/125000000000000000000000000000000000000000000000000000000000000000000000000000000000,-50654821609998214867952970392091080428826972161479/1000000000000000000000000000000000000000000000000000000000000,"[""0"", ""0"", ""1"", ""1"", ""1"", ""0"", ""0"", ""-197500824126713094305705523232017683/10000000000000000000000000000000000"", ""-50654821609998214867952970392091080428826972161479/1000000000000000000000000000000000000000000000000000000000000"", ""-10"", ""11/5"", ""3941154918808396984152654105607313978518269753701/2500000000000000000000000000000000000000000000000""]",2,SU,"[906407.9150111552, 1918865.5711364753]",-1.0655290270330178,42205665.92071969,integration_failure_bracket,6.315679898086149,0.0014960294711272581,False,True,[[]]
events_half_3,fold,158169864561249155674279365481320463/100000000000000000000000000000000000,39396191116635680359145379796085633/2000000000000000000000000000000000,6846096786303039530853293488474713917015508465886681518884102095288869/1000000000000000000000000000000000000000000000000000000000000000000000,0,"[""0"", ""0"", ""1"", ""1"", ""1"", ""0"", ""0"", ""-39396191116635680359145379796085633/2000000000000000000000000000000000"", ""0"", ""-10"", ""11/5"", ""158169864561249155674279365481320463/100000000000000000000000000000000000""]",2,SU,"[23376568.23177193, 30016107.764530372]",-1.0656791052157875,919296922.3577927,integration_failure_bracket,5.837045642429686,0.0011561601079961292,False,False,[[]]
events_half_3,pair,15816986455486886892191217591076020141232346980929/10000000000000000000000000000000000000000000000000,39396191116635680359145379796085633/2000000000000000000000000000000000,684609678353809057182613101273303143379818863825151094248758130488492058274520823627/100000000000000000000000000000000000000000000000000000000000000000000000000000000000,0,"[""0"", ""0"", ""1"", ""1"", ""1"", ""0"", ""0"", ""-39396191116635680359145379796085633/2000000000000000000000000000000000"", ""0"", ""-10"", ""11/5"", ""15816986455486886892191217591076020141232346980929/10000000000000000000000000000000000000000000000000""]",2,SU,"[18205689.644426107, 38541445.279695265]",-1.0656791052209071,1016575699.0172161,integration_failure_bracket,5.770843799515255,0.0011603498132508605,False,True,[[]]
events_half_3,hopf_small,15816986455486886892191217591076020141232346980929/10000000000000000000000000000000000000000000000000,39396191116635680359145379796085633/2000000000000000000000000000000000,684609678353809057182613101273303143379818863825151094248758130488492058274520823627/100000000000000000000000000000000000000000000000000000000000000000000000000000000000,-10641645292691733606478641395241402161613942400717/100000000000000000000000000000000000000000000000000000000000000,"[""0"", ""0"", ""1"", ""1"", ""1"", ""0"", ""0"", ""-39396191116635680359145379796085633/2000000000000000000000000000000000"", ""-10641645292691733606478641395241402161613942400717/100000000000000000000000000000000000000000000000000000000000000"", ""-10"", ""11/5"", ""15816986455486886892191217591076020141232346980929/10000000000000000000000000000000000000000000000000""]",2,SU,"[18205689.644426107, 38541445.279695265]",-1.0656791052209094,1017568933.6221869,integration_failure_bracket,6.181793997868635,0.001137711103432082,False,True,[[]]
events_half_3,hopf,15816986455486886892191217591076020141232346980929/10000000000000000000000000000000000000000000000000,39396191116635680359145379796085633/2000000000000000000000000000000000,684609678353809057182613101273303143379818863825151094248758130488492058274520823627/100000000000000000000000000000000000000000000000000000000000000000000000000000000000,-10641645292691733606478641395241402161613942400717/10000000000000000000000000000000000000000000000000000000000000,"[""0"", ""0"", ""1"", ""1"", ""1"", ""0"", ""0"", ""-39396191116635680359145379796085633/2000000000000000000000000000000000"", ""-10641645292691733606478641395241402161613942400717/10000000000000000000000000000000000000000000000000000000000000"", ""-10"", ""11/5"", ""15816986455486886892191217591076020141232346980929/10000000000000000000000000000000000000000000000000""]",2,SU,"[18205689.644426107, 38541445.279695265]",-1.0656791052209282,1027554810.0413043,integration_failure_bracket,6.018318270072424,0.0008830459604851626,False,True,[[]]
events_half_7,fold,3964702837868082256957269347641133/2500000000000000000000000000000000,98283529450183521556831747920369689/5000000000000000000000000000000000,432770751267878288232096688227491390433086617708390425497588090994007/62500000000000000000000000000000000000000000000000000000000000000000,0,"[""0"", ""0"", ""1"", ""1"", ""1"", ""0"", ""0"", ""-98283529450183521556831747920369689/5000000000000000000000000000000000"", ""0"", ""-10"", ""11/5"", ""3964702837868082256957269347641133/2500000000000000000000000000000000""]",1,S,[469530924.356671],-1.0657974242672488,2.010328497117133e+17,scan_cap,-14.778932606137545,-0.00209441777829511,False,False,[[]]
events_half_7,pair,63435245405873133965776439467310250507372695733/40000000000000000000000000000000000000000000000,98283529450183521556831747920369689/5000000000000000000000000000000000,6924332020268557789558462249256072191808091201669400782699765004973893028601207407/1000000000000000000000000000000000000000000000000000000000000000000000000000000000,0,"[""0"", ""0"", ""1"", ""1"", ""1"", ""0"", ""0"", ""-98283529450183521556831747920369689/5000000000000000000000000000000000"", ""0"", ""-10"", ""11/5"", ""63435245405873133965776439467310250507372695733/40000000000000000000000000000000000000000000000""]",1,S,[469530924.356671],-1.0657974242672812,2.010328497117133e+17,scan_cap,-14.93249059788338,-0.0026139906443241046,False,True,[[]]
events_half_7,hopf_small,63435245405873133965776439467310250507372695733/40000000000000000000000000000000000000000000000,98283529450183521556831747920369689/5000000000000000000000000000000000,6924332020268557789558462249256072191808091201669400782699765004973893028601207407/1000000000000000000000000000000000000000000000000000000000000000000000000000000000,-4184195716680442054192834288199882637011929964971/6250000000000000000000000000000000000000000000000000000000000000,"[""0"", ""0"", ""1"", ""1"", ""1"", ""0"", ""0"", ""-98283529450183521556831747920369689/5000000000000000000000000000000000"", ""-4184195716680442054192834288199882637011929964971/6250000000000000000000000000000000000000000000000000000000000000"", ""-10"", ""11/5"", ""63435245405873133965776439467310250507372695733/40000000000000000000000000000000000000000000000""]",1,S,[469530924.356671],-1.0657974242672812,2.010328497117133e+17,scan_cap,-14.895973783518205,-0.0027033297781287047,False,True,[[]]
events_half_7,hopf,63435245405873133965776439467310250507372695733/40000000000000000000000000000000000000000000000,98283529450183521556831747920369689/5000000000000000000000000000000000,6924332020268557789558462249256072191808091201669400782699765004973893028601207407/1000000000000000000000000000000000000000000000000000000000000000000000000000000000,-4184195716680442054192834288199882637011929964971/625000000000000000000000000000000000000000000000000000000000000,"[""0"", ""0"", ""1"", ""1"", ""1"", ""0"", ""0"", ""-98283529450183521556831747920369689/5000000000000000000000000000000000"", ""-4184195716680442054192834288199882637011929964971/625000000000000000000000000000000000000000000000000000000000000"", ""-10"", ""11/5"", ""63435245405873133965776439467310250507372695733/40000000000000000000000000000000000000000000000""]",1,S,[469530924.356671],-1.0657974242672812,2.010328497117133e+17,scan_cap,-14.966992662831256,-0.0028632075708685534,False,True,[[]]
events_quad_0,fold,158732815126123739676822334027976613/100000000000000000000000000000000000,196424135995093694072922058157981587/10000000000000000000000000000000000,34756448719848896241309430047818508369335427485792822068747418926873141/5000000000000000000000000000000000000000000000000000000000000000000000,0,"[""0"", ""0"", ""1"", ""1"", ""1"", ""0"", ""0"", ""-196424135995093694072922058157981587/10000000000000000000000000000000000"", ""0"", ""-10"", ""11/5"", ""158732815126123739676822334027976613/100000000000000000000000000000000000""]",1,S,[993996974.663237],-1.0658380387604984,2.010328497117133e+17,scan_cap,-15.531847518453667,-0.001554958376843274,False,False,[[]]
events_quad_0,pair,15873281512612044727027882892400885551347053755051/10000000000000000000000000000000000000000000000000,196424135995093694072922058157981587/10000000000000000000000000000000000,3475644871984178245209225163586660831389853995816001031369651920617367904507928705307/500000000000000000000000000000000000000000000000000000000000000000000000000000000000,0,"[""0"", ""0"", ""1"", ""1"", ""1"", ""0"", ""0"", ""-196424135995093694072922058157981587/10000000000000000000000000000000000"", ""0"", ""-10"", ""11/5"", ""15873281512612044727027882892400885551347053755051/10000000000000000000000000000000000000000000000000""]",1,S,[993996974.663237],-1.0658380387605009,2.010328497117133e+17,scan_cap,-15.584509831641526,-0.0013808565752135848,False,True,[[]]
events_quad_0,hopf_small,15873281512612044727027882892400885551347053755051/10000000000000000000000000000000000000000000000000,196424135995093694072922058157981587/10000000000000000000000000000000000,3475644871984178245209225163586660831389853995816001031369651920617367904507928705307/500000000000000000000000000000000000000000000000000000000000000000000000000000000000,-54336515965947049130952964301408983469241269010869/1000000000000000000000000000000000000000000000000000000000000000000,"[""0"", ""0"", ""1"", ""1"", ""1"", ""0"", ""0"", ""-196424135995093694072922058157981587/10000000000000000000000000000000000"", ""-54336515965947049130952964301408983469241269010869/1000000000000000000000000000000000000000000000000000000000000000000"", ""-10"", ""11/5"", ""15873281512612044727027882892400885551347053755051/10000000000000000000000000000000000000000000000000""]",1,S,[993996974.663237],-1.0658380387605009,2.010328497117133e+17,scan_cap,-15.507094017974342,-0.001336376533181749,False,True,[[]]
events_quad_0,hopf,15873281512612044727027882892400885551347053755051/10000000000000000000000000000000000000000000000000,196424135995093694072922058157981587/10000000000000000000000000000000000,3475644871984178245209225163586660831389853995816001031369651920617367904507928705307/500000000000000000000000000000000000000000000000000000000000000000000000000000000000,-54336515965947049130952964301408983469241269010869/100000000000000000000000000000000000000000000000000000000000000000,"[""0"", ""0"", ""1"", ""1"", ""1"", ""0"", ""0"", ""-196424135995093694072922058157981587/10000000000000000000000000000000000"", ""-54336515965947049130952964301408983469241269010869/100000000000000000000000000000000000000000000000000000000000000000"", ""-10"", ""11/5"", ""15873281512612044727027882892400885551347053755051/10000000000000000000000000000000000000000000000000""]",1,S,[993996974.663237],-1.0658380387605009,2.010328497117133e+17,scan_cap,-15.561786582253287,-0.0011104302551281364,False,True,[[]]
events_quad_3,fold,9939418830945552673331267952314069/6250000000000000000000000000000000,7845214170422319736152010458528961/400000000000000000000000000000000,87582621215563976009629712593309932345458960363513234774433646775399/12500000000000000000000000000000000000000000000000000000000000000000,0,"[""0"", ""0"", ""1"", ""1"", ""1"", ""0"", ""0"", ""-7845214170422319736152010458528961/400000000000000000000000000000000"", ""0"", ""-10"", ""11/5"", ""9939418830945552673331267952314069/6250000000000000000000000000000000""]",1,S,[2701963913.770343],-1.065921129223553,2.010328497117133e+17,scan_cap,-15.666683218564263,-0.00752757001896498,False,False,[[]]
events_quad_3,pair,15903070129512884089479233028243398322753224140587/10000000000000000000000000000000000000000000000000,7845214170422319736152010458528961/400000000000000000000000000000000,140132193944902345404380572682932670573787734232236413689985678046032698988225441177/20000000000000000000000000000000000000000000000000000000000000000000000000000000000,0,"[""0"", ""0"", ""1"", ""1"", ""1"", ""0"", ""0"", ""-7845214170422319736152010458528961/400000000000000000000000000000000"", ""0"", ""-10"", ""11/5"", ""15903070129512884089479233028243398322753224140587/10000000000000000000000000000000000000000000000000""]",1,S,[2701963913.770343],-1.065921129223553,2.010328497117133e+17,scan_cap,-15.666683218564263,-0.00752757001896498,False,True,[[]]
events_quad_3,hopf_small,15903070129512884089479233028243398322753224140587/10000000000000000000000000000000000000000000000000,7845214170422319736152010458528961/400000000000000000000000000000000,140132193944902345404380572682932670573787734232236413689985678046032698988225441177/20000000000000000000000000000000000000000000000000000000000000000000000000000000000,-30829910042481316865485181334024115074183288569351/1000000000000000000000000000000000000000000000000000000000000000000000,"[""0"", ""0"", ""1"", ""1"", ""1"", ""0"", ""0"", ""-7845214170422319736152010458528961/400000000000000000000000000000000"", ""-30829910042481316865485181334024115074183288569351/1000000000000000000000000000000000000000000000000000000000000000000000"", ""-10"", ""11/5"", ""15903070129512884089479233028243398322753224140587/10000000000000000000000000000000000000000000000000""]",1,S,[2701963913.770343],-1.065921129223553,2.010328497117133e+17,scan_cap,-15.666683218564263,-0.00752757001896498,False,True,[[]]
events_quad_3,hopf,15903070129512884089479233028243398322753224140587/10000000000000000000000000000000000000000000000000,7845214170422319736152010458528961/400000000000000000000000000000000,140132193944902345404380572682932670573787734232236413689985678046032698988225441177/20000000000000000000000000000000000000000000000000000000000000000000000000000000000,-30829910042481316865485181334024115074183288569351/100000000000000000000000000000000000000000000000000000000000000000000,"[""0"", ""0"", ""1"", ""1"", ""1"", ""0"", ""0"", ""-7845214170422319736152010458528961/400000000000000000000000000000000"", ""-30829910042481316865485181334024115074183288569351/100000000000000000000000000000000000000000000000000000000000000000000"", ""-10"", ""11/5"", ""15903070129512884089479233028243398322753224140587/10000000000000000000000000000000000000000000000000""]",1,S,[2701963913.770343],-1.065921129223553,2.010328497117133e+17,scan_cap,-15.666683218564263,-0.00752757001896498,False,True,[[]]
events_quad_6,fold,79607567207102794347037167899398103/50000000000000000000000000000000000,97974380785036262046151922364717063/5000000000000000000000000000000000,8800927935850537984435002028443405866918793289842406971813537533246379/1250000000000000000000000000000000000000000000000000000000000000000000,0,"[""0"", ""0"", ""1"", ""1"", ""1"", ""0"", ""0"", ""-97974380785036262046151922364717063/5000000000000000000000000000000000"", ""0"", ""-10"", ""11/5"", ""79607567207102794347037167899398103/50000000000000000000000000000000000""]",1,S,[4454785377.297331],-1.0659722228154174,2.010328497117133e+17,scan_cap,-15.708416314926517,-0.03255010547770354,False,False,[[]]
events_quad_6,pair,7960756720710279434646967778417551463472697550093/5000000000000000000000000000000000000000000000000,97974380785036262046151922364717063/5000000000000000000000000000000000,880092793585053798382340760939722413218028501583892186643112578602569858935357705449/125000000000000000000000000000000000000000000000000000000000000000000000000000000000,0,"[""0"", ""0"", ""1"", ""1"", ""1"", ""0"", ""0"", ""-97974380785036262046151922364717063/5000000000000000000000000000000000"", ""0"", ""-10"", ""11/5"", ""7960756720710279434646967778417551463472697550093/5000000000000000000000000000000000000000000000000""]",1,S,[4454785377.297331],-1.0659722228154174,2.010328497117133e+17,scan_cap,-15.708416314926517,-0.03255010547770354,False,True,[[]]
events_quad_6,hopf_small,7960756720710279434646967778417551463472697550093/5000000000000000000000000000000000000000000000000,97974380785036262046151922364717063/5000000000000000000000000000000000,880092793585053798382340760939722413218028501583892186643112578602569858935357705449/125000000000000000000000000000000000000000000000000000000000000000000000000000000000,-9281607737906819271054273337733305880563489052671/500000000000000000000000000000000000000000000000000000000000000000000000,"[""0"", ""0"", ""1"", ""1"", ""1"", ""0"", ""0"", ""-97974380785036262046151922364717063/5000000000000000000000000000000000"", ""-9281607737906819271054273337733305880563489052671/500000000000000000000000000000000000000000000000000000000000000000000000"", ""-10"", ""11/5"", ""7960756720710279434646967778417551463472697550093/5000000000000000000000000000000000000000000000000""]",1,S,[4454785377.297331],-1.0659722228154174,2.010328497117133e+17,scan_cap,-15.708416314926517,-0.03255010547770354,False,True,[[]]
events_quad_6,hopf,7960756720710279434646967778417551463472697550093/5000000000000000000000000000000000000000000000000,97974380785036262046151922364717063/5000000000000000000000000000000000,880092793585053798382340760939722413218028501583892186643112578602569858935357705449/125000000000000000000000000000000000000000000000000000000000000000000000000000000000,-9281607737906819271054273337733305880563489052671/50000000000000000000000000000000000000000000000000000000000000000000000,"[""0"", ""0"", ""1"", ""1"", ""1"", ""0"", ""0"", ""-97974380785036262046151922364717063/5000000000000000000000000000000000"", ""-9281607737906819271054273337733305880563489052671/50000000000000000000000000000000000000000000000000000000000000000000000"", ""-10"", ""11/5"", ""7960756720710279434646967778417551463472697550093/5000000000000000000000000000000000000000000000000""]",1,S,[4454785377.297331],-1.0659722228154174,2.010328497117133e+17,scan_cap,-15.708416314926517,-0.03255010547770354,False,True,[[]]
events_quad_9,fold,15934058052781371099083577066172161/10000000000000000000000000000000000,97912689192878162276953896741298107/5000000000000000000000000000000000,1765976751091949776934510746660452361102532647514646005944219539391497/250000000000000000000000000000000000000000000000000000000000000000000,0,"[""0"", ""0"", ""1"", ""1"", ""1"", ""0"", ""0"", ""-97912689192878162276953896741298107/5000000000000000000000000000000000"", ""0"", ""-10"", ""11/5"", ""15934058052781371099083577066172161/10000000000000000000000000000000000""]",1,S,[4454785377.297331],-1.066006821623721,2.010328497117133e+17,scan_cap,-15.757161035373436,-0.020711573224499347,False,False,[[]]
events_quad_9,pair,3186811610556274219816701180065333703507972439843/2000000000000000000000000000000000000000000000000,97912689192878162276953896741298107/5000000000000000000000000000000000,353195350218389955386886819645606593806710142803140918507445789323940781309660049211/50000000000000000000000000000000000000000000000000000000000000000000000000000000000,0,"[""0"", ""0"", ""1"", ""1"", ""1"", ""0"", ""0"", ""-97912689192878162276953896741298107/5000000000000000000000000000000000"", ""0"", ""-10"", ""11/5"", ""3186811610556274219816701180065333703507972439843/2000000000000000000000000000000000000000000000000""]",1,S,[4454785377.297331],-1.066006821623721,2.010328497117133e+17,scan_cap,-15.757161035373436,-0.020711573224499347,False,True,[[]]
events_quad_9,hopf_small,3186811610556274219816701180065333703507972439843/2000000000000000000000000000000000000000000000000,97912689192878162276953896741298107/5000000000000000000000000000000000,353195350218389955386886819645606593806710142803140918507445789323940781309660049211/50000000000000000000000000000000000000000000000000000000000000000000000000000000000,-11617092620897473460740746433278660097294851498371/1000000000000000000000000000000000000000000000000000000000000000000000000000,"[""0"", ""0"", ""1"", ""1"", ""1"", ""0"", ""0"", ""-97912689192878162276953896741298107/5000000000000000000000000000000000"", ""-11617092620897473460740746433278660097294851498371/1000000000000000000000000000000000000000000000000000000000000000000000000000"", ""-10"", ""11/5"", ""3186811610556274219816701180065333703507972439843/2000000000000000000000000000000000000000000000000""]",1,S,[4454785377.297331],-1.066006821623721,2.010328497117133e+17,scan_cap,-15.757161035373436,-0.020711573224499347,False,True,[[]]
events_quad_9,hopf,3186811610556274219816701180065333703507972439843/2000000000000000000000000000000000000000000000000,97912689192878162276953896741298107/5000000000000000000000000000000000,353195350218389955386886819645606593806710142803140918507445789323940781309660049211/50000000000000000000000000000000000000000000000000000000000000000000000000000000000,-11617092620897473460740746433278660097294851498371/100000000000000000000000000000000000000000000000000000000000000000000000000,"[""0"", ""0"", ""1"", ""1"", ""1"", ""0"", ""0"", ""-97912689192878162276953896741298107/5000000000000000000000000000000000"", ""-11617092620897473460740746433278660097294851498371/100000000000000000000000000000000000000000000000000000000000000000000000000"", ""-10"", ""11/5"", ""3186811610556274219816701180065333703507972439843/2000000000000000000000000000000000000000000000000""]",1,S,[4454785377.297331],-1.066006821623721,2.010328497117133e+17,scan_cap,-15.757161035373436,-0.020711573224499347,False,True,[[]]
events_negative_0,fold,484303461366386694912220264731896151/500000000000000000000000000000000000,185686584365890625182491579751142957/5000000000000000000000000000000000,-1250000000008310614239522834743466813280416690896193431123130356423/12500000000000000000000000000000000000000000000000000000000000000000000,0,"[""0"", ""0"", ""1"", ""1"", ""1"", ""0"", ""0"", ""-185686584365890625182491579751142957/5000000000000000000000000000000000"", ""0"", ""-10"", ""11/5"", ""484303461366386694912220264731896151/500000000000000000000000000000000000""]",0,,[],-0.9605070678790366,2.010328497117133e+17,scan_cap,-0.037209954701722836,,False,False,[[18205689.644426107]]
events_negative_0,pair,12107587230683658381992887077452478429844423883253/12500000000000000000000000000000000000000000000000,185686584365890625182491579751142957/5000000000000000000000000000000000,-29827313231194427881986500574704860994309164668640280545316330698446734106809669/312500000000000000000000000000000000000000000000000000000000000000000000000000000000,0,"[""0"", ""0"", ""1"", ""1"", ""1"", ""0"", ""0"", ""-185686584365890625182491579751142957/5000000000000000000000000000000000"", ""0"", ""-10"", ""11/5"", ""12107587230683658381992887077452478429844423883253/12500000000000000000000000000000000000000000000000""]",2,US,"[7.150946467468296, 19.43828783880247]",-0.9605070658815393,2.010328497117133e+17,scan_cap,-0.03703027626639255,-2.0043005566350303e-07,False,True,[[18205689.644426107]]
events_negative_0,hopf_small,12107587230683658381992887077452478429844423883253/12500000000000000000000000000000000000000000000000,185686584365890625182491579751142957/5000000000000000000000000000000000,-29827313231194427881986500574704860994309164668640280545316330698446734106809669/312500000000000000000000000000000000000000000000000000000000000000000000000000000000,6250000000041553071197614173439777/62500000000000000000000000000000000000000000,"[""0"", ""0"", ""1"", ""1"", ""1"", ""0"", ""0"", ""-185686584365890625182491579751142957/5000000000000000000000000000000000"", ""6250000000041553071197614173439777/62500000000000000000000000000000000000000000"", ""-10"", ""11/5"", ""12107587230683658381992887077452478429844423883253/12500000000000000000000000000000000000000000000000""]",2,US,"[7.150946467468296, 19.43828783880247]",-0.9605070658807856,2.010328497117133e+17,scan_cap,-0.037030269178515596,-2.0015400581385734e-07,False,True,[[18205689.644426107]]
events_negative_0,hopf,12107587230683658381992887077452478429844423883253/12500000000000000000000000000000000000000000000000,185686584365890625182491579751142957/5000000000000000000000000000000000,-29827313231194427881986500574704860994309164668640280545316330698446734106809669/312500000000000000000000000000000000000000000000000000000000000000000000000000000000,6250000000041553071197614173439777/6250000000000000000000000000000000000000000,"[""0"", ""0"", ""1"", ""1"", ""1"", ""0"", ""0"", ""-185686584365890625182491579751142957/5000000000000000000000000000000000"", ""6250000000041553071197614173439777/6250000000000000000000000000000000000000000"", ""-10"", ""11/5"", ""12107587230683658381992887077452478429844423883253/12500000000000000000000000000000000000000000000000""]",2,US,"[7.150946467468296, 19.43828783880247]",-0.960507065874002,2.010328497117133e+17,scan_cap,-0.03703020547615665,-1.9766573755575223e-07,False,True,[[18205689.644426107]]
events_negative_3,fold,192904025869782316644434037432043291/200000000000000000000000000000000000,1870413735213916378380107317654709/50000000000000000000000000000000,-1499999999999910270483422301308172871473590853824618787485341919491/50000000000000000000000000000000000000000000000000000000000000000000,0,"[""0"", ""0"", ""1"", ""1"", ""1"", ""0"", ""0"", ""-1870413735213916378380107317654709/50000000000000000000000000000000"", ""0"", ""-10"", ""11/5"", ""192904025869782316644434037432043291/200000000000000000000000000000000000""]",0,,[],-0.9592342889804969,2.010328497117133e+17,scan_cap,-7.6591613376338685,,False,False,[[11042308.950557224]]
events_negative_3,pair,48226839658678425561877901344333009893541302916977/50000000000000000000000000000000000000000000000000,1870413735213916378380107317654709/50000000000000000000000000000000,-357857464414244599271302701908693027256001541744510461979930554317724766018958377/12500000000000000000000000000000000000000000000000000000000000000000000000000000000,0,"[""0"", ""0"", ""1"", ""1"", ""1"", ""0"", ""0"", ""-1870413735213916378380107317654709/50000000000000000000000000000000"", ""0"", ""-10"", ""11/5"", ""48226839658678425561877901344333009893541302916977/50000000000000000000000000000000000000000000000000""]",2,US,"[7.150946467468296, 19.43828783880247]",-0.9592336993841617,2.010328497117133e+17,scan_cap,-7.632456989345279,-6.184212881699125e-05,False,True,[[14178605.351434018]]
events_negative_3,hopf_small,48226839658678425561877901344333009893541302916977/50000000000000000000000000000000000000000000000000,1870413735213916378380107317654709/50000000000000000000000000000000,-357857464414244599271302701908693027256001541744510461979930554317724766018958377/12500000000000000000000000000000000000000000000000000000000000000000000000000000000,59999999999996410819336892052333549/2000000000000000000000000000000000000000000,"[""0"", ""0"", ""1"", ""1"", ""1"", ""0"", ""0"", ""-1870413735213916378380107317654709/50000000000000000000000000000000"", ""59999999999996410819336892052333549/2000000000000000000000000000000000000000000"", ""-10"", ""11/5"", ""48226839658678425561877901344333009893541302916977/50000000000000000000000000000000000000000000000000""]",3,SUS,"[0.022759895093526734, 7.150946467468296, 19.43828783880247]",-0.9592336991617881,2.010328497117133e+17,scan_cap,-7.632455843401303,-6.176003898072935e-05,False,True,[[14178605.351434018]]
events_negative_3,hopf,48226839658678425561877901344333009893541302916977/50000000000000000000000000000000000000000000000000,1870413735213916378380107317654709/50000000000000000000000000000000,-357857464414244599271302701908693027256001541744510461979930554317724766018958377/12500000000000000000000000000000000000000000000000000000000000000000000000000000000,59999999999996410819336892052333549/200000000000000000000000000000000000000000,"[""0"", ""0"", ""1"", ""1"", ""1"", ""0"", ""0"", ""-1870413735213916378380107317654709/50000000000000000000000000000000"", ""59999999999996410819336892052333549/200000000000000000000000000000000000000000"", ""-10"", ""11/5"", ""48226839658678425561877901344333009893541302916977/50000000000000000000000000000000000000000000000000""]",3,SUS,"[0.0618678092503679, 7.150946467468296, 19.43828783880247]",-0.9592336971604263,2.010328497117133e+17,scan_cap,-7.632445529918634,-6.1021232065971986e-05,False,True,[[14178605.351434018]]
events_negative_6,fold,47090103472372197380423185569421093/50000000000000000000000000000000000,389938267001706953908735808874940723/10000000000000000000000000000000000,-500000000000084198603894943116019042564412491076245255623380190427371/2500000000000000000000000000000000000000000000000000000000000000000000,0,"[""0"", ""0"", ""1"", ""1"", ""1"", ""0"", ""0"", ""-389938267001706953908735808874940723/10000000000000000000000000000000000"", ""0"", ""-10"", ""11/5"", ""47090103472372197380423185569421093/50000000000000000000000000000000000""]",0,,[],-0.9520929903168648,2.010328497117133e+17,scan_cap,-20.5496622256292,,False,False,[[1918865.5711364753]]
events_negative_6,pair,94191092348785539339883873455391077393393393385223/100000000000000000000000000000000000000000000000000,389938267001706953908735808874940723/10000000000000000000000000000000000,-953309008538578155185441688275176085556220793244426192900224166113458832181279501481/5000000000000000000000000000000000000000000000000000000000000000000000000000000000000,0,"[""0"", ""0"", ""1"", ""1"", ""1"", ""0"", ""0"", ""-389938267001706953908735808874940723/10000000000000000000000000000000000"", ""0"", ""-10"", ""11/5"", ""94191092348785539339883873455391077393393393385223/100000000000000000000000000000000000000000000000000""]",2,US,"[7.150946467468296, 19.43828783880247]",-0.9520894161387118,2.010328497117133e+17,scan_cap,-20.510693256425967,-0.0004712434185099035,False,True,[[1918865.5711364753]]
events_negative_6,hopf_small,94191092348785539339883873455391077393393393385223/100000000000000000000000000000000000000000000000000,389938267001706953908735808874940723/10000000000000000000000000000000000,-953309008538578155185441688275176085556220793244426192900224166113458832181279501481/5000000000000000000000000000000000000000000000000000000000000000000000000000000000000,1/10000000,"[""0"", ""0"", ""1"", ""1"", ""1"", ""0"", ""0"", ""-389938267001706953908735808874940723/10000000000000000000000000000000000"", ""1/10000000"", ""-10"", ""11/5"", ""94191092348785539339883873455391077393393393385223/100000000000000000000000000000000000000000000000000""]",3,SUS,"[0.013804574186067098, 7.150946467468296, 19.43828783880247]",-0.9520894154653725,2.010328497117133e+17,scan_cap,-20.510692258525395,-0.00047098511342147376,False,True,[[1918865.5711364753]]
events_negative_6,hopf,94191092348785539339883873455391077393393393385223/100000000000000000000000000000000000000000000000000,389938267001706953908735808874940723/10000000000000000000000000000000000,-953309008538578155185441688275176085556220793244426192900224166113458832181279501481/5000000000000000000000000000000000000000000000000000000000000000000000000000000000000,1/1000000,"[""0"", ""0"", ""1"", ""1"", ""1"", ""0"", ""0"", ""-389938267001706953908735808874940723/10000000000000000000000000000000000"", ""1/1000000"", ""-10"", ""11/5"", ""94191092348785539339883873455391077393393393385223/100000000000000000000000000000000000000000000000000""]",3,SUS,"[0.04818269829109883, 7.150946467468296, 19.43828783880247]",-0.9520894094053208,2.010328497117133e+17,scan_cap,-20.51068327740119,-0.0004686603648202947,False,True,[[1918865.5711364753]]
events_negative_9,fold,849103726246353507080233399046273819/1000000000000000000000000000000000000,94466977240265381391871699418729171/2000000000000000000000000000000000,-10000000000000066093728295119171400813367524596011880861024013442385461/10000000000000000000000000000000000000000000000000000000000000000000000,0,"[""0"", ""0"", ""1"", ""1"", ""1"", ""0"", ""0"", ""-94466977240265381391871699418729171/2000000000000000000000000000000000"", ""0"", ""-10"", ""11/5"", ""849103726246353507080233399046273819/1000000000000000000000000000000000000""]",0,,[],-0.9221149372285785,2.010328497117133e+17,scan_cap,-30.13985547053573,,False,False,[[57944.71938749432]]
events_negative_9,pair,10619746224851384432031886722026738703980744834669/12500000000000000000000000000000000000000000000000,94466977240265381391871699418729171/2000000000000000000000000000000000,-118817503391857012857040800925904840750164718976881387816458698235445010640693276611/125000000000000000000000000000000000000000000000000000000000000000000000000000000000,0,"[""0"", ""0"", ""1"", ""1"", ""1"", ""0"", ""0"", ""-94466977240265381391871699418729171/2000000000000000000000000000000000"", ""0"", ""-10"", ""11/5"", ""10619746224851384432031886722026738703980744834669/12500000000000000000000000000000000000000000000000""]",2,US,"[7.150946467468296, 15.13855379042673]",-0.9221038206078955,2.010328497117133e+17,scan_cap,-30.108349643359702,-0.00034786652631879633,False,True,[[57944.71938749432]]
events_negative_9,hopf_small,10619746224851384432031886722026738703980744834669/12500000000000000000000000000000000000000000000000,94466977240265381391871699418729171/2000000000000000000000000000000000,-118817503391857012857040800925904840750164718976881387816458698235445010640693276611/125000000000000000000000000000000000000000000000000000000000000000000000000000000000,1/10000000,"[""0"", ""0"", ""1"", ""1"", ""1"", ""0"", ""0"", ""-94466977240265381391871699418729171/2000000000000000000000000000000000"", ""1/10000000"", ""-10"", ""11/5"", ""10619746224851384432031886722026738703980744834669/12500000000000000000000000000000000000000000000000""]",3,SUS,"[0.006520819120330114, 7.150946467468296, 15.13855379042673]",-0.922103820179665,2.010328497117133e+17,scan_cap,-30.10834942060537,-0.00034767616562447756,False,True,[[57944.71938749432]]
events_negative_9,hopf,10619746224851384432031886722026738703980744834669/12500000000000000000000000000000000000000000000000,94466977240265381391871699418729171/2000000000000000000000000000000000,-118817503391857012857040800925904840750164718976881387816458698235445010640693276611/125000000000000000000000000000000000000000000000000000000000000000000000000000000000,1/1000000,"[""0"", ""0"", ""1"", ""1"", ""1"", ""0"", ""0"", ""-94466977240265381391871699418729171/2000000000000000000000000000000000"", ""1/1000000"", ""-10"", ""11/5"", ""10619746224851384432031886722026738703980744834669/12500000000000000000000000000000000000000000000000""]",3,SUS,"[0.022759895093526734, 7.150946467468296, 15.13855379042673]",-0.9221038163255897,2.010328497117133e+17,scan_cap,-30.10834741581096,-0.00034596292080690816,False,True,[[57944.71938749432]]
events_negative_12,fold,709609736936958544219206531634188043/1000000000000000000000000000000000000,695011961732660460977973998727451057/10000000000000000000000000000000000,-149999999998622734995814584327106152118202060218445184613900624611774039/50000000000000000000000000000000000000000000000000000000000000000000000,0,"[""0"", ""0"", ""1"", ""1"", ""1"", ""0"", ""0"", ""-695011961732660460977973998727451057/10000000000000000000000000000000000"", ""0"", ""-10"", ""11/5"", ""709609736936958544219206531634188043/1000000000000000000000000000000000000""]",0,,[],-0.876355233739052,2.010328497117133e+17,scan_cap,-33.262721159545116,,False,False,[[6107.328490896728]]
events_negative_12,pair,71057362541031841688455019000996453009276395102111/100000000000000000000000000000000000000000000000000,695011961732660460977973998727451057/10000000000000000000000000000000000,-14263094579224794733200066502515594879256567710757228796578354459571369348459031305403/5000000000000000000000000000000000000000000000000000000000000000000000000000000000000,0,"[""0"", ""0"", ""1"", ""1"", ""1"", ""0"", ""0"", ""-695011961732660460977973998727451057/10000000000000000000000000000000000"", ""0"", ""-10"", ""11/5"", ""71057362541031841688455019000996453009276395102111/100000000000000000000000000000000000000000000000000""]",2,US,"[7.150946467468296, 15.13855379042673]",-0.8763433055341129,2.010328497117133e+17,scan_cap,-33.23655978439196,-0.0005349245227597166,False,True,[[6107.328490896728]]
events_negative_12,hopf_small,71057362541031841688455019000996453009276395102111/100000000000000000000000000000000000000000000000000,695011961732660460977973998727451057/10000000000000000000000000000000000,-14263094579224794733200066502515594879256567710757228796578354459571369348459031305403/5000000000000000000000000000000000000000000000000000000000000000000000000000000000000,1/10000000,"[""0"", ""0"", ""1"", ""1"", ""1"", ""0"", ""0"", ""-695011961732660460977973998727451057/10000000000000000000000000000000000"", ""1/10000000"", ""-10"", ""11/5"", ""71057362541031841688455019000996453009276395102111/100000000000000000000000000000000000000000000000000""]",3,SUS,"[0.005078419037180083, 7.150946467468296, 15.13855379042673]",-0.8763433053618483,2.010328497117133e+17,scan_cap,-33.23655968610534,-0.0005347906313208917,False,True,[[6107.328490896728]]
events_negative_12,hopf,71057362541031841688455019000996453009276395102111/100000000000000000000000000000000000000000000000000,695011961732660460977973998727451057/10000000000000000000000000000000000,-14263094579224794733200066502515594879256567710757228796578354459571369348459031305403/5000000000000000000000000000000000000000000000000000000000000000000000000000000000000,1/1000000,"[""0"", ""0"", ""1"", ""1"", ""1"", ""0"", ""0"", ""-695011961732660460977973998727451057/10000000000000000000000000000000000"", ""1/1000000"", ""-10"", ""11/5"", ""71057362541031841688455019000996453009276395102111/100000000000000000000000000000000000000000000000000""]",3,SUS,"[0.013804574186067098, 7.150946467468296, 15.13855379042673]",-0.8763433038114673,2.010328497117133e+17,scan_cap,-33.236558801533036,-0.0005335856080921353,False,True,[[6107.328490896728]]
events_negative_15,fold,582877692512661072779208171523131101/1000000000000000000000000000000000000,120426057391808083810369246702330817/1000000000000000000000000000000000,-39999999998762157966606652736187084024537687997699053450196887802165313/5000000000000000000000000000000000000000000000000000000000000000000000,0,"[""0"", ""0"", ""1"", ""1"", ""1"", ""0"", ""0"", ""-120426057391808083810369246702330817/1000000000000000000000000000000000"", ""0"", ""-10"", ""11/5"", ""582877692512661072779208171523131101/1000000000000000000000000000000000000""]",0,,[],-0.8365117130886179,2.010328497117133e+17,scan_cap,-34.23397179219523,,False,False,[[2719.389511420274]]
events_negative_15,pair,58415015900700965010397491838958640065196912127853/100000000000000000000000000000000000000000000000000,120426057391808083810369246702330817/1000000000000000000000000000000000,-3831438064490883726051295183929285574680948347030792295417783889684110535827734595089/500000000000000000000000000000000000000000000000000000000000000000000000000000000000,0,"[""0"", ""0"", ""1"", ""1"", ""1"", ""0"", ""0"", ""-120426057391808083810369246702330817/1000000000000000000000000000000000"", ""0"", ""-10"", ""11/5"", ""58415015900700965010397491838958640065196912127853/100000000000000000000000000000000000000000000000000""]",2,US,"[9.181997017602711, 19.43828783880247]",-0.8365045008559049,2.010328497117133e+17,scan_cap,-34.20841841784507,-0.0018175565289828555,False,True,[[2747.4173282547017]]
events_negative_15,hopf_small,58415015900700965010397491838958640065196912127853/100000000000000000000000000000000000000000000000000,120426057391808083810369246702330817/1000000000000000000000000000000000,-3831438064490883726051295183929285574680948347030792295417783889684110535827734595089/500000000000000000000000000000000000000000000000000000000000000000000000000000000000,1/10000000,"[""0"", ""0"", ""1"", ""1"", ""1"", ""0"", ""0"", ""-120426057391808083810369246702330817/1000000000000000000000000000000000"", ""1/10000000"", ""-10"", ""11/5"", ""58415015900700965010397491838958640065196912127853/100000000000000000000000000000000000000000000000000""]",3,SUS,"[0.003955076722920578, 9.181997017602711, 19.43828783880247]",-0.8365045008061128,2.010328497117133e+17,scan_cap,-34.208418357842504,-0.0018174615462305255,False,True,[[2747.4173282547017]]
events_negative_15,hopf,58415015900700965010397491838958640065196912127853/100000000000000000000000000000000000000000000000000,120426057391808083810369246702330817/1000000000000000000000000000000000,-3831438064490883726051295183929285574680948347030792295417783889684110535827734595089/500000000000000000000000000000000000000000000000000000000000000000000000000000000000,1/1000000,"[""0"", ""0"", ""1"", ""1"", ""1"", ""0"", ""0"", ""-120426057391808083810369246702330817/1000000000000000000000000000000000"", ""1/1000000"", ""-10"", ""11/5"", ""58415015900700965010397491838958640065196912127853/100000000000000000000000000000000000000000000000000""]",3,SUS,"[0.010751013186076358, 9.181997017602711, 19.43828783880247]",-0.8365045003579866,2.010328497117133e+17,scan_cap,-34.20841781781943,-0.0018166067034912636,False,True,[[2747.4173282547017]]
events_negative_17,fold,521941868559939817291731573727868683/1000000000000000000000000000000000000,36419526030312510672994727583922411/200000000000000000000000000000000,-14999999999947082212301637412045589192010652538930147462205317043698157/1000000000000000000000000000000000000000000000000000000000000000000000,0,"[""0"", ""0"", ""1"", ""1"", ""1"", ""0"", ""0"", ""-36419526030312510672994727583922411/200000000000000000000000000000000"", ""0"", ""-10"", ""11/5"", ""521941868559939817291731573727868683/1000000000000000000000000000000000000""]",0,,[],-0.8187400175357112,2.010328497117133e+17,scan_cap,-34.39104356103716,,False,False,[[2246.7605922815164]]
events_negative_17,pair,13081748888223723320397994253829479576961023741201/25000000000000000000000000000000000000000000000000,36419526030312510672994727583922411/200000000000000000000000000000000,-361698718065631815246985273042953320721329194572269618793311072541306485709392488279/25000000000000000000000000000000000000000000000000000000000000000000000000000000000,0,"[""0"", ""0"", ""1"", ""1"", ""1"", ""0"", ""0"", ""-36419526030312510672994727583922411/200000000000000000000000000000000"", ""0"", ""-10"", ""11/5"", ""13081748888223723320397994253829479576961023741201/25000000000000000000000000000000000000000000000000""]",2,US,"[11.789917546552921, 24.9592556419146]",-0.8187355421900118,2.010328497117133e+17,scan_cap,-34.365076015700495,-0.0027700738246565493,False,True,[[2246.7605922815164]]
events_negative_17,hopf_small,13081748888223723320397994253829479576961023741201/25000000000000000000000000000000000000000000000000,36419526030312510672994727583922411/200000000000000000000000000000000,-361698718065631815246985273042953320721329194572269618793311072541306485709392488279/25000000000000000000000000000000000000000000000000000000000000000000000000000000000,1/10000000,"[""0"", ""0"", ""1"", ""1"", ""1"", ""0"", ""0"", ""-36419526030312510672994727583922411/200000000000000000000000000000000"", ""1/10000000"", ""-10"", ""11/5"", ""13081748888223723320397994253829479576961023741201/25000000000000000000000000000000000000000000000000""]",3,SUS,"[0.003080216848918032, 11.789917546552921, 24.9592556419146]",-0.8187355421696656,2.010328497117133e+17,scan_cap,-34.36507596869973,-0.002769996955879872,False,True,[[2246.7605922815164]]
events_negative_17,hopf,13081748888223723320397994253829479576961023741201/25000000000000000000000000000000000000000000000000,36419526030312510672994727583922411/200000000000000000000000000000000,-361698718065631815246985273042953320721329194572269618793311072541306485709392488279/25000000000000000000000000000000000000000000000000000000000000000000000000000000000,1/1000000,"[""0"", ""0"", ""1"", ""1"", ""1"", ""0"", ""0"", ""-36419526030312510672994727583922411/200000000000000000000000000000000"", ""1/1000000"", ""-10"", ""11/5"", ""13081748888223723320397994253829479576961023741201/25000000000000000000000000000000000000000000000000""]",3,SUS,"[0.010751013186076358, 11.789917546552921, 24.9592556419146]",-0.8187355419865482,2.010328497117133e+17,scan_cap,-34.36507554568586,-0.002769305134485922,False,True,[[2246.7605922815164]]
events_negative_19,fold,14777404213146858632864511390491463/31250000000000000000000000000000000,148775368256548554138018386515161783/500000000000000000000000000000000,-2343749999530955408678266112996281939234204315614090890730797421056181/78125000000000000000000000000000000000000000000000000000000000000000,0,"[""0"", ""0"", ""1"", ""1"", ""1"", ""0"", ""0"", ""-148775368256548554138018386515161783/500000000000000000000000000000000"", ""0"", ""-10"", ""11/5"", ""14777404213146858632864511390491463/31250000000000000000000000000000000""]",0,,[],-0.8055866415121752,2.010328497117133e+17,scan_cap,-34.33533431123441,,False,False,[[2678.5368448874206]]
events_negative_19,pair,47416124373936122615289514133945530892243853595317/100000000000000000000000000000000000000000000000000,148775368256548554138018386515161783/500000000000000000000000000000000,-7289819112937078652018764659239120633614862275966387094670059041467386139518872127679/250000000000000000000000000000000000000000000000000000000000000000000000000000000000,0,"[""0"", ""0"", ""1"", ""1"", ""1"", ""0"", ""0"", ""-148775368256548554138018386515161783/500000000000000000000000000000000"", ""0"", ""-10"", ""11/5"", ""47416124373936122615289514133945530892243853595317/100000000000000000000000000000000000000000000000000""]",2,US,"[15.13855379042673, 32.04831862582525]",-0.8055841965783597,2.010328497117133e+17,scan_cap,-34.30893316175964,-0.0005068062956397057,False,True,[[2699.5448697329252]]
events_negative_19,hopf_small,47416124373936122615289514133945530892243853595317/100000000000000000000000000000000000000000000000000,148775368256548554138018386515161783/500000000000000000000000000000000,-7289819112937078652018764659239120633614862275966387094670059041467386139518872127679/250000000000000000000000000000000000000000000000000000000000000000000000000000000000,1/10000000,"[""0"", ""0"", ""1"", ""1"", ""1"", ""0"", ""0"", ""-148775368256548554138018386515161783/500000000000000000000000000000000"", ""1/10000000"", ""-10"", ""11/5"", ""47416124373936122615289514133945530892243853595317/100000000000000000000000000000000000000000000000000""]",3,SUS,"[0.003080216848918032, 15.13855379042673, 32.04831862582525]",-0.8055841965711233,2.010328497117133e+17,scan_cap,-34.308933124869064,-0.0005067450839866261,False,True,[[2699.5448697329252]]
events_negative_19,hopf,47416124373936122615289514133945530892243853595317/100000000000000000000000000000000000000000000000000,148775368256548554138018386515161783/500000000000000000000000000000000,-7289819112937078652018764659239120633614862275966387094670059041467386139518872127679/250000000000000000000000000000000000000000000000000000000000000000000000000000000000,1/1000000,"[""0"", ""0"", ""1"", ""1"", ""1"", ""0"", ""0"", ""-148775368256548554138018386515161783/500000000000000000000000000000000"", ""1/1000000"", ""-10"", ""11/5"", ""47416124373936122615289514133945530892243853595317/100000000000000000000000000000000000000000000000000""]",3,SUS,"[0.008372897488127267, 15.13855379042673, 32.04831862582525]",-0.8055841965059971,2.010328497117133e+17,scan_cap,-34.30893279285012,-0.0005061941761255184,False,True,[[2699.5448697329252]]
events_m_0,fold,460000000000003392166606149176053821/1000000000000000000000000000000000000,176340879561330035260599999999999997/500000000000000000000000000000000,-94419547226313617930291583907377943153966926230084973219402922809776093/2500000000000000000000000000000000000000000000000000000000000000000000,0,"[""0"", ""0"", ""1"", ""1"", ""1"", ""0"", ""0"", ""-176340879561330035260599999999999997/500000000000000000000000000000000"", ""0"", ""-10"", ""11/5"", ""460000000000003392166606149176053821/1000000000000000000000000000000000000""]",0,,[],-0.8023862038175992,2.010328497117133e+17,scan_cap,-34.279728304360894,,False,False,[[2777.0896880264077]]
events_m_0,pair,4612522308143377302440327678254712218161412641979/10000000000000000000000000000000000000000000000000,176340879561330035260599999999999997/500000000000000000000000000000000,-919905329109649227504574617162696172660887053705104847311647970993501799326617185307/25000000000000000000000000000000000000000000000000000000000000000000000000000000000,0,"[""0"", ""0"", ""1"", ""1"", ""1"", ""0"", ""0"", ""-176340879561330035260599999999999997/500000000000000000000000000000000"", ""0"", ""-10"", ""11/5"", ""4612522308143377302440327678254712218161412641979/10000000000000000000000000000000000000000000000000""]",2,US,"[19.43828783880247, 41.15085567766678]",-0.8023842316670349,2.010328497117133e+17,scan_cap,-34.25325174289045,-0.006016073289802026,False,True,[[2798.870672400623]]
events_m_0,hopf_small,4612522308143377302440327678254712218161412641979/10000000000000000000000000000000000000000000000000,176340879561330035260599999999999997/500000000000000000000000000000000,-919905329109649227504574617162696172660887053705104847311647970993501799326617185307/25000000000000000000000000000000000000000000000000000000000000000000000000000000000,1/10000000,"[""0"", ""0"", ""1"", ""1"", ""1"", ""0"", ""0"", ""-176340879561330035260599999999999997/500000000000000000000000000000000"", ""1/10000000"", ""-10"", ""11/5"", ""4612522308143377302440327678254712218161412641979/10000000000000000000000000000000000000000000000000""]",3,SUS,"[0.003080216848918032, 19.43828783880247, 41.15085567766678]",-0.8023842316619492,2.010328497117133e+17,scan_cap,-34.25325170876587,-0.006016016431164228,False,True,[[2798.870672400623]]
events_m_0,hopf,4612522308143377302440327678254712218161412641979/10000000000000000000000000000000000000000000000000,176340879561330035260599999999999997/500000000000000000000000000000000,-919905329109649227504574617162696172660887053705104847311647970993501799326617185307/25000000000000000000000000000000000000000000000000000000000000000000000000000000000,1/1000000,"[""0"", ""0"", ""1"", ""1"", ""1"", ""0"", ""0"", ""-176340879561330035260599999999999997/500000000000000000000000000000000"", ""1/1000000"", ""-10"", ""11/5"", ""4612522308143377302440327678254712218161412641979/10000000000000000000000000000000000000000000000000""]",3,SUS,"[0.008372897488127267, 19.43828783880247, 41.15085567766678]",-0.8023842316161787,2.010328497117133e+17,scan_cap,-34.253251401648214,-0.006015504706311514,False,True,[[2798.870672400623]]
events_m_2,fold,219999999999999987792689257242983349/500000000000000000000000000000000000,48508063993747639111586999999999999/100000000000000000000000000000000,-14380645119499817642610077713424266985614289136606132106088829672816839/250000000000000000000000000000000000000000000000000000000000000000000,0,"[""0"", ""0"", ""1"", ""1"", ""1"", ""0"", ""0"", ""-48508063993747639111586999999999999/100000000000000000000000000000000"", ""0"", ""-10"", ""11/5"", ""219999999999999987792689257242983349/500000000000000000000000000000000000""]",0,,[],-0.7977024276816851,2.010328497117133e+17,scan_cap,-34.14140587611711,,False,False,[[3424.2283969985747]]
events_m_2,pair,11029463518763949382357848401810271401247591566481/25000000000000000000000000000000000000000000000000,48508063993747639111586999999999999/100000000000000000000000000000000,-703310855184481505668325343264656301728614386977019993347309246545916596723507231291/12500000000000000000000000000000000000000000000000000000000000000000000000000000000,0,"[""0"", ""0"", ""1"", ""1"", ""1"", ""0"", ""0"", ""-48508063993747639111586999999999999/100000000000000000000000000000000"", ""0"", ""-10"", ""11/5"", ""11029463518763949382357848401810271401247591566481/25000000000000000000000000000000000000000000000000""]",2,US,"[24.9592556419146, 52.8387446085732]",-0.7977011165264218,2.010328497117133e+17,scan_cap,-34.11491499955937,-0.007349943335128728,False,True,[[3447.7163980937244]]
events_m_2,hopf_small,11029463518763949382357848401810271401247591566481/25000000000000000000000000000000000000000000000000,48508063993747639111586999999999999/100000000000000000000000000000000,-703310855184481505668325343264656301728614386977019993347309246545916596723507231291/12500000000000000000000000000000000000000000000000000000000000000000000000000000000,1/10000000,"[""0"", ""0"", ""1"", ""1"", ""1"", ""0"", ""0"", ""-48508063993747639111586999999999999/100000000000000000000000000000000"", ""1/10000000"", ""-10"", ""11/5"", ""11029463518763949382357848401810271401247591566481/25000000000000000000000000000000000000000000000000""]",3,SUS,"[0.0023988752939670985, 24.9592556419146, 52.8387446085732]",-0.7977011165237832,2.010328497117133e+17,scan_cap,-34.11491496995267,-0.007349893840016719,False,True,[[3447.7163980937244]]
events_m_2,hopf,11029463518763949382357848401810271401247591566481/25000000000000000000000000000000000000000000000000,48508063993747639111586999999999999/100000000000000000000000000000000,-703310855184481505668325343264656301728614386977019993347309246545916596723507231291/12500000000000000000000000000000000000000000000000000000000000000000000000000000000,1/1000000,"[""0"", ""0"", ""1"", ""1"", ""1"", ""0"", ""0"", ""-48508063993747639111586999999999999/100000000000000000000000000000000"", ""1/1000000"", ""-10"", ""11/5"", ""11029463518763949382357848401810271401247591566481/25000000000000000000000000000000000000000000000000""]",3,SUS,"[0.008372897488127267, 24.9592556419146, 52.8387446085732]",-0.7977011165000358,2.010328497117133e+17,scan_cap,-34.11491470347991,-0.0073494483921008325,False,True,[[3447.7163980937244]]
events_m_4,fold,400000000000000032137822042285976121/1000000000000000000000000000000000000,132877621756274965347800000000000007/100000000000000000000000000000000,-100726573053764932234309024541126244146344659721091666665902743979838683/500000000000000000000000000000000000000000000000000000000000000000000,0,"[""0"", ""0"", ""1"", ""1"", ""1"", ""0"", ""0"", ""-132877621756274965347800000000000007/100000000000000000000000000000000"", ""0"", ""-10"", ""11/5"", ""400000000000000032137822042285976121/1000000000000000000000000000000000000""]",0,,[],-0.7898628678101126,2.010328497117133e+17,scan_cap,-33.519580390196715,,False,False,[[7101.942571790012]]
events_m_4,pair,4009083969439519182172825821971978040965335815947/10000000000000000000000000000000000000000000000000,132877621756274965347800000000000007/100000000000000000000000000000000,-993988111730119891261880952676814678826386126846078926006027408102658245669142172081/5000000000000000000000000000000000000000000000000000000000000000000000000000000000,0,"[""0"", ""0"", ""1"", ""1"", ""1"", ""0"", ""0"", ""-132877621756274965347800000000000007/100000000000000000000000000000000"", ""0"", ""-10"", ""11/5"", ""4009083969439519182172825821971978040965335815947/10000000000000000000000000000000000000000000000000""]",2,US,"[52.8387446085732, 111.85962321414235]",-0.789862516352012,2.010328497117133e+17,scan_cap,-33.49404504399618,-0.005870214626490622,False,True,[[7140.190395523927]]
events_m_4,hopf_small,4009083969439519182172825821971978040965335815947/10000000000000000000000000000000000000000000000000,132877621756274965347800000000000007/100000000000000000000000000000000,-993988111730119891261880952676814678826386126846078926006027408102658245669142172081/5000000000000000000000000000000000000000000000000000000000000000000000000000000000,1/10000000,"[""0"", ""0"", ""1"", ""1"", ""1"", ""0"", ""0"", ""-132877621756274965347800000000000007/100000000000000000000000000000000"", ""1/10000000"", ""-10"", ""11/5"", ""4009083969439519182172825821971978040965335815947/10000000000000000000000000000000000000000000000000""]",3,SUS,"[0.0023988752939670985, 52.8387446085732, 111.85962321414235]",-0.789862516351671,2.010328497117133e+17,scan_cap,-33.49404502485041,-0.005870182266009216,False,True,[[7140.190395523927]]
events_m_4,hopf,4009083969439519182172825821971978040965335815947/10000000000000000000000000000000000000000000000000,132877621756274965347800000000000007/100000000000000000000000000000000,-993988111730119891261880952676814678826386126846078926006027408102658245669142172081/5000000000000000000000000000000000000000000000000000000000000000000000000000000000,1/1000000,"[""0"", ""0"", ""1"", ""1"", ""1"", ""0"", ""0"", ""-132877621756274965347800000000000007/100000000000000000000000000000000"", ""1/1000000"", ""-10"", ""11/5"", ""4009083969439519182172825821971978040965335815947/10000000000000000000000000000000000000000000000000""]",3,SUS,"[0.006520819120330114, 52.8387446085732, 111.85962321414235]",-0.7898625163486033,2.010328497117133e+17,scan_cap,-33.49404485260319,-0.005869891024341101,False,True,[[7140.190395523927]]
events_m_5,fold,70000000000000349400984010079981601/200000000000000000000000000000000000,47206668466570249677260000000000001/250000000000000000000000000000,-10868033747310975991149245370154388803524334231669287563315889120202389/250000000000000000000000000000000000000000000000000000000000000000,0,"[""0"", ""0"", ""1"", ""1"", ""1"", ""0"", ""0"", ""-47206668466570249677260000000000001/250000000000000000000000000000"", ""0"", ""-10"", ""11/5"", ""70000000000000349400984010079981601/200000000000000000000000000000000000""]",0,,[],-0.7854295426134758,2.010328497117133e+17,scan_cap,-29.2347411594662,,False,False,[[]]
events_m_5,pair,35021402766387529361734954837997213229051004215351/100000000000000000000000000000000000000000000000000,47206668466570249677260000000000001/250000000000000000000000000000,-5422902987387219641139136846650211637381334285239199534169559901866853620438953631139/125000000000000000000000000000000000000000000000000000000000000000000000000000000,0,"[""0"", ""0"", ""1"", ""1"", ""1"", ""0"", ""0"", ""-47206668466570249677260000000000001/250000000000000000000000000000"", ""0"", ""-10"", ""11/5"", ""35021402766387529361734954837997213229051004215351/100000000000000000000000000000000000000000000000000""]",2,US,"[3704.281978665354, 7841.965010372586]",-0.7854295420466341,2.010328497117133e+17,scan_cap,-29.2199044374268,-0.008032960693695301,False,True,[[]]
events_m_5,hopf_small,35021402766387529361734954837997213229051004215351/100000000000000000000000000000000000000000000000000,47206668466570249677260000000000001/250000000000000000000000000000,-5422902987387219641139136846650211637381334285239199534169559901866853620438953631139/125000000000000000000000000000000000000000000000000000000000000000000000000000000,1/10000000,"[""0"", ""0"", ""1"", ""1"", ""1"", ""0"", ""0"", ""-47206668466570249677260000000000001/250000000000000000000000000000"", ""1/10000000"", ""-10"", ""11/5"", ""35021402766387529361734954837997213229051004215351/100000000000000000000000000000000000000000000000000""]",3,SUS,"[0.0018682459574322228, 3704.281978665354, 7841.965010372586]",-0.7854295420466341,2.010328497117133e+17,scan_cap,-29.219904436118604,-0.008032957416670428,False,True,[[]]
events_m_5,hopf,35021402766387529361734954837997213229051004215351/100000000000000000000000000000000000000000000000000,47206668466570249677260000000000001/250000000000000000000000000000,-5422902987387219641139136846650211637381334285239199534169559901866853620438953631139/125000000000000000000000000000000000000000000000000000000000000000000000000000000,1/1000000,"[""0"", ""0"", ""1"", ""1"", ""1"", ""0"", ""0"", ""-47206668466570249677260000000000001/250000000000000000000000000000"", ""1/1000000"", ""-10"", ""11/5"", ""35021402766387529361734954837997213229051004215351/100000000000000000000000000000000000000000000000000""]",3,SUS,"[0.006520819120330114, 3704.281978665354, 7841.965010372586]",-0.785429542046634,2.010328497117133e+17,scan_cap,-29.21990441842521,-0.00803292679212575,False,True,[[]]
events_logm_0,fold,346151105913584265511132364100868403/1000000000000000000000000000000000000,846262440454801849455180000000000049/1000000000000000000000000000000,-1009240726051866706063259858146670381392129974081466196046715749631930783/5000000000000000000000000000000000000000000000000000000000000000000,0,"[""0"", ""0"", ""1"", ""1"", ""1"", ""0"", ""0"", ""-846262440454801849455180000000000049/1000000000000000000000000000000"", ""0"", ""-10"", ""11/5"", ""346151105913584265511132364100868403/1000000000000000000000000000000000000""]",0,,[],-0.7854051671072122,,integration_failure_bracket,,,False,False,[[]]
events_logm_0,pair,8657452218497736611608753078710544147216899958183/25000000000000000000000000000000000000000000000000,846262440454801849455180000000000049/1000000000000000000000000000000,-25196811988836168182337748381786922205172058939897449641603854938356587310090922539363/125000000000000000000000000000000000000000000000000000000000000000000000000000000,0,"[""0"", ""0"", ""1"", ""1"", ""1"", ""0"", ""0"", ""-846262440454801849455180000000000049/1000000000000000000000000000000"", ""0"", ""-10"", ""11/5"", ""8657452218497736611608753078710544147216899958183/25000000000000000000000000000000000000000000000000""]",0,,[],-0.785405167020366,,integration_failure_bracket,,,False,True,[[]]
events_logm_0,hopf_small,8657452218497736611608753078710544147216899958183/25000000000000000000000000000000000000000000000000,846262440454801849455180000000000049/1000000000000000000000000000000,-25196811988836168182337748381786922205172058939897449641603854938356587310090922539363/125000000000000000000000000000000000000000000000000000000000000000000000000000000,1/10000000,"[""0"", ""0"", ""1"", ""1"", ""1"", ""0"", ""0"", ""-846262440454801849455180000000000049/1000000000000000000000000000000"", ""1/10000000"", ""-10"", ""11/5"", ""8657452218497736611608753078710544147216899958183/25000000000000000000000000000000000000000000000000""]",0,,[],-0.785405167020366,,integration_failure_bracket,,,False,True,[[]]
events_logm_0,hopf,8657452218497736611608753078710544147216899958183/25000000000000000000000000000000000000000000000000,846262440454801849455180000000000049/1000000000000000000000000000000,-25196811988836168182337748381786922205172058939897449641603854938356587310090922539363/125000000000000000000000000000000000000000000000000000000000000000000000000000000,1/1000000,"[""0"", ""0"", ""1"", ""1"", ""1"", ""0"", ""0"", ""-846262440454801849455180000000000049/1000000000000000000000000000000"", ""1/1000000"", ""-10"", ""11/5"", ""8657452218497736611608753078710544147216899958183/25000000000000000000000000000000000000000000000000""]",0,,[],-0.785405167020366,,integration_failure_bracket,,,False,True,[[]]
events_logm_3,fold,170258075645961554126405771321393193/500000000000000000000000000000000000,190445293042799802515220000000000013/2500000000000000000000000000,-119440154904717937265370266425986665339682569855181904051914701040773401/6250000000000000000000000000000000000000000000000000000000000000,0,"[""0"", ""0"", ""1"", ""1"", ""1"", ""0"", ""0"", ""-190445293042799802515220000000000013/2500000000000000000000000000"", ""0"", ""-10"", ""11/5"", ""170258075645961554126405771321393193/500000000000000000000000000000000000""]",0,,[],-0.7853982412379453,,integration_failure_bracket,,,False,False,[[]]
events_logm_3,pair,6811468979736594313206059024031056019629687881173/20000000000000000000000000000000000000000000000000,190445293042799802515220000000000013/2500000000000000000000000000,-4775205539403341017830715256230459005356699768977326548188830666835505532954632992261/250000000000000000000000000000000000000000000000000000000000000000000000000000,0,"[""0"", ""0"", ""1"", ""1"", ""1"", ""0"", ""0"", ""-190445293042799802515220000000000013/2500000000000000000000000000"", ""0"", ""-10"", ""11/5"", ""6811468979736594313206059024031056019629687881173/20000000000000000000000000000000000000000000000000""]",0,,[],-0.7853982412375692,,integration_failure_bracket,,,False,True,[[]]
events_logm_3,hopf_small,6811468979736594313206059024031056019629687881173/20000000000000000000000000000000000000000000000000,190445293042799802515220000000000013/2500000000000000000000000000,-4775205539403341017830715256230459005356699768977326548188830666835505532954632992261/250000000000000000000000000000000000000000000000000000000000000000000000000000,1/10000000,"[""0"", ""0"", ""1"", ""1"", ""1"", ""0"", ""0"", ""-190445293042799802515220000000000013/2500000000000000000000000000"", ""1/10000000"", ""-10"", ""11/5"", ""6811468979736594313206059024031056019629687881173/20000000000000000000000000000000000000000000000000""]",0,,[],-0.7853982412375691,,integration_failure_bracket,,,False,True,[[]]
events_logm_3,hopf,6811468979736594313206059024031056019629687881173/20000000000000000000000000000000000000000000000000,190445293042799802515220000000000013/2500000000000000000000000000,-4775205539403341017830715256230459005356699768977326548188830666835505532954632992261/250000000000000000000000000000000000000000000000000000000000000000000000000000,1/1000000,"[""0"", ""0"", ""1"", ""1"", ""1"", ""0"", ""0"", ""-190445293042799802515220000000000013/2500000000000000000000000000"", ""1/1000000"", ""-10"", ""11/5"", ""6811468979736594313206059024031056019629687881173/20000000000000000000000000000000000000000000000000""]",0,,[],-0.7853982412375692,,integration_failure_bracket,,,False,True,[[]]
events_logm_6,fold,169094055650032721718199733127930401/500000000000000000000000000000000000,342866778988001265550887715926485971/50000000000000000000000000,-219422876445813049313221649907411579826064368928011141546153022300051919/125000000000000000000000000000000000000000000000000000000000000,0,"[""0"", ""0"", ""1"", ""1"", ""1"", ""0"", ""0"", ""-342866778988001265550887715926485971/50000000000000000000000000"", ""0"", ""-10"", ""11/5"", ""169094055650032721718199733127930401/500000000000000000000000000000000000""]",0,,[],-0.7853981642623478,,integration_failure_bracket,,,False,False,[[]]
events_logm_6,pair,33821618022062256122097862207689767367525311832677/100000000000000000000000000000000000000000000000000,342866778988001265550887715926485971/50000000000000000000000000,-43873988998743411886966273745533893820576875589126730952560550008796330102264061381963/25000000000000000000000000000000000000000000000000000000000000000000000000000,0,"[""0"", ""0"", ""1"", ""1"", ""1"", ""0"", ""0"", ""-342866778988001265550887715926485971/50000000000000000000000000"", ""0"", ""-10"", ""11/5"", ""33821618022062256122097862207689767367525311832677/100000000000000000000000000000000000000000000000000""]",0,,[],-0.7853981642623458,,integration_failure_bracket,,,False,True,[[]]
events_logm_6,hopf_small,33821618022062256122097862207689767367525311832677/100000000000000000000000000000000000000000000000000,342866778988001265550887715926485971/50000000000000000000000000,-43873988998743411886966273745533893820576875589126730952560550008796330102264061381963/25000000000000000000000000000000000000000000000000000000000000000000000000000,1/10000000,"[""0"", ""0"", ""1"", ""1"", ""1"", ""0"", ""0"", ""-342866778988001265550887715926485971/50000000000000000000000000"", ""1/10000000"", ""-10"", ""11/5"", ""33821618022062256122097862207689767367525311832677/100000000000000000000000000000000000000000000000000""]",0,,[],-0.7853981642623458,,integration_failure_bracket,,,False,True,[[]]
events_logm_6,hopf,33821618022062256122097862207689767367525311832677/100000000000000000000000000000000000000000000000000,342866778988001265550887715926485971/50000000000000000000000000,-43873988998743411886966273745533893820576875589126730952560550008796330102264061381963/25000000000000000000000000000000000000000000000000000000000000000000000000000,1/1000000,"[""0"", ""0"", ""1"", ""1"", ""1"", ""0"", ""0"", ""-342866778988001265550887715926485971/50000000000000000000000000"", ""1/1000000"", ""-10"", ""11/5"", ""33821618022062256122097862207689767367525311832677/100000000000000000000000000000000000000000000000000""]",0,,[],-0.7853981642623458,,integration_failure_bracket,,,False,True,[[]]
events_logm_10,fold,84171502163838121651074955455667491/250000000000000000000000000000000000,8645145685991851026666419025163957/3125000000000000000000,-2802008220687128479389937720756938570007632373694320351971327351959243/3906250000000000000000000000000000000000000000000000000000,0,"[""0"", ""0"", ""1"", ""1"", ""1"", ""0"", ""0"", ""-8645145685991851026666419025163957/3125000000000000000000"", ""0"", ""-10"", ""11/5"", ""84171502163838121651074955455667491/250000000000000000000000000000000000""]",0,,[],-0.7853981633995925,,integration_failure_bracket,,,False,False,[[]]
events_logm_10,pair,16834992267400062432758862257099755353912160490549/50000000000000000000000000000000000000000000000000,8645145685991851026666419025163957/3125000000000000000000,-560335853014357233656588317198087023415800855174227464830000679812503813684986633677/781250000000000000000000000000000000000000000000000000000000000000000000,0,"[""0"", ""0"", ""1"", ""1"", ""1"", ""0"", ""0"", ""-8645145685991851026666419025163957/3125000000000000000000"", ""0"", ""-10"", ""11/5"", ""16834992267400062432758862257099755353912160490549/50000000000000000000000000000000000000000000000000""]",0,,[],-0.7853981633995925,,integration_failure_bracket,,,False,True,[[]]
events_logm_10,hopf_small,16834992267400062432758862257099755353912160490549/50000000000000000000000000000000000000000000000000,8645145685991851026666419025163957/3125000000000000000000,-560335853014357233656588317198087023415800855174227464830000679812503813684986633677/781250000000000000000000000000000000000000000000000000000000000000000000,1/10000000,"[""0"", ""0"", ""1"", ""1"", ""1"", ""0"", ""0"", ""-8645145685991851026666419025163957/3125000000000000000000"", ""1/10000000"", ""-10"", ""11/5"", ""16834992267400062432758862257099755353912160490549/50000000000000000000000000000000000000000000000000""]",0,,[],-0.7853981633995925,,integration_failure_bracket,,,False,True,[[]]
events_logm_10,hopf,16834992267400062432758862257099755353912160490549/50000000000000000000000000000000000000000000000000,8645145685991851026666419025163957/3125000000000000000000,-560335853014357233656588317198087023415800855174227464830000679812503813684986633677/781250000000000000000000000000000000000000000000000000000000000000000000,1/1000000,"[""0"", ""0"", ""1"", ""1"", ""1"", ""0"", ""0"", ""-8645145685991851026666419025163957/3125000000000000000000"", ""1/1000000"", ""-10"", ""11/5"", ""16834992267400062432758862257099755353912160490549/50000000000000000000000000000000000000000000000000""]",0,,[],-0.7853981633995925,,integration_failure_bracket,,,False,True,[[]]
positive_extension_0,fold,1593576894534133619597089341556103/1000000000000000000000000000000000,764877183729233821950408753627663/39062500000000000000000000000000,1380285759973541176684011177479120981907844331921236010745560050179/195312500000000000000000000000000000000000000000000000000000000000,0,"[""0"", ""0"", ""1"", ""1"", ""1"", ""0"", ""0"", ""-764877183729233821950408753627663/39062500000000000000000000000000"", ""0"", ""-10"", ""11/5"", ""1593576894534133619597089341556103/1000000000000000000000000000000000""]",1,S,[4454785377.297331],-1.0660115307276445,2.010328497117133e+17,scan_cap,-15.767047509911201,-0.012459123443658626,False,False,[[]]
positive_extension_0,pair,7967884472670668097985436269008320275702191306503/5000000000000000000000000000000000000000000000000,764877183729233821950408753627663/39062500000000000000000000000000,6901428799867705883419968059230148100243972114484087253657170067672236750498517379/976562500000000000000000000000000000000000000000000000000000000000000000000000000,0,"[""0"", ""0"", ""1"", ""1"", ""1"", ""0"", ""0"", ""-764877183729233821950408753627663/39062500000000000000000000000000"", ""0"", ""-10"", ""11/5"", ""7967884472670668097985436269008320275702191306503/5000000000000000000000000000000000000000000000000""]",1,S,[4454785377.297331],-1.0660115307276445,2.010328497117133e+17,scan_cap,-15.767047509911201,-0.012459123443658626,False,True,[[]]
positive_extension_0,hopf_small,7967884472670668097985436269008320275702191306503/5000000000000000000000000000000000000000000000000,764877183729233821950408753627663/39062500000000000000000000000000,6901428799867705883419968059230148100243972114484087253657170067672236750498517379/976562500000000000000000000000000000000000000000000000000000000000000000000000000,-17010915317073207154826840387878600956704439671011/5000000000000000000000000000000000000000000000000000000000000000000000000000,"[""0"", ""0"", ""1"", ""1"", ""1"", ""0"", ""0"", ""-764877183729233821950408753627663/39062500000000000000000000000000"", ""-17010915317073207154826840387878600956704439671011/5000000000000000000000000000000000000000000000000000000000000000000000000000"", ""-10"", ""11/5"", ""7967884472670668097985436269008320275702191306503/5000000000000000000000000000000000000000000000000""]",1,S,[4454785377.297331],-1.0660115307276445,2.010328497117133e+17,scan_cap,-15.767047509911201,-0.012459123443658626,False,True,[[]]
positive_extension_0,hopf,7967884472670668097985436269008320275702191306503/5000000000000000000000000000000000000000000000000,764877183729233821950408753627663/39062500000000000000000000000000,6901428799867705883419968059230148100243972114484087253657170067672236750498517379/976562500000000000000000000000000000000000000000000000000000000000000000000000000,-17010915317073207154826840387878600956704439671011/500000000000000000000000000000000000000000000000000000000000000000000000000,"[""0"", ""0"", ""1"", ""1"", ""1"", ""0"", ""0"", ""-764877183729233821950408753627663/39062500000000000000000000000000"", ""-17010915317073207154826840387878600956704439671011/500000000000000000000000000000000000000000000000000000000000000000000000000"", ""-10"", ""11/5"", ""7967884472670668097985436269008320275702191306503/5000000000000000000000000000000000000000000000000""]",1,S,[4454785377.297331],-1.0660115307276445,2.010328497117133e+17,scan_cap,-15.767047509911201,-0.012459123443658626,False,True,[[]]
positive_extension_1,fold,159373932760379731353212846266857937/100000000000000000000000000000000000,39158518495695291859367193166713767/2000000000000000000000000000000000,7070058783171656696393377101203421322218036620177246437406764242305469/1000000000000000000000000000000000000000000000000000000000000000000000,0,"[""0"", ""0"", ""1"", ""1"", ""1"", ""0"", ""0"", ""-39158518495695291859367193166713767/2000000000000000000000000000000000"", ""0"", ""-10"", ""11/5"", ""159373932760379731353212846266857937/100000000000000000000000000000000000""]",1,S,[4454785377.297331],-1.0660159994339242,2.010328497117133e+17,scan_cap,-15.799890266598311,-0.01214817738029339,False,False,[[]]
positive_extension_1,pair,15937393276037973135321278497807444294518592679913/10000000000000000000000000000000000000000000000000,39158518495695291859367193166713767/2000000000000000000000000000000000,707005878317165669639335070144583898551076832544737142062162409432377645575136084981/100000000000000000000000000000000000000000000000000000000000000000000000000000000000,0,"[""0"", ""0"", ""1"", ""1"", ""1"", ""0"", ""0"", ""-39158518495695291859367193166713767/2000000000000000000000000000000000"", ""0"", ""-10"", ""11/5"", ""15937393276037973135321278497807444294518592679913/10000000000000000000000000000000000000000000000000""]",1,S,[4454785377.297331],-1.0660159994339242,2.010328497117133e+17,scan_cap,-15.799890266598311,-0.01214817738029339,False,True,[[]]
positive_extension_1,hopf_small,15937393276037973135321278497807444294518592679913/10000000000000000000000000000000000000000000000000,39158518495695291859367193166713767/2000000000000000000000000000000000,707005878317165669639335070144583898551076832544737142062162409432377645575136084981/100000000000000000000000000000000000000000000000000000000000000000000000000000000000,-24632681321723492190805318017946162203512994755369/25000000000000000000000000000000000000000000000000000000000000000000000000000,"[""0"", ""0"", ""1"", ""1"", ""1"", ""0"", ""0"", ""-39158518495695291859367193166713767/2000000000000000000000000000000000"", ""-24632681321723492190805318017946162203512994755369/25000000000000000000000000000000000000000000000000000000000000000000000000000"", ""-10"", ""11/5"", ""15937393276037973135321278497807444294518592679913/10000000000000000000000000000000000000000000000000""]",1,S,[4454785377.297331],-1.0660159994339242,2.010328497117133e+17,scan_cap,-15.799890266598311,-0.01214817738029339,False,True,[[]]
positive_extension_1,hopf,15937393276037973135321278497807444294518592679913/10000000000000000000000000000000000000000000000000,39158518495695291859367193166713767/2000000000000000000000000000000000,707005878317165669639335070144583898551076832544737142062162409432377645575136084981/100000000000000000000000000000000000000000000000000000000000000000000000000000000000,-24632681321723492190805318017946162203512994755369/2500000000000000000000000000000000000000000000000000000000000000000000000000,"[""0"", ""0"", ""1"", ""1"", ""1"", ""0"", ""0"", ""-39158518495695291859367193166713767/2000000000000000000000000000000000"", ""-24632681321723492190805318017946162203512994755369/2500000000000000000000000000000000000000000000000000000000000000000000000000"", ""-10"", ""11/5"", ""15937393276037973135321278497807444294518592679913/10000000000000000000000000000000000000000000000000""]",1,S,[4454785377.297331],-1.0660159994339242,2.010328497117133e+17,scan_cap,-15.799890266598311,-0.01214817738029339,False,True,[[]]
negative_extension_0,fold,42055296574839274651113259505631561/125000000000000000000000000000000000,123983535783647841593545372338162737/10000000000000000000000,-20133901819478816114134397290452138853405406626096379098885396605232973/6250000000000000000000000000000000000000000000000000000000,0,"[""0"", ""0"", ""1"", ""1"", ""1"", ""0"", ""0"", ""-123983535783647841593545372338162737/10000000000000000000000"", ""0"", ""-10"", ""11/5"", ""42055296574839274651113259505631561/125000000000000000000000000000000000""]",0,,[],-0.7853981633979267,,integration_failure_bracket,,,False,False,[[]]
negative_extension_0,pair,33645432753016020709212215548454207848271172157417/100000000000000000000000000000000000000000000000000,123983535783647841593545372338162737/10000000000000000000000,-16105491019445252725798373572826423127409561668535418293631115664260862690182396726381/5000000000000000000000000000000000000000000000000000000000000000000000000,0,"[""0"", ""0"", ""1"", ""1"", ""1"", ""0"", ""0"", ""-123983535783647841593545372338162737/10000000000000000000000"", ""0"", ""-10"", ""11/5"", ""33645432753016020709212215548454207848271172157417/100000000000000000000000000000000000000000000000000""]",0,,[],-0.7853981633979267,,integration_failure_bracket,,,False,True,[[]]
negative_extension_0,hopf_small,33645432753016020709212215548454207848271172157417/100000000000000000000000000000000000000000000000000,123983535783647841593545372338162737/10000000000000000000000,-16105491019445252725798373572826423127409561668535418293631115664260862690182396726381/5000000000000000000000000000000000000000000000000000000000000000000000000,1/10000000,"[""0"", ""0"", ""1"", ""1"", ""1"", ""0"", ""0"", ""-123983535783647841593545372338162737/10000000000000000000000"", ""1/10000000"", ""-10"", ""11/5"", ""33645432753016020709212215548454207848271172157417/100000000000000000000000000000000000000000000000000""]",0,,[],-0.7853981633979267,,integration_failure_bracket,,,False,True,[[]]
negative_extension_0,hopf,33645432753016020709212215548454207848271172157417/100000000000000000000000000000000000000000000000000,123983535783647841593545372338162737/10000000000000000000000,-16105491019445252725798373572826423127409561668535418293631115664260862690182396726381/5000000000000000000000000000000000000000000000000000000000000000000000000,1/1000000,"[""0"", ""0"", ""1"", ""1"", ""1"", ""0"", ""0"", ""-123983535783647841593545372338162737/10000000000000000000000"", ""1/1000000"", ""-10"", ""11/5"", ""33645432753016020709212215548454207848271172157417/100000000000000000000000000000000000000000000000000""]",0,,[],-0.7853981633979267,,integration_failure_bracket,,,False,True,[[]]
negative_extension_1,fold,336231048423175680036092437940462019/1000000000000000000000000000000000000,138913914305860722107289545129867291/2500000000000000000000,-180790690005934544357130781630155668972333533698531945258747456344874181/12500000000000000000000000000000000000000000000000000000000,0,"[""0"", ""0"", ""1"", ""1"", ""1"", ""0"", ""0"", ""-138913914305860722107289545129867291/2500000000000000000000"", ""0"", ""-10"", ""11/5"", ""336231048423175680036092437940462019/1000000000000000000000000000000000000""]",0,,[],-0.785398163397555,,integration_failure_bracket,,,False,False,[[]]
negative_extension_1,pair,16812073756985876448939796045368662903713602942089/50000000000000000000000000000000000000000000000000,138913914305860722107289545129867291/2500000000000000000000,-9038737871492224970393418807128640125428617124414410880492798195948434252118988580111/625000000000000000000000000000000000000000000000000000000000000000000000,0,"[""0"", ""0"", ""1"", ""1"", ""1"", ""0"", ""0"", ""-138913914305860722107289545129867291/2500000000000000000000"", ""0"", ""-10"", ""11/5"", ""16812073756985876448939796045368662903713602942089/50000000000000000000000000000000000000000000000000""]",0,,[],-0.785398163397555,,integration_failure_bracket,,,False,True,[[]]
negative_extension_1,hopf_small,16812073756985876448939796045368662903713602942089/50000000000000000000000000000000000000000000000000,138913914305860722107289545129867291/2500000000000000000000,-9038737871492224970393418807128640125428617124414410880492798195948434252118988580111/625000000000000000000000000000000000000000000000000000000000000000000000,1/10000000,"[""0"", ""0"", ""1"", ""1"", ""1"", ""0"", ""0"", ""-138913914305860722107289545129867291/2500000000000000000000"", ""1/10000000"", ""-10"", ""11/5"", ""16812073756985876448939796045368662903713602942089/50000000000000000000000000000000000000000000000000""]",0,,[],-0.785398163397555,,integration_failure_bracket,,,False,True,[[]]
negative_extension_1,hopf,16812073756985876448939796045368662903713602942089/50000000000000000000000000000000000000000000000000,138913914305860722107289545129867291/2500000000000000000000,-9038737871492224970393418807128640125428617124414410880492798195948434252118988580111/625000000000000000000000000000000000000000000000000000000000000000000000,1/1000000,"[""0"", ""0"", ""1"", ""1"", ""1"", ""0"", ""0"", ""-138913914305860722107289545129867291/2500000000000000000000"", ""1/1000000"", ""-10"", ""11/5"", ""16812073756985876448939796045368662903713602942089/50000000000000000000000000000000000000000000000000""]",0,,[],-0.785398163397555,,integration_failure_bracket,,,False,True,[[]]
