label,method,origin_count,origin_stability,origin_radii,baseline_nests,edge
control_kkl_large,double_full_return,1,S,[6706.7237255554655],"[{""pt"": [-3.3290748673264177, 4.758429893233299], ""tr"": -0.00850921830204765, ""roots"": [12109362140.792408], ""stab"": [""U""], ""k"": 188, ""redge"": 2.010328497117133e+17}, {""pt"": [0.0, -0.0], ""tr"": 0.0, ""roots"": [12929.214516687434], ""stab"": [""S""], ""k"": 188, ""redge"": 2.010328497117133e+17}]","{""kind"": ""scan_cap"", ""u_valid"": 39.999999999999815, ""r_valid"": 2.353852668369765e+17, ""D"": -0.7665198224184948, ""sign"": -1}"
control_kkl_incumbent,double_full_return,3,SUS,"[0.6832102182867121, 2.1836998247665744, 15.96278398802916]","[{""pt"": [-6.259641416415393, 7.449768446155288], ""tr"": -8.40954967817196, ""roots"": [6107.328490896728], ""stab"": [""U""], ""k"": 64, ""redge"": 7352.470042959394}, {""pt"": [0.0, -0.0], ""tr"": 0.0015, ""roots"": [0.9677753655846768, 3.377867931673536, 24.9592556419146], ""stab"": [""S"", ""U"", ""S""], ""k"": 188, ""redge"": 2.010328497117133e+17}]","{""kind"": ""scan_cap"", ""u_valid"": 39.999999999999815, ""r_valid"": 2.353852668369765e+17, ""D"": -33.95883119572254, ""sign"": -1}"
pilot_pair,double_full_return,2,SU,"[5.531621389869788, 8.239660708602013]","[{""pt"": [-3.3246640227503974, 4.754833711881157], ""tr"": 0.005078424490615241, ""roots"": [18205689.644426107], ""stab"": [""S""], ""k"": 188, ""redge"": 2.010328497117133e+17}, {""pt"": [0.0, -0.0], ""tr"": 0.0, ""roots"": [9.181997017602711, 15.13855379042673], ""stab"": [""S"", ""U""], ""k"": 188, ""redge"": 2.010328497117133e+17}]","{""kind"": ""scan_cap"", ""u_valid"": 39.999999999999815, ""r_valid"": 2.353852668369765e+17, ""D"": 0.806581752961911, ""sign"": 1}"
pilot_beta_-1e-8,double_full_return,2,SU,"[5.50181381448526, 8.27453821348165]","[{""pt"": [-3.324664021508514, 4.75483371086908], ""tr"": 0.0050784167332613706, ""roots"": [18205689.644426107], ""stab"": [""S""], ""k"": 188, ""redge"": 2.010328497117133e+17}, {""pt"": [0.0, -0.0], ""tr"": -1e-08, ""roots"": [0.04818269829109883, 9.181997017602711, 15.13855379042673], ""stab"": [""U"", ""S"", ""U""], ""k"": 188, ""redge"": 2.010328497117133e+17}]","{""kind"": ""scan_cap"", ""u_valid"": 39.999999999999815, ""r_valid"": 2.353852668369765e+17, ""D"": 0.8065809733733076, ""sign"": 1}"
pilot_beta_-1e-7,double_full_return,3,USU,"[0.09496789000228856, 5.2609022819086615, 8.560908812958473]","[{""pt"": [-3.324664010331554, 4.75483370176037], ""tr"": 0.005078346917086307, ""roots"": [18205689.644426107], ""stab"": [""S""], ""k"": 188, ""redge"": 2.010328497117133e+17}, {""pt"": [0.0, -0.0], ""tr"": -1e-07, ""roots"": [0.1681741416518455, 9.181997017602711, 15.13855379042673], ""stab"": [""U"", ""S"", ""U""], ""k"": 188, ""redge"": 2.010328497117133e+17}]","{""kind"": ""scan_cap"", ""u_valid"": 39.999999999999815, ""r_valid"": 2.353852668369765e+17, ""D"": 0.8065739571445292, ""sign"": 1}"
pilot_beta_1e-8,double_full_return,2,SU,"[5.5621954966816345, 8.2040126967155]","[{""pt"": [-3.3246640239922827, 4.7548337128932365], ""tr"": 0.00507843224796467, ""roots"": [18205689.644426107], ""stab"": [""S""], ""k"": 188, ""redge"": 2.010328497117133e+17}, {""pt"": [0.0, -0.0], ""tr"": 1e-08, ""roots"": [9.181997017602711, 15.13855379042673], ""stab"": [""S"", ""U""], ""k"": 188, ""redge"": 2.010328497117133e+17}]","{""kind"": ""scan_cap"", ""u_valid"": 39.999999999999815, ""r_valid"": 2.353852668369765e+17, ""D"": 0.8065825325356073, ""sign"": 1}"
positive_center_000_fold,double_full_return,0,,[],"[{""pt"": [-3.324679780099742, 4.754846553416407], ""tr"": 0.005023569573459952, ""roots"": [18205689.644426107], ""stab"": [""S""], ""k"": 188, ""redge"": 2.010328497117133e+17}, {""pt"": [0.0, -0.0], ""tr"": 0.0, ""roots"": [], ""stab"": [], ""k"": 188, ""redge"": 2.010328497117133e+17}]","{""kind"": ""scan_cap"", ""u_valid"": 39.999999999999815, ""r_valid"": 2.353852668369765e+17, ""D"": 0.7981724135406623, ""sign"": 1}"
positive_center_000_pair,double_full_return,2,SU,"[5.531621389869788, 8.239660708602013]","[{""pt"": [-3.3246640227503974, 4.754833711881157], ""tr"": 0.005078424490615241, ""roots"": [18205689.644426107], ""stab"": [""S""], ""k"": 188, ""redge"": 2.010328497117133e+17}, {""pt"": [0.0, -0.0], ""tr"": 0.0, ""roots"": [9.181997017602711, 15.13855379042673], ""stab"": [""S"", ""U""], ""k"": 188, ""redge"": 2.010328497117133e+17}]","{""kind"": ""scan_cap"", ""u_valid"": 39.999999999999815, ""r_valid"": 2.353852668369765e+17, ""D"": 0.806581752961911, ""sign"": 1}"
positive_center_000_hopf_1,double_full_return,3,USU,"[0.17482111034956235, 4.847410376172013, 9.070935061588376]","[{""pt"": [-3.3246639863262164, 4.754833682197123], ""tr"": 0.005078196969258819, ""roots"": [18205689.644426107], ""stab"": [""S""], ""k"": 188, ""redge"": 2.010328497117133e+17}, {""pt"": [0.0, -0.0], ""tr"": -2.932976810959543e-07, ""roots"": [0.277272284523134, 9.181997017602711, 15.13855379042673], ""stab"": [""U"", ""S"", ""U""], ""k"": 188, ""redge"": 2.010328497117133e+17}]","{""kind"": ""scan_cap"", ""u_valid"": 39.999999999999815, ""r_valid"": 2.353852668369765e+17, ""D"": 0.8065588880708745, ""sign"": 1}"
positive_center_000_hopf_0.1,double_full_return,2,SU,"[5.446177163780202, 8.339963945824472]","[{""pt"": [-3.32466401910798, 4.754833708912755], ""tr"": 0.005078401738479954, ""roots"": [18205689.644426107], ""stab"": [""S""], ""k"": 188, ""redge"": 2.010328497117133e+17}, {""pt"": [0.0, -0.0], ""tr"": -2.932976810959543e-08, ""roots"": [0.07943983955226135, 9.181997017602711, 15.13855379042673], ""stab"": [""U"", ""S"", ""U""], ""k"": 188, ""redge"": 2.010328497117133e+17}]","{""kind"": ""scan_cap"", ""u_valid"": 39.999999999999815, ""r_valid"": 2.353852668369765e+17, ""D"": 0.8065794664441128, ""sign"": 1}"
positive_center_001_fold,double_full_return,0,,[],"[{""pt"": [-3.3253652840170247, 4.755405246715926], ""tr"": 0.002511927343186393, ""roots"": [18205689.644426107], ""stab"": [""S""], ""k"": 188, ""redge"": 2.010328497117133e+17}, {""pt"": [0.0, -0.0], ""tr"": 0.0, ""roots"": [], ""stab"": [], ""k"": 188, ""redge"": 2.010328497117133e+17}]","{""kind"": ""scan_cap"", ""u_valid"": 39.999999999999815, ""r_valid"": 2.353852668369765e+17, ""D"": 0.39222983109137033, ""sign"": 1}"
positive_center_001_pair,double_full_return,2,SU,"[5.531016300869401, 8.238758023672933]","[{""pt"": [-3.325357401361496, 4.755398821839269], ""tr"": 0.002539361954371877, ""roots"": [18205689.644426107], ""stab"": [""S""], ""k"": 188, ""redge"": 2.010328497117133e+17}, {""pt"": [0.0, -0.0], ""tr"": 0.0, ""roots"": [9.181997017602711, 15.13855379042673], ""stab"": [""S"", ""U""], ""k"": 188, ""redge"": 2.010328497117133e+17}]","{""kind"": ""scan_cap"", ""u_valid"": 39.999999999999815, ""r_valid"": 2.353852668369765e+17, ""D"": 0.3962899634815855, ""sign"": 1}"
positive_center_001_hopf_1,double_full_return,3,USU,"[0.17481654221540718, 4.847066473019806, 9.069627969543259]","[{""pt"": [-3.325357383155518, 4.755398807000224], ""tr"": 0.002539248219105339, ""roots"": [18205689.644426107], ""stab"": [""S""], ""k"": 188, ""redge"": 2.010328497117133e+17}, {""pt"": [0.0, -0.0], ""tr"": -1.4661050496341296e-07, ""roots"": [0.277272284523134, 9.181997017602711, 15.13855379042673], ""stab"": [""U"", ""S"", ""U""], ""k"": 188, ""redge"": 2.010328497117133e+17}]","{""kind"": ""scan_cap"", ""u_valid"": 39.999999999999815, ""r_valid"": 2.353852668369765e+17, ""D"": 0.39627887490389213, ""sign"": 1}"
positive_center_001_hopf_0.1,binary128_matching,3,USU,"[0.049353569102362785, 5.445611550827547, 8.339006607642766]","[{""pt"": [-3.325357399540898, 4.7553988203553645], ""tr"": 0.0025393505808466443, ""roots"": [18205689.644426107], ""stab"": [""S""], ""k"": 188, ""redge"": 2.010328497117133e+17}, {""pt"": [0.0, -0.0], ""tr"": -1.4661050496341297e-08, ""roots"": [0.07943983955226135, 9.181997017602711, 15.13855379042673], ""stab"": [""U"", ""S"", ""U""], ""k"": 188, ""redge"": 2.010328497117133e+17}]","{""kind"": ""scan_cap"", ""u_valid"": 40.0, ""F"": 0.0004930786885817838, ""sign"": 1, ""r_valid"": 2.3538526683701997e+17}"
positive_center_002_fold,double_full_return,0,,[],"[{""pt"": [-3.3258795790391598, 4.75582445194316], ""tr"": 0.0006280085405636626, ""roots"": [18205689.644426107], ""stab"": [""S""], ""k"": 188, ""redge"": 2.010328497117133e+17}, {""pt"": [0.0, -0.0], ""tr"": 0.0, ""roots"": [], ""stab"": [], ""k"": 188, ""redge"": 2.010328497117133e+17}]","{""kind"": ""scan_cap"", ""u_valid"": 39.999999999999815, ""r_valid"": 2.353852668369765e+17, ""D"": 0.09681730922881826, ""sign"": 1}"
positive_center_002_pair,double_full_return,2,SU,"[5.530556485419392, 8.238085118507314]","[{""pt"": [-3.3258776076291166, 4.755822844953685], ""tr"": 0.0006348685333001924, ""roots"": [18205689.644426107], ""stab"": [""S""], ""k"": 188, ""redge"": 2.010328497117133e+17}, {""pt"": [0.0, -0.0], ""tr"": 0.0, ""roots"": [9.181997017602711, 15.13855379042673], ""stab"": [""S"", ""U""], ""k"": 188, ""redge"": 2.010328497117133e+17}]","{""kind"": ""scan_cap"", ""u_valid"": 39.999999999999815, ""r_valid"": 2.353852668369765e+17, ""D"": 0.09780667636243123, ""sign"": 1}"
positive_center_002_hopf_1,double_full_return,3,USU,"[0.17481315370395478, 4.846807625913467, 9.068652117493679]","[{""pt"": [-3.3258776030787742, 4.755822841244487], ""tr"": 0.0006348401042863827, ""roots"": [18205689.644426107], ""stab"": [""S""], ""k"": 188, ""redge"": 2.010328497117133e+17}, {""pt"": [0.0, -0.0], ""tr"": -3.6645391118329706e-08, ""roots"": [0.277272284523134, 9.181997017602711, 15.13855379042673], ""stab"": [""U"", ""S"", ""U""], ""k"": 188, ""redge"": 2.010328497117133e+17}]","{""kind"": ""scan_cap"", ""u_valid"": 39.999999999999815, ""r_valid"": 2.353852668369765e+17, ""D"": 0.09780396548703862, ""sign"": 1}"
positive_center_002_hopf_0.1,binary128_matching,3,USU,"[0.049353004298819315, 5.445187583065151, 8.338291213760455]","[{""pt"": [-3.3258776071740823, 4.755822844582766], ""tr"": 0.0006348656904000549, ""roots"": [18205689.644426107], ""stab"": [""S""], ""k"": 188, ""redge"": 2.010328497117133e+17}, {""pt"": [0.0, -0.0], ""tr"": -3.664539111832971e-09, ""roots"": [0.07943983955226135, 9.181997017602711, 15.13855379042673], ""stab"": [""U"", ""S"", ""U""], ""k"": 188, ""redge"": 2.010328497117133e+17}]","{""kind"": ""scan_cap"", ""u_valid"": 40.0, ""F"": 0.00012344582601241647, ""sign"": 1, ""r_valid"": 2.3538526683701997e+17}"
positive_center_003_fold,double_full_return,0,,[],"[{""pt"": [-3.3260081751646347, 4.755929278055522], ""tr"": 0.00015700380336447495, ""roots"": [18205689.644426107], ""stab"": [""S""], ""k"": 188, ""redge"": 2.010328497117133e+17}, {""pt"": [0.0, -0.0], ""tr"": 0.0, ""roots"": [], ""stab"": [], ""k"": 188, ""redge"": 2.010328497117133e+17}]","{""kind"": ""scan_cap"", ""u_valid"": 39.999999999999815, ""r_valid"": 2.353852668369765e+17, ""D"": 0.024128273889147067, ""sign"": 1}"
positive_center_003_pair,double_full_return,2,SU,"[5.530417368043846, 8.237946095796612]","[{""pt"": [-3.3260076822654963, 4.755928876260013], ""tr"": 0.00015871888525875733, ""roots"": [18205689.644426107], ""stab"": [""S""], ""k"": 188, ""redge"": 2.010328497117133e+17}, {""pt"": [0.0, -0.0], ""tr"": 0.0, ""roots"": [9.181997017602711, 15.13855379042673], ""stab"": [""S"", ""U""], ""k"": 188, ""redge"": 2.010328497117133e+17}]","{""kind"": ""scan_cap"", ""u_valid"": 39.999999999999815, ""r_valid"": 2.353852668369765e+17, ""D"": 0.024374056905884345, ""sign"": 1}"
positive_center_003_hopf_1,double_full_return,1,U,[9.068420765289284],"[{""pt"": [-3.3260076811279893, 4.755928875332754], ""tr"": 0.00015871177834814176, ""roots"": [18205689.644426107], ""stab"": [""S""], ""k"": 188, ""redge"": 2.010328497117133e+17}, {""pt"": [0.0, -0.0], ""tr"": -9.160839230587635e-09, ""roots"": [0.277272284523134, 9.181997017602711, 15.13855379042673], ""stab"": [""U"", ""S"", ""U""], ""k"": 188, ""redge"": 2.010328497117133e+17}]","{""kind"": ""scan_cap"", ""u_valid"": 39.999999999999815, ""r_valid"": 2.353852668369765e+17, ""D"": 0.024373382904727237, ""sign"": 1}"
positive_center_003_hopf_0.1,binary128_matching,3,USU,"[0.049352816032407855, 5.445082271350675, 8.338109273661152]","[{""pt"": [-3.3260076821517455, 4.755928876167287], ""tr"": 0.00015871817456769577, ""roots"": [18205689.644426107], ""stab"": [""S""], ""k"": 188, ""redge"": 2.010328497117133e+17}, {""pt"": [0.0, -0.0], ""tr"": -9.160839230587636e-10, ""roots"": [9.181997017602711, 15.13855379042673], ""stab"": [""S"", ""U""], ""k"": 188, ""redge"": 2.010328497117133e+17}]","{""kind"": ""scan_cap"", ""u_valid"": 40.0, ""F"": 3.087246952764615e-05, ""sign"": 1, ""r_valid"": 2.3538526683701997e+17}"
positive_center_004_fold,double_full_return,0,,[],"[{""pt"": [-3.3260440190710074, 4.755958496957538], ""tr"": 2.572357931374114e-05, ""roots"": [18205689.644426107], ""stab"": [""S""], ""k"": 188, ""redge"": 2.010328497117133e+17}, {""pt"": [0.0, -0.0], ""tr"": 0.0, ""roots"": [], ""stab"": [], ""k"": 188, ""redge"": 2.010328497117133e+17}]","{""kind"": ""scan_cap"", ""u_valid"": 39.999999999999815, ""r_valid"": 2.353852668369765e+17, ""D"": 0.003949719456947776, ""sign"": 1}"
positive_center_004_pair,binary128_matching,2,SU,"[5.530092417138789, 8.237611099095945]","[{""pt"": [-3.3260439383122837, 4.755958431125164], ""tr"": 2.6004582151628597e-05, ""roots"": [18205689.644426107], ""stab"": [""S""], ""k"": 188, ""redge"": 2.010328497117133e+17}, {""pt"": [0.0, -0.0], ""tr"": 0.0, ""roots"": [9.181997017602711, 15.13855379042673], ""stab"": [""S"", ""U""], ""k"": 188, ""redge"": 2.010328497117133e+17}]","{""kind"": ""scan_cap"", ""u_valid"": 40.0, ""F"": 5.0586623399765115e-06, ""sign"": 1, ""r_valid"": 2.3538526683701997e+17}"
positive_center_004_hopf_1,binary128_matching,3,USU,"[0.1748805090421284, 4.846710514863531, 9.068563772448673]","[{""pt"": [-3.3260439381259257, 4.75595843097325], ""tr"": 2.6003417821662822e-05, ""roots"": [18205689.644426107], ""stab"": [""S""], ""k"": 188, ""redge"": 2.010328497117133e+17}, {""pt"": [0.0, -0.0], ""tr"": -1.50082639443627e-09, ""roots"": [9.181997017602711, 15.13855379042673], ""stab"": [""S"", ""U""], ""k"": 188, ""redge"": 2.010328497117133e+17}]","{""kind"": ""scan_cap"", ""u_valid"": 40.0, ""F"": 5.058522566548185e-06, ""sign"": 1, ""r_valid"": 2.3538526683701997e+17}"
positive_center_004_hopf_0.1,binary128_matching,3,USU,"[0.049375507306579434, 5.445100677454371, 8.337562717936196]","[{""pt"": [-3.3260439382936475, 4.755958431109972], ""tr"": 2.6004465721207737e-05, ""roots"": [18205689.644426107], ""stab"": [""S""], ""k"": 188, ""redge"": 2.010328497117133e+17}, {""pt"": [0.0, -0.0], ""tr"": -1.50082639443627e-10, ""roots"": [9.181997017602711, 15.13855379042673], ""stab"": [""S"", ""U""], ""k"": 188, ""redge"": 2.010328497117133e+17}]","{""kind"": ""scan_cap"", ""u_valid"": 40.0, ""F"": 5.058648362633678e-06, ""sign"": 1, ""r_valid"": 2.3538526683701997e+17}"
positive_center_005_fold,double_full_return,0,,[],"[{""pt"": [-3.326050340181002, 4.755963649762335], ""tr"": 2.572359274033431e-06, ""roots"": [18205689.644426107], ""stab"": [""S""], ""k"": 188, ""redge"": 2.010328497117133e+17}, {""pt"": [0.0, -0.0], ""tr"": 0.0, ""roots"": [], ""stab"": [], ""k"": 188, ""redge"": 2.010328497117133e+17}]","{""kind"": ""scan_cap"", ""u_valid"": 39.999999999999815, ""r_valid"": 2.353852668369765e+17, ""D"": 0.00039491045452422213, ""sign"": 1}"
positive_center_005_pair,binary128_matching,2,SU,"[5.5304146622513795, 8.237854167264254]","[{""pt"": [-3.3260503321050927, 4.755963643179059], ""tr"": 2.6004596236361976e-06, ""roots"": [18205689.644426107], ""stab"": [""S""], ""k"": 188, ""redge"": 2.010328497117133e+17}, {""pt"": [0.0, -0.0], ""tr"": 0.0, ""roots"": [9.181997017602711, 15.13855379042673], ""stab"": [""S"", ""U""], ""k"": 188, ""redge"": 2.010328497117133e+17}]","{""kind"": ""scan_cap"", ""u_valid"": 40.0, ""F"": 5.058751037073664e-07, ""sign"": 1, ""r_valid"": 2.3538526683701997e+17}"
positive_center_005_hopf_1,binary128_matching,3,USU,"[0.1747548028397169, 4.84703139745254, 9.067936435124277]","[{""pt"": [-3.326050332086466, 4.755963643163875], ""tr"": 2.6003432527232917e-06, ""roots"": [18205689.644426107], ""stab"": [""S""], ""k"": 188, ""redge"": 2.010328497117133e+17}, {""pt"": [0.0, -0.0], ""tr"": -1.5000704928776298e-10, ""roots"": [9.181997017602711, 15.13855379042673], ""stab"": [""S"", ""U""], ""k"": 188, ""redge"": 2.010328497117133e+17}]","{""kind"": ""scan_cap"", ""u_valid"": 40.0, ""F"": 5.058611336145052e-07, ""sign"": 1, ""r_valid"": 2.3538526683701997e+17}"
positive_center_005_hopf_0.1,binary128_matching,3,USU,"[0.049338698098163124, 5.445093926750089, 8.337998938731005]","[{""pt"": [-3.3260503321032298, 4.75596364317754], ""tr"": 2.6004479867225427e-06, ""roots"": [18205689.644426107], ""stab"": [""S""], ""k"": 188, ""redge"": 2.010328497117133e+17}, {""pt"": [0.0, -0.0], ""tr"": -1.5000704928776298e-11, ""roots"": [9.181997017602711, 15.13855379042673], ""stab"": [""S"", ""U""], ""k"": 188, ""redge"": 2.010328497117133e+17}]","{""kind"": ""scan_cap"", ""u_valid"": 40.0, ""F"": 5.058737066980803e-07, ""sign"": 1, ""r_valid"": 2.3538526683701997e+17}"
positive_center_006_fold,double_full_return,0,,[],"[{""pt"": [-3.32605097229319, 4.755964165044133], ""tr"": 2.5723594099247293e-07, ""roots"": [18205689.644426107], ""stab"": [""S""], ""k"": 188, ""redge"": 2.010328497117133e+17}, {""pt"": [0.0, -0.0], ""tr"": 0.0, ""roots"": [], ""stab"": [], ""k"": 188, ""redge"": 2.010328497117133e+17}]","{""kind"": ""scan_cap"", ""u_valid"": 39.999999999999815, ""r_valid"": 2.353852668369765e+17, ""D"": 3.9489819407378945e-05, ""sign"": 1}"
positive_center_006_pair,binary128_matching,2,SU,"[5.5304146622513795, 8.237854167264254]","[{""pt"": [-3.326050971485599, 4.755964164385805], ""tr"": 2.6004597586393174e-07, ""roots"": [18205689.644426107], ""stab"": [""S""], ""k"": 188, ""redge"": 2.010328497117133e+17}, {""pt"": [0.0, -0.0], ""tr"": 0.0, ""roots"": [], ""stab"": [], ""k"": 188, ""redge"": 2.010328497117133e+17}]","{""kind"": ""scan_cap"", ""u_valid"": 40.0, ""F"": 5.058759906812803e-08, ""sign"": 1, ""r_valid"": 2.3538526683701997e+17}"
positive_center_006_hopf_1,binary128_matching,3,USU,"[0.1742056921015157, 4.849969602278272, 9.06422726281921]","[{""pt"": [-3.3260509714837467, 4.755964164384295], ""tr"": 2.6003439845823095e-07, ""roots"": [18205689.644426107], ""stab"": [""S""], ""k"": 188, ""redge"": 2.010328497117133e+17}, {""pt"": [0.0, -0.0], ""tr"": -1.4921411336851012e-11, ""roots"": [], ""stab"": [], ""k"": 188, ""redge"": 2.010328497117133e+17}]","{""kind"": ""scan_cap"", ""u_valid"": 40.0, ""F"": 5.058620944551125e-08, ""sign"": 1, ""r_valid"": 2.3538526683701997e+17}"
positive_center_006_hopf_0.1,binary128_matching,3,USU,"[0.04920205739052734, 5.445528689192165, 8.337482091947058]","[{""pt"": [-3.3260509714854143, 4.755964164385655], ""tr"": 2.600448185674509e-07, ""roots"": [18205689.644426107], ""stab"": [""S""], ""k"": 188, ""redge"": 2.010328497117133e+17}, {""pt"": [0.0, -0.0], ""tr"": -1.4921411336851012e-12, ""roots"": [], ""stab"": [], ""k"": 188, ""redge"": 2.010328497117133e+17}]","{""kind"": ""scan_cap"", ""u_valid"": 40.0, ""F"": 5.058746010586635e-08, ""sign"": 1, ""r_valid"": 2.3538526683701997e+17}"
positive_center_007_fold,double_full_return,0,,[],"[{""pt"": [-3.3260510355044213, 4.755964216572327], ""tr"": 2.572359480979003e-08, ""roots"": [18205689.644426107], ""stab"": [""S""], ""k"": 188, ""redge"": 2.010328497117133e+17}, {""pt"": [0.0, -0.0], ""tr"": 0.0, ""roots"": [], ""stab"": [], ""k"": 188, ""redge"": 2.010328497117133e+17}]","{""kind"": ""scan_cap"", ""u_valid"": 39.999999999999815, ""r_valid"": 2.353852668369765e+17, ""D"": 3.94837540085291e-06, ""sign"": 1}"
positive_center_007_pair,binary128_matching,2,SU,"[5.5304146622513795, 8.237854167264254]","[{""pt"": [-3.3260510354236623, 4.755964216506493], ""tr"": 2.6004595810036335e-08, ""roots"": [18205689.644426107], ""stab"": [""S""], ""k"": 188, ""redge"": 2.010328497117133e+17}, {""pt"": [0.0, -0.0], ""tr"": 0.0, ""roots"": [], ""stab"": [], ""k"": 188, ""redge"": 2.010328497117133e+17}]","{""kind"": ""scan_cap"", ""u_valid"": 40.0, ""F"": 5.058760793787011e-09, ""sign"": 1, ""r_valid"": 2.3538526683701997e+17}"
positive_center_007_hopf_1,binary128_matching,3,USU,"[0.16908572028242333, 4.877388579907309, 9.029717224842468]","[{""pt"": [-3.326051035423486, 4.75596421650635], ""tr"": 2.6003498021509586e-08, ""roots"": [18205689.644426107], ""stab"": [""S""], ""k"": 188, ""redge"": 2.010328497117133e+17}, {""pt"": [0.0, -0.0], ""tr"": -1.4187601775495314e-12, ""roots"": [], ""stab"": [], ""k"": 188, ""redge"": 2.010328497117133e+17}]","{""kind"": ""scan_cap"", ""u_valid"": 40.0, ""F"": 5.058628665472244e-09, ""sign"": 1, ""r_valid"": 2.3538526683701997e+17}"
positive_center_007_hopf_0.1,binary128_matching,3,USU,"[0.047921691519473224, 5.4495701296239485, 8.332716207633387]","[{""pt"": [-3.3260510354236446, 4.755964216506479], ""tr"": 2.6004485675912292e-08, ""roots"": [18205689.644426107], ""stab"": [""S""], ""k"": 188, ""redge"": 2.010328497117133e+17}, {""pt"": [0.0, -0.0], ""tr"": -1.4187601775495314e-13, ""roots"": [], ""stab"": [], ""k"": 188, ""redge"": 2.010328497117133e+17}]","{""kind"": ""scan_cap"", ""u_valid"": 40.0, ""F"": 5.058747580955534e-09, ""sign"": 1, ""r_valid"": 2.3538526683701997e+17}"
positive_center_008_fold,double_full_return,0,,[],"[{""pt"": [-3.3260510418255445, 4.755964221725146], ""tr"": 2.572361879060736e-09, ""roots"": [14178605.351434018], ""stab"": [""S""], ""k"": 188, ""redge"": 2.010328497117133e+17}, {""pt"": [0.0, -0.0], ""tr"": 0.0, ""roots"": [], ""stab"": [], ""k"": 188, ""redge"": 2.010328497117133e+17}]","{""kind"": ""scan_cap"", ""u_valid"": 39.999999999999815, ""r_valid"": 2.353852668369765e+17, ""D"": 3.942082500429933e-07, ""sign"": 1}"
positive_center_008_pair,binary128_matching,2,SU,"[5.5304146622513795, 8.237854167264254]","[{""pt"": [-3.3260510418174682, 4.755964221718562], ""tr"": 2.600461179724789e-09, ""roots"": [14178605.351434018], ""stab"": [""S""], ""k"": 188, ""redge"": 2.010328497117133e+17}, {""pt"": [0.0, -0.0], ""tr"": 0.0, ""roots"": [], ""stab"": [], ""k"": 188, ""redge"": 2.010328497117133e+17}]","{""kind"": ""scan_cap"", ""u_valid"": 40.0, ""F"": 5.058760882484434e-10, ""sign"": 1, ""r_valid"": 2.3538526683701997e+17}"
positive_center_008_hopf_1,binary128_matching,3,USU,"[0.11705079142885524, 5.151426589578919, 8.69032612062378]","[{""pt"": [-3.3260510418174594, 4.755964221718555], ""tr"": 2.6004025599490888e-09, ""roots"": [14178605.351434018], ""stab"": [""S""], ""k"": 188, ""redge"": 2.010328497117133e+17}, {""pt"": [0.0, -0.0], ""tr"": -7.469680789033651e-14, ""roots"": [], ""stab"": [], ""k"": 188, ""redge"": 2.010328497117133e+17}]","{""kind"": ""scan_cap"", ""u_valid"": 40.0, ""F"": 5.058691317780315e-10, ""sign"": 1, ""r_valid"": 2.3538526683701997e+17}"
positive_center_008_hopf_0.1,binary128_matching,3,USU,"[0.03434975107028648, 5.487185731176616, 8.288465800897074]","[{""pt"": [-3.3260510418174674, 4.755964221718561], ""tr"": 2.6004558506542708e-09, ""roots"": [14178605.351434018], ""stab"": [""S""], ""k"": 188, ""redge"": 2.010328497117133e+17}, {""pt"": [0.0, -0.0], ""tr"": -7.469680789033651e-15, ""roots"": [], ""stab"": [], ""k"": 188, ""redge"": 2.010328497117133e+17}]","{""kind"": ""scan_cap"", ""u_valid"": 40.0, ""F"": 5.058753926014021e-10, ""sign"": 1, ""r_valid"": 2.3538526683701997e+17}"
positive_center_009_fold,double_full_return,0,,[],"[{""pt"": [-3.3260510424576566, 4.7559642222404275], ""tr"": 2.5723601027038967e-10, ""roots"": [], ""stab"": [], ""k"": 188, ""redge"": 2.010328497117133e+17}, {""pt"": [0.0, -0.0], ""tr"": 0.0, ""roots"": [], ""stab"": [], ""k"": 188, ""redge"": 2.010328497117133e+17}]","{""kind"": ""scan_cap"", ""u_valid"": 39.999999999999815, ""r_valid"": 2.353852668369765e+17, ""D"": 3.8816885705728055e-08, ""sign"": 1}"
positive_center_009_pair,binary128_matching,2,SU,"[5.5304146622513795, 8.237854167264254]","[{""pt"": [-3.3260510424568492, 4.755964222239769], ""tr"": 2.6004709496874057e-10, ""roots"": [], ""stab"": [], ""k"": 188, ""redge"": 2.010328497117133e+17}, {""pt"": [0.0, -0.0], ""tr"": 0.0, ""roots"": [], ""stab"": [], ""k"": 188, ""redge"": 2.010328497117133e+17}]","{""kind"": ""scan_cap"", ""u_valid"": 40.0, ""F"": 5.0587608872516436e-11, ""sign"": 1, ""r_valid"": 2.3538526683701997e+17}"
positive_center_009_hopf_1,binary128_matching,3,USU,"[0.47732883844436774, 3.4682798534228545, 10.908424824667037]","[{""pt"": [-3.326051042456841, 4.755964222239763], ""tr"": 2.5999735697723736e-10, ""roots"": [], ""stab"": [], ""k"": 188, ""redge"": 2.010328497117133e+17}, {""pt"": [0.0, -0.0], ""tr"": -6.591559889731524e-14, ""roots"": [], ""stab"": [], ""k"": 188, ""redge"": 2.010328497117133e+17}]","{""kind"": ""scan_cap"", ""u_valid"": 40.0, ""F"": 5.058147019101633e-11, ""sign"": 1, ""r_valid"": 2.3538526683701997e+17}"
positive_infinity_001_fold,double_full_return,0,,[],"[{""pt"": [-3.323309536567029, 4.753730014019904], ""tr"": 0.01004599689807062, ""roots"": [18205689.644426107], ""stab"": [""S""], ""k"": 188, ""redge"": 2.010328497117133e+17}, {""pt"": [0.0, -0.0], ""tr"": 0.0, ""roots"": [], ""stab"": [], ""k"": 188, ""redge"": 2.010328497117133e+17}]","{""kind"": ""scan_cap"", ""u_valid"": 39.999999999999815, ""r_valid"": 2.353852668369765e+17, ""D"": 1.654817996779201, ""sign"": 1}"
positive_center_009_hopf_0.1,binary128_matching,3,USU,"[0.10917411072272827, 5.191003717449217, 8.642153543034329]","[{""pt"": [-3.3260510424568484, 4.755964222239769], ""tr"": 2.6004443043348147e-10, ""roots"": [], ""stab"": [], ""k"": 188, ""redge"": 2.010328497117133e+17}, {""pt"": [0.0, -0.0], ""tr"": -6.591559889731524e-15, ""roots"": [], ""stab"": [], ""k"": 188, ""redge"": 2.010328497117133e+17}]","{""kind"": ""scan_cap"", ""u_valid"": 40.0, ""F"": 5.058699500436643e-11, ""sign"": 1, ""r_valid"": 2.3538526683701997e+17}"
positive_infinity_001_pair,double_full_return,2,SU,"[5.532833843927417, 8.241471567181485]","[{""pt"": [-3.323278053733456, 4.753704363831389], ""tr"": 0.010155649425659163, ""roots"": [18205689.644426107], ""stab"": [""S""], ""k"": 188, ""redge"": 2.010328497117133e+17}, {""pt"": [0.0, -0.0], ""tr"": 0.0, ""roots"": [9.181997017602711, 15.13855379042673], ""stab"": [""S"", ""U""], ""k"": 188, ""redge"": 2.010328497117133e+17}]","{""kind"": ""scan_cap"", ""u_valid"": 39.999999999999815, ""r_valid"": 2.353852668369765e+17, ""D"": 1.6729108791641139, ""sign"": 1}"
positive_infinity_001_hopf_1,double_full_return,3,USU,"[0.17483026781737654, 4.848098966394709, 9.073556424997134]","[{""pt"": [-3.3232779808361705, 4.753704304439552], ""tr"": 0.010155194179718663, ""roots"": [18205689.644426107], ""stab"": [""S""], ""k"": 188, ""redge"": 2.010328497117133e+17}, {""pt"": [0.0, -0.0], ""tr"": -5.869020809465615e-07, ""roots"": [0.277272284523134, 9.181997017602711, 15.13855379042673], ""stab"": [""U"", ""S"", ""U""], ""k"": 188, ""redge"": 2.010328497117133e+17}]","{""kind"": ""scan_cap"", ""u_valid"": 39.999999999999815, ""r_valid"": 2.353852668369765e+17, ""D"": 1.6728621334494562, ""sign"": 1}"
negative_000_fold,double_full_return,0,,[],"[{""pt"": [-3.32612127856424, 4.756021477326548], ""tr"": -0.0002572374347673545, ""roots"": [18205689.644426107], ""stab"": [""U""], ""k"": 188, ""redge"": 2.010328497117133e+17}, {""pt"": [0.0, -0.0], ""tr"": 0.0, ""roots"": [], ""stab"": [], ""k"": 188, ""redge"": 2.010328497117133e+17}]","{""kind"": ""scan_cap"", ""u_valid"": 39.999999999999815, ""r_valid"": 2.353852668369765e+17, ""D"": -0.03942294967231419, ""sign"": -1}"
positive_infinity_001_hopf_0.1,double_full_return,3,USU,"[0.04935589368998908, 5.447311972709068, 8.341881089503776]","[{""pt"": [-3.3232780464437273, 4.753704357892206], ""tr"": 0.01015560390106618, ""roots"": [18205689.644426107], ""stab"": [""S""], ""k"": 188, ""redge"": 2.010328497117133e+17}, {""pt"": [0.0, -0.0], ""tr"": -5.8690208094656155e-08, ""roots"": [0.07943983955226135, 9.181997017602711, 15.13855379042673], ""stab"": [""U"", ""S"", ""U""], ""k"": 188, ""redge"": 2.010328497117133e+17}]","{""kind"": ""scan_cap"", ""u_valid"": 39.999999999999815, ""r_valid"": 2.353852668369765e+17, ""D"": 1.6729060046045277, ""sign"": 1}"
negative_000_pair,double_full_return,2,US,"[5.530363912554728, 8.237739715582725]","[{""pt"": [-3.3261220861973664, 4.7560221356976715], ""tr"": -0.0002600475455292184, ""roots"": [18205689.644426107], ""stab"": [""U""], ""k"": 188, ""redge"": 2.010328497117133e+17}, {""pt"": [0.0, -0.0], ""tr"": 0.0, ""roots"": [9.181997017602711, 15.13855379042673], ""stab"": [""U"", ""S""], ""k"": 188, ""redge"": 2.010328497117133e+17}]","{""kind"": ""scan_cap"", ""u_valid"": 39.999999999999815, ""r_valid"": 2.353852668369765e+17, ""D"": -0.03982341819547486, ""sign"": -1}"
negative_000_hopf_1,double_full_return,3,SUS,"[0.17481120315150311, 4.846695609395762, 9.068175327037615]","[{""pt"": [-3.3261220880609805, 4.756022137216863], ""tr"": -0.0002600359018352094, ""roots"": [18205689.644426107], ""stab"": [""U""], ""k"": 188, ""redge"": 2.010328497117133e+17}, {""pt"": [0.0, -0.0], ""tr"": 1.5008682772075088e-08, ""roots"": [0.277272284523134, 9.181997017602711, 15.13855379042673], ""stab"": [""S"", ""U"", ""S""], ""k"": 188, ""redge"": 2.010328497117133e+17}]","{""kind"": ""scan_cap"", ""u_valid"": 39.999999999999815, ""r_valid"": 2.353852668369765e+17, ""D"": -0.03982231923892243, ""sign"": -1}"
negative_000_hopf_0.1,binary128_matching,3,SUS,"[0.049353004298819315, 5.4449877625718095, 8.33795214677018]","[{""pt"": [-3.3261220863837284, 4.756022135849591], ""tr"": -0.00026004638116106094, ""roots"": [18205689.644426107], ""stab"": [""U""], ""k"": 188, ""redge"": 2.010328497117133e+17}, {""pt"": [0.0, -0.0], ""tr"": 1.5008682772075088e-09, ""roots"": [0.07943983955226135, 9.181997017602711, 15.13855379042673], ""stab"": [""S"", ""U"", ""S""], ""k"": 188, ""redge"": 2.010328497117133e+17}]","{""kind"": ""scan_cap"", ""u_valid"": 40.0, ""F"": -5.059732477108734e-05, ""sign"": -1, ""r_valid"": 2.3538526683701997e+17}"
positive_infinity_002_fold,double_full_return,0,,[],"[{""pt"": [-3.315109530260734, 4.747054536287027], ""tr"": 0.04015637221804713, ""roots"": [23376568.23177193], ""stab"": [""S""], ""k"": 188, ""redge"": 2.010328497117133e+17}, {""pt"": [0.0, -0.0], ""tr"": 0.0, ""roots"": [], ""stab"": [], ""k"": 181, ""redge"": 3.855559164343897e+16}]","{""kind"": ""scan_cap"", ""u_valid"": 39.999999999999815, ""r_valid"": 2.353852668369765e+17, ""D"": 8.642133176187706, ""sign"": 1}"
positive_infinity_002_pair,double_full_return,2,SU,"[5.5401805086706615, 8.252448388512473]","[{""pt"": [-3.3149843657100413, 4.74695272576127], ""tr"": 0.04059359737124435, ""roots"": [23376568.23177193], ""stab"": [""S""], ""k"": 188, ""redge"": 2.010328497117133e+17}, {""pt"": [0.0, -0.0], ""tr"": 0.0, ""roots"": [9.181997017602711, 15.13855379042673], ""stab"": [""S"", ""U""], ""k"": 181, ""redge"": 3.64324737752206e+16}]","{""kind"": ""scan_cap"", ""u_valid"": 39.999999999999815, ""r_valid"": 2.353852668369765e+17, ""D"": 8.768934840381235, ""sign"": 1}"
positive_infinity_002_hopf_1,double_full_return,3,USU,"[0.17488632764302198, 4.852277249389393, 9.089436723840105]","[{""pt"": [-3.3149840729421722, 4.746952487622915], ""tr"": 0.040591771493483364, ""roots"": [23376568.23177193], ""stab"": [""S""], ""k"": 188, ""redge"": 2.010328497117133e+17}, {""pt"": [0.0, -0.0], ""tr"": -2.355000453420222e-06, ""roots"": [0.277272284523134, 9.181997017602711, 15.13855379042673], ""stab"": [""U"", ""S"", ""U""], ""k"": 181, ""redge"": 3.64324737752206e+16}]","{""kind"": ""scan_cap"", ""u_valid"": 39.999999999999815, ""r_valid"": 2.353852668369765e+17, ""D"": 8.768614638745781, ""sign"": 1}"
negative_001_fold,double_full_return,0,,[],"[{""pt"": [-3.3267535229389957, 4.756536905725871], ""tr"": -0.0025725085892700505, ""roots"": [18205689.644426107], ""stab"": [""U""], ""k"": 188, ""redge"": 2.010328497117133e+17}, {""pt"": [0.0, -0.0], ""tr"": 0.0, ""roots"": [], ""stab"": [], ""k"": 188, ""redge"": 2.010328497117133e+17}]","{""kind"": ""scan_cap"", ""u_valid"": 39.999999999999815, ""r_valid"": 2.353852668369765e+17, ""D"": -0.3882770007749343, ""sign"": -1}"
positive_infinity_002_hopf_0.1,double_full_return,3,USU,"[0.04936483887238585, 5.454188021101926, 8.353502226218165]","[{""pt"": [-3.3149843364332554, 4.746952701947434], ""tr"": 0.04059341478346212, ""roots"": [23376568.23177193], ""stab"": [""S""], ""k"": 188, ""redge"": 2.010328497117133e+17}, {""pt"": [0.0, -0.0], ""tr"": -2.3550004534202223e-07, ""roots"": [0.07943983955226135, 9.181997017602711, 15.13855379042673], ""stab"": [""U"", ""S"", ""U""], ""k"": 181, ""redge"": 3.64324737752206e+16}]","{""kind"": ""scan_cap"", ""u_valid"": 39.999999999999815, ""r_valid"": 2.353852668369765e+17, ""D"": 8.768902819981918, ""sign"": 1}"
negative_001_pair,double_full_return,2,US,"[5.529797702485844, 8.236928249234298]","[{""pt"": [-3.3267616030241047, 4.756543493313292], ""tr"": -0.0026006164330292236, ""roots"": [18205689.644426107], ""stab"": [""U""], ""k"": 188, ""redge"": 2.010328497117133e+17}, {""pt"": [0.0, -0.0], ""tr"": 0.0, ""roots"": [9.181997017602711, 15.13855379042673], ""stab"": [""U"", ""S""], ""k"": 188, ""redge"": 2.010328497117133e+17}]","{""kind"": ""scan_cap"", ""u_valid"": 39.999999999999815, ""r_valid"": 2.353852668369765e+17, ""D"": -0.39216142956349387, ""sign"": -1}"
negative_001_hopf_1,double_full_return,3,SUS,"[0.17480730627962277, 4.846374548583813, 9.066983275706512]","[{""pt"": [-3.326761621654397, 4.756543508502338], ""tr"": -0.0026005000205344686, ""roots"": [18205689.644426107], ""stab"": [""U""], ""k"": 188, ""redge"": 2.010328497117133e+17}, {""pt"": [0.0, -0.0], ""tr"": 1.50050039302716e-07, ""roots"": [0.277272284523134, 9.181997017602711, 15.13855379042673], ""stab"": [""S"", ""U"", ""S""], ""k"": 188, ""redge"": 2.010328497117133e+17}]","{""kind"": ""scan_cap"", ""u_valid"": 39.999999999999815, ""r_valid"": 2.353852668369765e+17, ""D"": -0.39215072805218654, ""sign"": -1}"
negative_001_hopf_0.1,binary128_matching,3,SUS,"[0.04935225123748253, 5.444469343593756, 8.337075598452774]","[{""pt"": [-3.3267616048871336, 4.756543494832195], ""tr"": -0.002600604791782146, ""roots"": [18205689.644426107], ""stab"": [""U""], ""k"": 188, ""redge"": 2.010328497117133e+17}, {""pt"": [0.0, -0.0], ""tr"": 1.50050039302716e-08, ""roots"": [0.07943983955226135, 9.181997017602711, 15.13855379042673], ""stab"": [""S"", ""U"", ""S""], ""k"": 188, ""redge"": 2.010328497117133e+17}]","{""kind"": ""scan_cap"", ""u_valid"": 40.0, ""F"": -0.0005068605490774388, ""sign"": -1, ""r_valid"": 2.3538526683701997e+17}"
positive_infinity_003_fold,double_full_return,0,,[],"[{""pt"": [-3.282681080830519, 4.7207624266645], ""tr"": 0.1601698049100122, ""roots"": [49488195.3350085], ""stab"": [""S""], ""k"": 188, ""redge"": 2.010328497117133e+17}, {""pt"": [0.0, -0.0], ""tr"": 0.0, ""roots"": [], ""stab"": [], ""k"": 138, ""redge"": 839861247437.5867}]","{""kind"": ""integration_failure"", ""status"": 1, ""u_failed"": 27.979687499999862, ""u_valid"": 27.97966308593736, ""r_valid"": 1417141720265.0354, ""D"": 23.680825724208674, ""sign"": 1}"
positive_infinity_003_pair,double_full_return,2,SU,"[5.5708362869511445, 8.298269359515198]","[{""pt"": [-3.2821928229853863, 4.72036789300067], ""tr"": 0.16189589356961953, ""roots"": [49488195.3350085], ""stab"": [""S""], ""k"": 188, ""redge"": 2.010328497117133e+17}, {""pt"": [0.0, -0.0], ""tr"": 0.0, ""roots"": [9.181997017602711, 15.13855379042673], ""stab"": [""S"", ""U""], ""k"": 138, ""redge"": 763955952777.1533}]","{""kind"": ""integration_failure"", ""status"": 1, ""u_failed"": 27.868847656249862, ""u_valid"": 27.86882324218736, ""r_valid"": 1268458173426.3403, ""D"": 23.791724741146332, ""sign"": 1}"
negative_002_fold,double_full_return,0,,[],"[{""pt"": [-3.3330878305091427, 4.761704356180949], ""tr"": -0.025738438464565583, ""roots"": [14178605.351434018], ""stab"": [""U""], ""k"": 188, ""redge"": 2.010328497117133e+17}, {""pt"": [0.0, -0.0], ""tr"": 0.0, ""roots"": [], ""stab"": [], ""k"": 188, ""redge"": 2.010328497117133e+17}]","{""kind"": ""scan_cap"", ""u_valid"": 39.999999999999815, ""r_valid"": 2.353852668369765e+17, ""D"": -3.386072175479171, ""sign"": -1}"
positive_infinity_003_hopf_1,double_full_return,3,USU,"[0.17512865827885965, 4.869806741899495, 9.155620492048051]","[{""pt"": [-3.2821916327189316, 4.720366931262389], ""tr"": 0.1618885105281418, ""roots"": [49488195.3350085], ""stab"": [""S""], ""k"": 188, ""redge"": 2.010328497117133e+17}, {""pt"": [0.0, -0.0], ""tr"": -9.540546160292055e-06, ""roots"": [0.277272284523134, 9.181997017602711, 15.13855379042673], ""stab"": [""U"", ""S"", ""U""], ""k"": 138, ""redge"": 764702367913.4833}]","{""kind"": ""integration_failure"", ""status"": 1, ""u_failed"": 27.869238281249864, ""u_valid"": 27.869213867187362, ""r_valid"": 1268953761688.6177, ""D"": 23.79128371200163, ""sign"": 1}"
negative_002_pair,double_full_return,2,US,"[5.524278990236455, 8.22868736063163]","[{""pt"": [-3.3331690060060883, 4.761770619273615], ""tr"": -0.026020187084836444, ""roots"": [14178605.351434018], ""stab"": [""U""], ""k"": 188, ""redge"": 2.010328497117133e+17}, {""pt"": [0.0, -0.0], ""tr"": 0.0, ""roots"": [9.181997017602711, 15.13855379042673], ""stab"": [""U"", ""S""], ""k"": 188, ""redge"": 2.010328497117133e+17}]","{""kind"": ""scan_cap"", ""u_valid"": 39.999999999999815, ""r_valid"": 2.353852668369765e+17, ""D"": -3.415718475885093, ""sign"": -1}"
positive_infinity_003_hopf_0.1,double_full_return,3,USU,"[0.049405117560486565, 5.48288960052268, 8.402000808332678]","[{""pt"": [-3.2821927039587555, 4.720367796826843], ""tr"": 0.1618951552654151, ""roots"": [49488195.3350085], ""stab"": [""S""], ""k"": 188, ""redge"": 2.010328497117133e+17}, {""pt"": [0.0, -0.0], ""tr"": -9.540546160292055e-07, ""roots"": [0.07943983955226135, 9.181997017602711, 15.13855379042673], ""stab"": [""U"", ""S"", ""U""], ""k"": 138, ""redge"": 763955952777.1533}]","{""kind"": ""integration_failure"", ""status"": 1, ""u_failed"": 27.868896484374865, ""u_valid"": 27.868872070312364, ""r_valid"": 1268520111372.738, ""D"": 23.791750980316465, ""sign"": 1}"
negative_002_hopf_1,double_full_return,3,SUS,"[0.174766054778956, 4.843245854914818, 9.055048864739057]","[{""pt"": [-3.333169191734912, 4.761770770884178], ""tr"": -0.02601902534633016, ""roots"": [14178605.351434018], ""stab"": [""U""], ""k"": 188, ""redge"": 2.010328497117133e+17}, {""pt"": [0.0, -0.0], ""tr"": 1.4969023885162532e-06, ""roots"": [0.277272284523134, 9.181997017602711, 15.13855379042673], ""stab"": [""S"", ""U"", ""S""], ""k"": 188, ""redge"": 2.010328497117133e+17}]","{""kind"": ""scan_cap"", ""u_valid"": 39.999999999999815, ""r_valid"": 2.353852668369765e+17, ""D"": -3.4156338328736524, ""sign"": -1}"
negative_002_hopf_0.1,double_full_return,3,SUS,"[0.049345732442255624, 5.439306227301389, 8.328345814668685]","[{""pt"": [-3.333169024578971, 4.761770634434671], ""tr"": -0.026020070910988125, ""roots"": [14178605.351434018], ""stab"": [""U""], ""k"": 188, ""redge"": 2.010328497117133e+17}, {""pt"": [0.0, -0.0], ""tr"": 1.4969023885162532e-07, ""roots"": [0.07943983955226135, 9.181997017602711, 15.13855379042673], ""stab"": [""S"", ""U"", ""S""], ""k"": 188, ""redge"": 2.010328497117133e+17}]","{""kind"": ""scan_cap"", ""u_valid"": 39.999999999999815, ""r_valid"": 2.353852668369765e+17, ""D"": -3.4157100116105212, ""sign"": -1}"
positive_infinity_004_fold,double_full_return,0,,[],"[{""pt"": [-3.240385929072257, 4.686737598676833], ""tr"": 0.3190553942455763, ""roots"": [172730774.06504285], ""stab"": [""S""], ""k"": 188, ""redge"": 2.010328497117133e+17}, {""pt"": [0.0, -0.0], ""tr"": 0.0, ""roots"": [], ""stab"": [], ""k"": 112, ""redge"": 1147440226.6970255}]","{""kind"": ""integration_failure"", ""status"": 1, ""u_failed"": 20.569799804687385, ""u_valid"": 20.569775390624887, ""r_valid"": 857708958.4353, ""D"": 31.091273613638048, ""sign"": 1}"
positive_infinity_004_pair,double_full_return,2,SU,"[5.614966510593479, 8.364259760562307]","[{""pt"": [-3.239443067256172, 4.685982662131977], ""tr"": 0.3224435540982782, ""roots"": [172730774.06504285], ""stab"": [""S""], ""k"": 188, ""redge"": 2.010328497117133e+17}, {""pt"": [0.0, -0.0], ""tr"": 0.0, ""roots"": [9.181997017602711, 15.13855379042673], ""stab"": [""S"", ""U""], ""k"": 111, ""redge"": 1047821512.685907}]","{""kind"": ""integration_failure"", ""status"": 1, ""u_failed"": 20.471557617187386, ""u_valid"": 20.47153320312489, ""r_valid"": 777452574.8073244, ""D"": 31.190055799722618, ""sign"": 1}"
positive_infinity_004_hopf_1,double_full_return,3,USU,"[0.17549749530471775, 4.895256221010399, 9.25072842133132]","[{""pt"": [-3.23944063385145, 4.685980713942868], ""tr"": 0.3224285697749041, ""roots"": [172730774.06504285], ""stab"": [""S""], ""k"": 188, ""redge"": 2.010328497117133e+17}, {""pt"": [0.0, -0.0], ""tr"": -1.94140381079179e-05, ""roots"": [0.277272284523134, 9.181997017602711, 15.13855379042673], ""stab"": [""U"", ""S"", ""U""], ""k"": 111, ""redge"": 1048845275.6848047}]","{""kind"": ""integration_failure"", ""status"": 1, ""u_failed"": 20.47209472656239, ""u_valid"": 20.472070312499888, ""r_valid"": 777870264.0362296, ""D"": 31.1887773038557, ""sign"": 1}"
negative_003_fold,double_full_return,0,,[],"[{""pt"": [-3.3614989571245477, 4.784958809597927], ""tr"": -0.1289810604498962, ""roots"": [8599758.857610349], ""stab"": [""U""], ""k"": 160, ""redge"": 205306678736159.5}, {""pt"": [0.0, -0.0], ""tr"": 0.0, ""roots"": [], ""stab"": [], ""k"": 188, ""redge"": 2.010328497117133e+17}]","{""kind"": ""scan_cap"", ""u_valid"": 39.999999999999815, ""r_valid"": 2.353852668369765e+17, ""D"": -11.15642124209311, ""sign"": -1}"
positive_infinity_004_hopf_0.1,double_full_return,3,USU,"[0.049469895556948494, 5.524225153380842, 8.471829012231721]","[{""pt"": [-3.239442823915764, 4.685982467313071], ""tr"": 0.3224420556656842, ""roots"": [172730774.06504285], ""stab"": [""S""], ""k"": 188, ""redge"": 2.010328497117133e+17}, {""pt"": [0.0, -0.0], ""tr"": -1.94140381079179e-06, ""roots"": [0.07943983955226135, 9.181997017602711, 15.13855379042673], ""stab"": [""U"", ""S"", ""U""], ""k"": 111, ""redge"": 1047821512.685907}]","{""kind"": ""integration_failure"", ""status"": 1, ""u_failed"": 20.47160644531239, ""u_valid"": 20.471582031249888, ""r_valid"": 777490537.2856388, ""D"": 31.18976903336882, ""sign"": 1}"
negative_003_pair,double_full_return,2,US,"[5.50063415368809, 8.193368250090598]","[{""pt"": [-3.361913075928667, 4.785298682364168], ""tr"": -0.1304043173834888, ""roots"": [8599758.857610349], ""stab"": [""U""], ""k"": 160, ""redge"": 191740995601119.44}, {""pt"": [0.0, -0.0], ""tr"": 0.0, ""roots"": [9.181997017602711, 15.13855379042673], ""stab"": [""U"", ""S""], ""k"": 188, ""redge"": 2.010328497117133e+17}]","{""kind"": ""scan_cap"", ""u_valid"": 39.999999999999815, ""r_valid"": 2.353852668369765e+17, ""D"": -11.224051227063633, ""sign"": -1}"
negative_003_hopf_1,double_full_return,3,SUS,"[0.17459526830287211, 4.829910859034325, 9.003820977979695]","[{""pt"": [-3.361913992006236, 4.785299434229977], ""tr"": -0.1303985610147036, ""roots"": [8599758.857610349], ""stab"": [""U""], ""k"": 160, ""redge"": 191740995601119.44}, {""pt"": [0.0, -0.0], ""tr"": 7.405844752419227e-06, ""roots"": [0.277272284523134, 9.181997017602711, 15.13855379042673], ""stab"": [""S"", ""U"", ""S""], ""k"": 188, ""redge"": 2.010328497117133e+17}]","{""kind"": ""scan_cap"", ""u_valid"": 39.999999999999815, ""r_valid"": 2.353852668369765e+17, ""D"": -11.223835870973527, ""sign"": -1}"
negative_003_hopf_0.1,double_full_return,3,SUS,"[0.049320096241903824, 5.417187574036894, 8.29094062471935]","[{""pt"": [-3.361913167536432, 4.78529875755075], ""tr"": -0.13040374174664127, ""roots"": [8599758.857610349], ""stab"": [""U""], ""k"": 160, ""redge"": 191740995601119.44}, {""pt"": [0.0, -0.0], ""tr"": 7.405844752419227e-07, ""roots"": [0.07943983955226135, 9.181997017602711, 15.13855379042673], ""stab"": [""S"", ""U"", ""S""], ""k"": 188, ""redge"": 2.010328497117133e+17}]","{""kind"": ""scan_cap"", ""u_valid"": 39.999999999999815, ""r_valid"": 2.353852668369765e+17, ""D"": -11.22402969152946, ""sign"": -1}"
positive_infinity_005_fold,double_full_return,0,,[],"[{""pt"": [-3.175523301752476, 4.635182823300445], ""tr"": 0.5683506025408978, ""roots"": [2104291611.875021], ""stab"": [""S""], ""k"": 188, ""redge"": 2.010328497117133e+17}, {""pt"": [0.0, -0.0], ""tr"": 0.0, ""roots"": [], ""stab"": [], ""k"": 92, ""redge"": 7837819.93010195}]","{""kind"": ""integration_failure"", ""status"": 1, ""u_failed"": 15.321508789062406, ""u_valid"": 15.321484374999907, ""r_valid"": 4508541.988206818, ""D"": 36.34078290600361, ""sign"": 1}"
positive_infinity_005_pair,double_full_return,2,SU,"[5.6930444995115925, 8.481079073976646]","[{""pt"": [-3.173929824280542, 4.6339262734901885], ""tr"": 0.5742329177853227, ""roots"": [2104291611.875021], ""stab"": [""S""], ""k"": 188, ""redge"": 2.010328497117133e+17}, {""pt"": [0.0, -0.0], ""tr"": 0.0, ""roots"": [9.181997017602711, 15.13855379042673], ""stab"": [""S"", ""U""], ""k"": 91, ""redge"": 7284279.537518808}]","{""kind"": ""integration_failure"", ""status"": 1, ""u_failed"": 15.245947265624903, ""u_valid"": 15.245922851562403, ""r_valid"": 4180422.3980576014, ""D"": 36.41244864485955, ""sign"": 1}"
positive_infinity_005_hopf_1,double_full_return,3,USU,"[0.176193064259269, 4.940699705851098, 9.41881860624514]","[{""pt"": [-3.1739253016904856, 4.633922707867406], ""tr"": 0.5742053923995467, ""roots"": [2104291611.875021], ""stab"": [""S""], ""k"": 188, ""redge"": 2.010328497117133e+17}, {""pt"": [0.0, -0.0], ""tr"": -3.58211185531303e-05, ""roots"": [0.277272284523134, 9.181997017602711, 15.13855379042673], ""stab"": [""U"", ""S"", ""U""], ""k"": 91, ""redge"": 7291396.566300765}]","{""kind"": ""integration_failure"", ""status"": 1, ""u_failed"": 15.246752929687403, ""u_valid"": 15.246728515624902, ""r_valid"": 4183791.771258979, ""D"": 36.41483460451864, ""sign"": 1}"
positive_infinity_005_hopf_0.1,double_full_return,3,USU,"[0.04959929730379999, 5.597382273780256, 8.595431124183474]","[{""pt"": [-3.1739293720217687, 4.633925916927915], ""tr"": 0.5742301652457815, ""roots"": [2104291611.875021], ""stab"": [""S""], ""k"": 188, ""redge"": 2.010328497117133e+17}, {""pt"": [0.0, -0.0], ""tr"": -3.5821118553130302e-06, ""roots"": [0.07943983955226135, 9.181997017602711, 15.13855379042673], ""stab"": [""U"", ""S"", ""U""], ""k"": 91, ""redge"": 7284279.537518808}]","{""kind"": ""integration_failure"", ""status"": 1, ""u_failed"": 15.246044921874905, ""u_valid"": 15.246020507812403, ""r_valid"": 4180830.6623668694, ""D"": 36.41650157435895, ""sign"": 1}"
negative_004_fold,double_full_return,0,,[],"[{""pt"": [-3.397595784102964, 4.814680267913958], ""tr"": -0.25864841721339094, ""roots"": [5216017.413275968], ""stab"": [""U""], ""k"": 139, ""redge"": 1218416092112.693}, {""pt"": [0.0, -0.0], ""tr"": 0.0, ""roots"": [], ""stab"": [], ""k"": 188, ""redge"": 2.010328497117133e+17}]","{""kind"": ""scan_cap"", ""u_valid"": 39.999999999999815, ""r_valid"": 2.353852668369765e+17, ""D"": -16.084868924253556, ""sign"": -1}"
negative_004_pair,double_full_return,2,US,"[5.473039444611141, 8.152168161218048]","[{""pt"": [-3.3984442122712677, 4.815381156180014], ""tr"": -0.2615294599006708, ""roots"": [5216017.413275968], ""stab"": [""U""], ""k"": 139, ""redge"": 1127951654407.2344}, {""pt"": [0.0, -0.0], ""tr"": 0.0, ""roots"": [9.181997017602711, 15.13855379042673], ""stab"": [""U"", ""S""], ""k"": 188, ""redge"": 2.010328497117133e+17}]","{""kind"": ""scan_cap"", ""u_valid"": 39.999999999999815, ""r_valid"": 2.353852668369765e+17, ""D"": -16.160408004563187, ""sign"": -1}"
negative_004_hopf_1,double_full_return,3,SUS,"[0.17441033122567628, 4.814521609844964, 8.943844845517184]","[{""pt"": [-3.3984460138716575, 4.815382644596884], ""tr"": -0.2615180748039583, ""roots"": [5216017.413275968], ""stab"": [""U""], ""k"": 139, ""redge"": 1126850676793.9504}, {""pt"": [0.0, -0.0], ""tr"": 1.4620779624749323e-05, ""roots"": [0.277272284523134, 9.181997017602711, 15.13855379042673], ""stab"": [""S"", ""U"", ""S""], ""k"": 188, ""redge"": 2.010328497117133e+17}]","{""kind"": ""scan_cap"", ""u_valid"": 39.999999999999815, ""r_valid"": 2.353852668369765e+17, ""D"": -16.160147352227174, ""sign"": -1}"
positive_infinity_006_fold,double_full_return,0,,[],"[{""pt"": [-3.0105879337102244, 4.50795488953128], ""tr"": 1.238865224951243, ""roots"": [], ""stab"": [], ""k"": 79, ""redge"": 374540.6641361767}, {""pt"": [0.0, -0.0], ""tr"": 0.0, ""roots"": [], ""stab"": [], ""k"": 72, ""redge"": 51386.333635780924}]","{""kind"": ""integration_failure"", ""status"": 1, ""u_failed"": 10.223364257812422, ""u_valid"": 10.223339843749923, ""r_valid"": 27538.48730975411, ""D"": 40.986931388693165, ""sign"": 1}"
negative_004_hopf_0.1,double_full_return,3,SUS,"[0.049294955223930896, 5.391393692596819, 8.247282577968313]","[{""pt"": [-3.39844439243134, 4.815381305021705], ""tr"": -0.26152832139112725, ""roots"": [5216017.413275968], ""stab"": [""U""], ""k"": 139, ""redge"": 1126850676793.9504}, {""pt"": [0.0, -0.0], ""tr"": 1.4620779624749325e-06, ""roots"": [0.07943983955226135, 9.181997017602711, 15.13855379042673], ""stab"": [""S"", ""U"", ""S""], ""k"": 188, ""redge"": 2.010328497117133e+17}]","{""kind"": ""scan_cap"", ""u_valid"": 39.999999999999815, ""r_valid"": 2.353852668369765e+17, ""D"": -16.16038193941308, ""sign"": -1}"
positive_infinity_006_pair,double_full_return,2,SU,"[5.96704430840116, 8.891412941907305]","[{""pt"": [-3.007650738182781, 4.505745342478918], ""tr"": 1.2506143238057437, ""roots"": [], ""stab"": [], ""k"": 77, ""redge"": 222994.18436419498}, {""pt"": [0.0, -0.0], ""tr"": 0.0, ""roots"": [11.789917546552921, 15.13855379042673], ""stab"": [""S"", ""U""], ""k"": 71, ""redge"": 49273.18740303863}]","{""kind"": ""integration_failure"", ""status"": 1, ""u_failed"": 10.180419921874925, ""u_valid"": 10.180395507812424, ""r_valid"": 26380.89908637574, ""D"": 41.01373220085212, ""sign"": 1}"
positive_infinity_006_hopf_1,double_full_return,3,USU,"[0.17886328176810473, 5.10156763442561, 10.011058210528065]","[{""pt"": [-3.007639570959856, 4.5057369458397005], ""tr"": 1.2505485479541472, ""roots"": [], ""stab"": [], ""k"": 77, ""redge"": 223430.14548522528}, {""pt"": [0.0, -0.0], ""tr"": -8.680712491420512e-05, ""roots"": [0.277272284523134, 9.181997017602711, 19.43828783880247], ""stab"": [""U"", ""S"", ""U""], ""k"": 71, ""redge"": 49321.32925304864}]","{""kind"": ""integration_failure"", ""status"": 1, ""u_failed"": 10.182006835937424, ""u_valid"": 10.181982421874924, ""r_valid"": 26422.796541154872, ""D"": 40.99935280994809, ""sign"": 1}"
positive_infinity_006_hopf_0.1,double_full_return,3,USU,"[0.05013577394475571, 5.853940168239666, 9.030069451677406]","[{""pt"": [-3.0076496214620527, 4.505744502814786], ""tr"": 1.2506077462133671, ""roots"": [], ""stab"": [], ""k"": 77, ""redge"": 222994.18436419498}, {""pt"": [0.0, -0.0], ""tr"": -8.680712491420512e-06, ""roots"": [0.07943983955226135, 11.789917546552921, 15.13855379042673], ""stab"": [""U"", ""S"", ""U""], ""k"": 71, ""redge"": 49273.18740303863}]","{""kind"": ""integration_failure"", ""status"": 1, ""u_failed"": 10.180590820312425, ""u_valid"": 10.180566406249925, ""r_valid"": 26385.40792607533, ""D"": 41.260323544086994, ""sign"": 1}"
negative_005_fold,double_full_return,0,,[],"[{""pt"": [-3.5480791880349227, 4.940531669376838], ""tr"": -0.7830129005623272, ""roots"": [906407.9150111552], ""stab"": [""U""], ""k"": 106, ""redge"": 266748022.1552405}, {""pt"": [0.0, -0.0], ""tr"": 0.0, ""roots"": [], ""stab"": [], ""k"": 188, ""redge"": 2.010328497117133e+17}]","{""kind"": ""scan_cap"", ""u_valid"": 39.999999999999815, ""r_valid"": 2.353852668369765e+17, ""D"": -24.071256807593365, ""sign"": -1}"
negative_005_pair,double_full_return,2,US,"[5.382890606684318, 8.017782690059013]","[{""pt"": [-3.550850772224564, 4.942876840894944], ""tr"": -0.7920113049744364, ""roots"": [906407.9150111552], ""stab"": [""U""], ""k"": 105, ""redge"": 247667154.44762272}, {""pt"": [0.0, -0.0], ""tr"": 0.0, ""roots"": [9.181997017602711, 15.13855379042673], ""stab"": [""U"", ""S""], ""k"": 188, ""redge"": 2.010328497117133e+17}]","{""kind"": ""scan_cap"", ""u_valid"": 39.999999999999815, ""r_valid"": 2.353852668369765e+17, ""D"": -24.14145652635394, ""sign"": -1}"
positive_infinity_007_fold,double_full_return,0,,[],"[{""pt"": [-2.7705481861475483, 4.335345014510549], ""tr"": 2.3475088264703814, ""roots"": [], ""stab"": [], ""k"": 38, ""redge"": 10.882615372235694}, {""pt"": [0.0, -0.0], ""tr"": 0.0, ""roots"": [], ""stab"": [], ""k"": 61, ""redge"": 3604.365292163129}]","{""kind"": ""integration_failure"", ""status"": 1, ""u_failed"": 7.537084960937433, ""u_valid"": 7.537060546874932, ""r_valid"": 1876.306595922096, ""D"": 36.93351341786313, ""sign"": 1}"
negative_005_hopf_1,double_full_return,3,SUS,"[0.17397189504876756, 4.766362569343432, 8.745284767511679]","[{""pt"": [-3.550855838170636, 4.942881128285484], ""tr"": -0.79197857845804, ""roots"": [906407.9150111552], ""stab"": [""U""], ""k"": 105, ""redge"": 247667154.44762272}, {""pt"": [0.0, -0.0], ""tr"": 4.1754620866867765e-05, ""roots"": [0.277272284523134, 9.181997017602711, 15.13855379042673], ""stab"": [""S"", ""U"", ""S""], ""k"": 188, ""redge"": 2.010328497117133e+17}]","{""kind"": ""scan_cap"", ""u_valid"": 39.999999999999815, ""r_valid"": 2.353852668369765e+17, ""D"": -24.14117436812937, ""sign"": -1}"
positive_infinity_007_pair,double_full_return,2,SU,"[6.718472828396622, 10.01755214305384]","[{""pt"": [-2.766735184450266, 4.332750968140655], ""tr"": 2.3653964313548412, ""roots"": [], ""stab"": [], ""k"": 38, ""redge"": 10.435092537872388}, {""pt"": [0.0, -0.0], ""tr"": 0.0, ""roots"": [11.789917546552921, 19.43828783880247], ""stab"": [""S"", ""U""], ""k"": 61, ""redge"": 3534.6505566720157}]","{""kind"": ""integration_failure"", ""status"": 1, ""u_failed"": 7.51750488281243, ""u_valid"": 7.51748046874993, ""r_valid"": 1839.9256988905126, ""D"": 30.481584351373243, ""sign"": 1}"
positive_infinity_007_hopf_1,double_full_return,3,USU,"[0.18651541168764113, 5.533862857904628, 11.68612758967625]","[{""pt"": [-2.766708174053497, 4.332732611301456], ""tr"": 2.3652461336837973, ""roots"": [], ""stab"": [], ""k"": 38, ""redge"": 10.435092537872388}, {""pt"": [0.0, -0.0], ""tr"": -0.00020448730742621417, ""roots"": [0.3560246606707792, 9.181997017602711, 24.9592556419146], ""stab"": [""U"", ""S"", ""U""], ""k"": 61, ""redge"": 3551.951797576479}]","{""kind"": ""integration_failure"", ""status"": 1, ""u_failed"": 7.521752929687432, ""u_valid"": 7.5217285156249325, ""r_valid"": 1847.7584145986323, ""D"": 30.07186379877744, ""sign"": 1}"
positive_infinity_007_hopf_0.1,double_full_return,3,USU,"[0.05177103672157774, 6.553060853949452, 10.231357366636066]","[{""pt"": [-2.766732483420976, 4.332749132451887], ""tr"": 2.3653814015284667, ""roots"": [], ""stab"": [], ""k"": 38, ""redge"": 10.435092537872388}, {""pt"": [0.0, -0.0], ""tr"": -2.044873074262142e-05, ""roots"": [0.10200277308269971, 11.789917546552921, 19.43828783880247], ""stab"": [""U"", ""S"", ""U""], ""k"": 61, ""redge"": 3538.1040498577763}]","{""kind"": ""integration_failure"", ""status"": 1, ""u_failed"": 7.517944335937431, ""u_valid"": 7.517919921874931, ""r_valid"": 1840.7344376770375, ""D"": 42.27540170688275, ""sign"": 1}"
negative_005_hopf_0.1,double_full_return,3,SUS,"[0.049267601045340254, 5.307391950267543, 8.10453033103823]","[{""pt"": [-3.550851278819405, 4.9428772696340575], ""tr"": -0.7920080323236096, ""roots"": [906407.9150111552], ""stab"": [""U""], ""k"": 105, ""redge"": 247667154.44762272}, {""pt"": [0.0, -0.0], ""tr"": 4.175462086686777e-06, ""roots"": [0.07943983955226135, 9.181997017602711, 15.13855379042673], ""stab"": [""S"", ""U"", ""S""], ""k"": 188, ""redge"": 2.010328497117133e+17}]","{""kind"": ""scan_cap"", ""u_valid"": 39.999999999999815, ""r_valid"": 2.353852668369765e+17, ""D"": -24.141428310516794, ""sign"": -1}"
positive_infinity_008_fold,double_full_return,0,,[],"[{""pt"": [-2.6000615919522243, 4.225037533522015], ""tr"": 3.2928027710834815, ""roots"": [], ""stab"": [], ""k"": 31, ""redge"": 2.153403058085099}, {""pt"": [0.0, -0.0], ""tr"": 0.0, ""roots"": [], ""stab"": [], ""k"": 57, ""redge"": 1419.78445386089}]","{""kind"": ""integration_failure"", ""status"": 1, ""u_failed"": 6.582202148437437, ""u_valid"": 6.582177734374937, ""r_valid"": 722.1101823445339, ""D"": 22.3627790803121, ""sign"": 1}"
positive_infinity_008_pair,double_full_return,2,SU,"[7.884648613390369, 11.764820969347095]","[{""pt"": [-2.5966547995565117, 4.222964256226645], ""tr"": 3.311602015564886, ""roots"": [], ""stab"": [], ""k"": 31, ""redge"": 2.1014663143909544}, {""pt"": [0.0, -0.0], ""tr"": 0.0, ""roots"": [15.13855379042673, 24.9592556419146], ""stab"": [""S"", ""U""], ""k"": 57, ""redge"": 1411.4897290096458}]","{""kind"": ""integration_failure"", ""status"": 1, ""u_failed"": 6.575122070312437, ""u_valid"": 6.5750976562499375, ""r_valid"": 717.0156419918968, ""D"": 22.660860345023618, ""sign"": 1}"
negative_006_fold,double_full_return,0,,[],"[{""pt"": [-3.87384230672473, 5.2218085112934425], ""tr"": -1.848016678293389, ""roots"": [122668.97190594225], ""stab"": [""U""], ""k"": 84, ""redge"": 1185647.2767353456}, {""pt"": [0.0, -0.0], ""tr"": 0.0, ""roots"": [], ""stab"": [], ""k"": 188, ""redge"": 2.010328497117133e+17}]","{""kind"": ""scan_cap"", ""u_valid"": 39.999999999999815, ""r_valid"": 2.353852668369765e+17, ""D"": -29.188047866397163, ""sign"": -1}"
positive_infinity_008_hopf_1,double_full_return,3,USU,"[0.19746156421129266, 6.156691739368431, 14.487419844411487]","[{""pt"": [-2.596606038256794, 4.222934622790909], ""tr"": 3.311343426715191, ""roots"": [], ""stab"": [], ""k"": 31, ""redge"": 2.1014663143909544}, {""pt"": [0.0, -0.0], ""tr"": -0.000363618729834956, ""roots"": [0.3560246606707792, 11.789917546552921, 24.9592556419146], ""stab"": [""U"", ""S"", ""U""], ""k"": 57, ""redge"": 1425.3413330976075}]","{""kind"": ""integration_failure"", ""status"": 1, ""u_failed"": 6.585205078124938, ""u_valid"": 6.585180664062438, ""r_valid"": 724.2818875558078, ""D"": 26.443723302757785, ""sign"": 1}"
positive_infinity_008_hopf_0.1,double_full_return,3,USU,"[0.05415159332521997, 7.620588906790863, 12.12759543315631]","[{""pt"": [-2.5966499234626634, 4.2229612928524505], ""tr"": 3.3115761564251045, ""roots"": [], ""stab"": [], ""k"": 31, ""redge"": 2.1014663143909544}, {""pt"": [0.0, -0.0], ""tr"": -3.63618729834956e-05, ""roots"": [0.10200277308269971, 15.13855379042673, 24.9592556419146], ""stab"": [""U"", ""S"", ""U""], ""k"": 57, ""redge"": 1412.8688102180286}]","{""kind"": ""integration_failure"", ""status"": 1, ""u_failed"": 6.576123046874938, ""u_valid"": 6.576098632812437, ""r_valid"": 717.7337171727329, ""D"": 21.96634881938072, ""sign"": 1}"
negative_006_pair,double_full_return,2,US,"[5.284004629259602, 7.871330538620414]","[{""pt"": [-3.881151507614824, 5.228234955797616], ""tr"": -1.8700397003735674, ""roots"": [122668.97190594225], ""stab"": [""U""], ""k"": 84, ""redge"": 1121452.576216842}, {""pt"": [0.0, -0.0], ""tr"": 0.0, ""roots"": [9.181997017602711, 15.13855379042673], ""stab"": [""U"", ""S""], ""k"": 188, ""redge"": 2.010328497117133e+17}]","{""kind"": ""scan_cap"", ""u_valid"": 39.999999999999815, ""r_valid"": 2.353852668369765e+17, ""D"": -29.24146224564058, ""sign"": -1}"
negative_006_hopf_1,double_full_return,3,SUS,"[0.17435486877316014, 4.725413002733436, 8.510797608908552]","[{""pt"": [-3.881162029756255, 5.228244210373705], ""tr"": -1.869968939513062, ""roots"": [122668.97190594225], ""stab"": [""U""], ""k"": 84, ""redge"": 1121452.576216842}, {""pt"": [0.0, -0.0], ""tr"": 8.94096877773473e-05, ""roots"": [0.277272284523134, 7.150946467468296, 15.13855379042673], ""stab"": [""S"", ""U"", ""S""], ""k"": 188, ""redge"": 2.010328497117133e+17}]","{""kind"": ""scan_cap"", ""u_valid"": 39.999999999999815, ""r_valid"": 2.353852668369765e+17, ""D"": -29.241191375351796, ""sign"": -1}"
negative_006_hopf_0.1,double_full_return,3,SUS,"[0.04951941730307038, 5.216888220354333, 7.946682687151836]","[{""pt"": [-3.8811525598298084, 5.228235881255547], ""tr"": -1.870032624290162, ""roots"": [122668.97190594225], ""stab"": [""U""], ""k"": 84, ""redge"": 1121452.576216842}, {""pt"": [0.0, -0.0], ""tr"": 8.940968777734731e-06, ""roots"": [0.07943983955226135, 9.181997017602711, 15.13855379042673], ""stab"": [""S"", ""U"", ""S""], ""k"": 188, ""redge"": 2.010328497117133e+17}]","{""kind"": ""scan_cap"", ""u_valid"": 39.999999999999815, ""r_valid"": 2.353852668369765e+17, ""D"": -29.241435158431173, ""sign"": -1}"
positive_infinity_009_fold,double_full_return,0,,[],"[{""pt"": [-2.483648569480014, 4.157662632224318], ""tr"": 4.073525409380371, ""roots"": [], ""stab"": [], ""k"": 27, ""redge"": 0.8465852772572146}, {""pt"": [0.0, -0.0], ""tr"": 0.0, ""roots"": [], ""stab"": [], ""k"": 56, ""redge"": 967.263822040554}]","{""kind"": ""integration_failure"", ""status"": 1, ""u_failed"": 6.179443359374938, ""u_valid"": 6.179418945312438, ""r_valid"": 482.71139313167333, ""D"": 20.179606602390873, ""sign"": 1}"
positive_infinity_009_pair,double_full_return,2,SU,"[9.604012444095527, 14.339244675752225]","[{""pt"": [-2.481078701237054, 4.156262267893412], ""tr"": 4.090023588753379, ""roots"": [], ""stab"": [], ""k"": 27, ""redge"": 0.8318339258138616}, {""pt"": [0.0, -0.0], ""tr"": 0.0, ""roots"": [19.43828783880247, 32.04831862582525], ""stab"": [""S"", ""U""], ""k"": 56, ""redge"": 969.1548553040051}]","{""kind"": ""integration_failure"", ""status"": 1, ""u_failed"": 6.180639648437438, ""u_valid"": 6.180615234374938, ""r_valid"": 483.28920103534955, ""D"": 20.83846302448959, ""sign"": 1}"
positive_infinity_009_hopf_1,double_full_return,3,USU,"[0.21086495421368381, 6.9701118295096665, 19.147533480389228]","[{""pt"": [-2.481001564317039, 4.156220297432387], ""tr"": 4.089629057430151, ""roots"": [], ""stab"": [], ""k"": 27, ""redge"": 0.8318339258138616}, {""pt"": [0.0, -0.0], ""tr"": -0.0005719769799851176, ""roots"": [0.3560246606707792, 15.13855379042673, 41.15085567766678], ""stab"": [""U"", ""S"", ""U""], ""k"": 56, ""redge"": 991.169288840529}]","{""kind"": ""integration_failure"", ""status"": 1, ""u_failed"": 6.203222656249938, ""u_valid"": 6.2031982421874385, ""r_valid"": 494.32749465722276, ""D"": 21.986603360527354, ""sign"": 1}"
positive_infinity_009_hopf_0.1,double_full_return,3,USU,"[0.057042273916285455, 9.152433116384952, 15.003784750834948]","[{""pt"": [-2.4810709876369117, 4.156258070732453], ""tr"": 4.0899841348342525, ""roots"": [], ""stab"": [], ""k"": 27, ""redge"": 0.8318339258138616}, {""pt"": [0.0, -0.0], ""tr"": -5.719769799851176e-05, ""roots"": [0.10200277308269971, 19.43828783880247, 32.04831862582525], ""stab"": [""U"", ""S"", ""U""], ""k"": 56, ""redge"": 971.0495856010078}]","{""kind"": ""integration_failure"", ""status"": 1, ""u_failed"": 6.182885742187439, ""u_valid"": 6.182861328124939, ""r_valid"": 484.37593388429315, ""D"": 19.93514980723677, ""sign"": 1}"
negative_007_fold,double_full_return,0,,[],"[{""pt"": [-4.134381145843678, 5.453423391655436], ""tr"": -2.6499331755806885, ""roots"": [57944.71938749432], ""stab"": [""U""], ""k"": 77, ""redge"": 207447.86747824427}, {""pt"": [0.0, -0.0], ""tr"": 0.0, ""roots"": [], ""stab"": [], ""k"": 188, ""redge"": 2.010328497117133e+17}]","{""kind"": ""scan_cap"", ""u_valid"": 39.999999999999815, ""r_valid"": 2.353852668369765e+17, ""D"": -30.844037821838683, ""sign"": -1}"
positive_infinity_010_fold,double_full_return,0,,[],"[{""pt"": [-2.351996744467728, 4.0916434959055], ""tr"": 5.229895716516206, ""roots"": [], ""stab"": [], ""k"": 23, ""redge"": 0.24951804818745074}, {""pt"": [0.0, -0.0], ""tr"": 0.0, ""roots"": [], ""stab"": [], ""k"": 55, ""redge"": 884.1507091035061}]","{""kind"": ""integration_failure"", ""status"": 1, ""u_failed"": 6.065600585937437, ""u_valid"": 6.065576171874937, ""r_valid"": 430.7708042054969, ""D"": 13.470145549093722, ""sign"": 1}"
negative_007_pair,double_full_return,2,US,"[5.264311162175984, 7.84320222688608]","[{""pt"": [-4.145443221221745, 5.463363440939329], ""tr"": -2.681827519077249, ""roots"": [57944.71938749432], ""stab"": [""U""], ""k"": 77, ""redge"": 198141.5411370989}, {""pt"": [0.0, -0.0], ""tr"": 0.0, ""roots"": [9.181997017602711, 11.789917546552921], ""stab"": [""U"", ""S""], ""k"": 188, ""redge"": 2.010328497117133e+17}]","{""kind"": ""scan_cap"", ""u_valid"": 39.999999999999815, ""r_valid"": 2.353852668369765e+17, ""D"": -30.887358697872948, ""sign"": -1}"
positive_infinity_010_pair,double_full_return,2,SU,"[15.805421717880433, 23.617448852096455]","[{""pt"": [-2.3508566072820813, 4.091127628358105], ""tr"": 5.23928130959398, ""roots"": [], ""stab"": [], ""k"": 23, ""redge"": 0.24709320780989547}, {""pt"": [0.0, -0.0], ""tr"": 0.0, ""roots"": [32.04831862582525, 52.8387446085732], ""stab"": [""S"", ""U""], ""k"": 55, ""redge"": 894.5727978811767}]","{""kind"": ""integration_failure"", ""status"": 1, ""u_failed"": 6.076660156249938, ""u_valid"": 6.076635742187438, ""r_valid"": 435.56138626318983, ""D"": 15.284665363588104, ""sign"": 1}"
positive_infinity_010_hopf_1,double_full_return,3,USU,"[0.24064381332298854, 9.17723102840688, 43.048941757681675]","[{""pt"": [-2.3507032181069643, 4.091058306178435], ""tr"": 5.238527644718287, ""roots"": [], ""stab"": [], ""k"": 23, ""redge"": 0.24709320780989547}, {""pt"": [0.0, -0.0], ""tr"": -0.0011418189823357637, ""roots"": [0.45714471326890904, 19.43828783880247, 87.11636215324636], ""stab"": [""U"", ""S"", ""U""], ""k"": 56, ""redge"": 995.0486157526195}]","{""kind"": ""integration_failure"", ""status"": 1, ""u_failed"": 6.183374023437439, ""u_valid"": 6.183349609374939, ""r_valid"": 484.61250332227036, ""D"": 13.417469379151438, ""sign"": 1}"
positive_infinity_010_hopf_0.1,double_full_return,3,USU,"[0.0632514773353189, 14.274266970413635, 26.301626195005223]","[{""pt"": [-2.3508412687109437, 4.091120695437566], ""tr"": 5.239205939056297, ""roots"": [], ""stab"": [], ""k"": 23, ""redge"": 0.24709320780989547}, {""pt"": [0.0, -0.0], ""tr"": -0.00011418189823357637, ""roots"": [0.13097415321081862, 32.04831862582525, 52.8387446085732], ""stab"": [""U"", ""S"", ""U""], ""k"": 55, ""redge"": 903.3516561112004}]","{""kind"": ""integration_failure"", ""status"": 1, ""u_failed"": 6.087011718749936, ""u_valid"": 6.086987304687437, ""r_valid"": 440.09354416340994, ""D"": 14.956465848284928, ""sign"": 1}"
negative_007_hopf_1,double_full_return,3,SUS,"[0.17551355913124345, 4.732778107386803, 8.441030806040407]","[{""pt"": [-4.145457159677484, 5.463375970596064], ""tr"": -2.68173127685563, ""roots"": [57944.71938749432], ""stab"": [""U""], ""k"": 77, ""redge"": 198141.5411370989}, {""pt"": [0.0, -0.0], ""tr"": 0.0001210042256861384, ""roots"": [0.277272284523134, 7.150946467468296, 15.13855379042673], ""stab"": [""S"", ""U"", ""S""], ""k"": 188, ""redge"": 2.010328497117133e+17}]","{""kind"": ""scan_cap"", ""u_valid"": 39.999999999999815, ""r_valid"": 2.353852668369765e+17, ""D"": -30.88709211806387, ""sign"": -1}"
negative_007_hopf_0.1,double_full_return,3,SUS,"[0.04991983062187691, 5.201101973650622, 7.913187410565642]","[{""pt"": [-4.1454446150686035, 5.463364693905595], ""tr"": -2.681817894858886, ""roots"": [57944.71938749432], ""stab"": [""U""], ""k"": 77, ""redge"": 198141.5411370989}, {""pt"": [0.0, -0.0], ""tr"": 1.2100422568613841e-05, ""roots"": [0.07943983955226135, 9.181997017602711, 15.13855379042673], ""stab"": [""S"", ""U"", ""S""], ""k"": 188, ""redge"": 2.010328497117133e+17}]","{""kind"": ""scan_cap"", ""u_valid"": 39.999999999999815, ""r_valid"": 2.353852668369765e+17, ""D"": -30.887332039611646, ""sign"": -1}"
positive_infinity_011_fold,double_full_return,0,,[],"[{""pt"": [-2.290656642115851, 4.065456048378263], ""tr"": 6.018797401935059, ""roots"": [], ""stab"": [], ""k"": 19, ""redge"": 0.10986130976812344}, {""pt"": [0.0, -0.0], ""tr"": 0.0, ""roots"": [], ""stab"": [], ""k"": 57, ""redge"": 1327.2674163605498}]","{""kind"": ""integration_failure"", ""status"": 1, ""u_failed"": 6.459252929687436, ""u_valid"": 6.459228515624936, ""r_valid"": 638.5682210815809, ""D"": 12.002120901602343, ""sign"": 1}"
positive_infinity_011_pair,double_full_return,2,SU,"[30.83849408103541, 46.10034958072872]","[{""pt"": [-2.2902602598847466, 4.065297693099443], ""tr"": 6.022711083250527, ""roots"": [], ""stab"": [], ""k"": 19, ""redge"": 0.10932618511139948}, {""pt"": [0.0, -0.0], ""tr"": 0.0, ""roots"": [67.84629106328036, 87.11636215324636], ""stab"": [""S"", ""U""], ""k"": 57, ""redge"": 1349.4860510460467}]","{""kind"": ""integration_failure"", ""status"": 1, ""u_failed"": 6.4754394531249355, ""u_valid"": 6.475415039062435, ""r_valid"": 648.9885273119712, ""D"": 11.873542576071815, ""sign"": 1}"
positive_infinity_011_hopf_1,double_full_return,3,USU,"[0.26569501668488793, 12.338068211270487, 224.73958861910407]","[{""pt"": [-2.2900142388732587, 4.06519948091635], ""tr"": 6.021516766031412, ""roots"": [], ""stab"": [], ""k"": 19, ""redge"": 0.10932618511139948}, {""pt"": [0.0, -0.0], ""tr"": -0.0018497202910521193, ""roots"": [0.45714471326890904, 24.9592556419146, 501.3200507709558], ""stab"": [""U"", ""S"", ""U""], ""k"": 59, ""redge"": 2472.4079814955217}]","{""kind"": ""integration_failure"", ""status"": 1, ""u_failed"": 7.081249999999935, ""u_valid"": 7.081225585937435, ""r_valid"": 1189.4253685846202, ""D"": 12.050921312536058, ""sign"": 1}"
positive_infinity_011_hopf_0.1,double_full_return,3,USU,"[0.06817068307127984, 24.642103007674663, 60.8755313569713]","[{""pt"": [-2.2902356586043946, 4.065287869672306], ""tr"": 6.022591639582494, ""roots"": [], ""stab"": [], ""k"": 19, ""redge"": 0.10932618511139948}, {""pt"": [0.0, -0.0], ""tr"": -0.00018497202910521194, ""roots"": [0.13097415321081862, 52.8387446085732, 111.85962321414235], ""stab"": [""U"", ""S"", ""U""], ""k"": 57, ""redge"": 1417.0141436112037}]","{""kind"": ""integration_failure"", ""status"": 1, ""u_failed"": 6.524511718749936, ""u_valid"": 6.524487304687437, ""r_valid"": 681.6302154335683, ""D"": 11.498404414645705, ""sign"": 1}"
negative_008_fold,double_full_return,0,,[],"[{""pt"": [-5.0514963769553995, 6.298318762306136], ""tr"": -5.267456767417705, ""roots"": [12929.214516687434], ""stab"": [""U""], ""k"": 68, ""redge"": 18811.896119537232}, {""pt"": [0.0, -0.0], ""tr"": 0.0, ""roots"": [], ""stab"": [], ""k"": 188, ""redge"": 2.010328497117133e+17}]","{""kind"": ""scan_cap"", ""u_valid"": 39.999999999999815, ""r_valid"": 2.353852668369765e+17, ""D"": -33.10257860645651, ""sign"": -1}"
negative_008_pair,double_full_return,2,US,"[5.3963815999273645, 8.04483660319101]","[{""pt"": [-5.075077655026297, 6.320471751692548], ""tr"": -5.3293500382876005, ""roots"": [12929.214516687434], ""stab"": [""U""], ""k"": 67, ""redge"": 18340.263184692223}, {""pt"": [0.0, -0.0], ""tr"": 0.0, ""roots"": [9.181997017602711, 11.789917546552921], ""stab"": [""U"", ""S""], ""k"": 188, ""redge"": 2.010328497117133e+17}]","{""kind"": ""scan_cap"", ""u_valid"": 39.999999999999815, ""r_valid"": 2.353852668369765e+17, ""D"": -33.12575471620422, ""sign"": -1}"
negative_008_hopf_1,double_full_return,3,SUS,"[0.1825361384798809, 4.898748006362627, 8.583640500303463]","[{""pt"": [-5.075100730721846, 6.32049343781767], ""tr"": -5.329179698940913, ""roots"": [12929.214516687434], ""stab"": [""U""], ""k"": 67, ""redge"": 18340.263184692223}, {""pt"": [0.0, -0.0], ""tr"": 0.00021240790044274702, ""roots"": [0.277272284523134, 7.150946467468296, 15.13855379042673], ""stab"": [""S"", ""U"", ""S""], ""k"": 188, ""redge"": 2.010328497117133e+17}]","{""kind"": ""scan_cap"", ""u_valid"": 39.999999999999815, ""r_valid"": 2.353852668369765e+17, ""D"": -33.125484298948734, ""sign"": -1}"
positive_infinity_012_fold,double_full_return,0,,[],"[{""pt"": [-2.2610408468626835, 4.054036571376983], ""tr"": 6.596405622243908, ""roots"": [], ""stab"": [], ""k"": 17, ""redge"": 0.059381597679844494}, {""pt"": [0.0, -0.0], ""tr"": 0.0, ""roots"": [], ""stab"": [], ""k"": 61, ""redge"": 3317.2558154804424}]","{""kind"": ""integration_failure"", ""status"": 1, ""u_failed"": 7.368872070312435, ""u_valid"": 7.368847656249935, ""r_valid"": 1585.8053368787535, ""D"": 14.541280746742155, ""sign"": 1}"
positive_infinity_012_pair,double_full_return,2,SU,"[83.66248949872364, 125.10474730865033]","[{""pt"": [-2.2609511473740858, 4.054003282726423], ""tr"": 6.597420317997994, ""roots"": [], ""stab"": [], ""k"": 17, ""redge"": 0.05926573118458329}, {""pt"": [0.0, -0.0], ""tr"": 0.0, ""roots"": [184.42534012565832, 236.80682420262687], ""stab"": [""S"", ""U""], ""k"": 61, ""redge"": 3379.3810351690004}]","{""kind"": ""integration_failure"", ""status"": 1, ""u_failed"": 7.388110351562435, ""u_valid"": 7.388085937499935, ""r_valid"": 1616.6088593159038, ""D"": 10.306121389290851, ""sign"": 1}"
positive_infinity_012_hopf_1,double_full_return,2,US,"[0.257878477778889, 18.238443285376643]","[{""pt"": [-2.26065126439639, 4.053892050521972], ""tr"": 6.595961389522799, ""roots"": [], ""stab"": [], ""k"": 17, ""redge"": 0.05926573118458329}, {""pt"": [0.0, -0.0], ""tr"": -0.002276871960969347, ""roots"": [0.45714471326890904, 41.15085567766678], ""stab"": [""U"", ""S""], ""k"": 188, ""redge"": 2.010328497117133e+17}]","{""kind"": ""scan_cap"", ""u_valid"": 39.999999999999815, ""r_valid"": 2.353852668369765e+17, ""D"": -33.35344956587776, ""sign"": -1}"
negative_008_hopf_0.1,double_full_return,3,SUS,"[0.05200801966499298, 5.33835219661081, 8.107130134218838]","[{""pt"": [-5.075079962598128, 6.32047392030649], ""tr"": -5.329333004358876, ""roots"": [12929.214516687434], ""stab"": [""U""], ""k"": 67, ""redge"": 18340.263184692223}, {""pt"": [0.0, -0.0], ""tr"": 2.1240790044274705e-05, ""roots"": [0.07943983955226135, 9.181997017602711, 11.789917546552921], ""stab"": [""S"", ""U"", ""S""], ""k"": 188, ""redge"": 2.010328497117133e+17}]","{""kind"": ""scan_cap"", ""u_valid"": 39.999999999999815, ""r_valid"": 2.353852668369765e+17, ""D"": -33.125727673925475, ""sign"": -1}"
positive_infinity_012_hopf_0.1,double_full_return,3,USU,"[0.06632044314363333, 50.453343127240366, 308.144682867307]","[{""pt"": [-2.260921160199264, 4.053992155884649], ""tr"": 6.5972744060582915, ""roots"": [], ""stab"": [], ""k"": 17, ""redge"": 0.05926573118458329}, {""pt"": [0.0, -0.0], ""tr"": -0.0002276871960969347, ""roots"": [0.13097415321081862, 111.85962321414235, 643.7076870850963], ""stab"": [""U"", ""S"", ""U""], ""k"": 62, ""redge"": 4637.144730570254}]","{""kind"": ""integration_failure"", ""status"": 1, ""u_failed"": 7.703857421874932, ""u_valid"": 7.703833007812431, ""r_valid"": 2216.8288502074183, ""D"": 11.992022246628935, ""sign"": 1}"
negative_009_fold,double_full_return,0,,[],"[{""pt"": [-5.9819308960648545, 7.1826562816357145], ""tr"": -7.747687812815044, ""roots"": [6107.328490896728], ""stab"": [""U""], ""k"": 64, ""redge"": 7849.626919885869}, {""pt"": [0.0, -0.0], ""tr"": 0.0, ""roots"": [], ""stab"": [], ""k"": 188, ""redge"": 2.010328497117133e+17}]","{""kind"": ""scan_cap"", ""u_valid"": 39.999999999999815, ""r_valid"": 2.353852668369765e+17, ""D"": -33.91220196345315, ""sign"": -1}"
positive_infinity_013_fold,double_full_return,0,,[],"[{""pt"": [-2.2523292320769626, 4.050841296146187], ""tr"": 6.839674821762501, ""roots"": [], ""stab"": [], ""k"": 16, ""redge"": 0.04552945025831408}, {""pt"": [0.0, -0.0], ""tr"": 0.0, ""roots"": [], ""stab"": [], ""k"": 64, ""redge"": 7468.254598588255}]","{""kind"": ""integration_failure"", ""status"": 1, ""u_failed"": 8.17910156249993, ""u_valid"": 8.17907714843743, ""r_valid"": 3565.5626569717606, ""D"": 11.449174426256088, ""sign"": 1}"
positive_infinity_013_pair,double_full_return,2,SU,"[182.78700301074625, 273.38126050525574]","[{""pt"": [-2.2523001110976515, 4.050830743761647], ""tr"": 6.840023740986883, ""roots"": [], ""stab"": [], ""k"": 16, ""redge"": 0.04552945025831408}, {""pt"": [0.0, -0.0], ""tr"": 0.0, ""roots"": [390.4284481098168, 643.7076870850963], ""stab"": [""S"", ""U""], ""k"": 64, ""redge"": 7622.9934177679015}]","{""kind"": ""integration_failure"", ""status"": 1, ""u_failed"": 8.199609374999932, ""u_valid"": 8.199584960937432, ""r_valid"": 3639.4394842769243, ""D"": 10.422936017342128, ""sign"": 1}"
positive_infinity_013_hopf_1,double_full_return,2,US,"[0.23896413625376864, 23.649151313337967]","[{""pt"": [-2.2520038495816204, 4.050723438450431], ""tr"": 6.838576813101694, ""roots"": [], ""stab"": [], ""k"": 16, ""redge"": 0.04552945025831408}, {""pt"": [0.0, -0.0], ""tr"": -0.0022594524270347794, ""roots"": [0.45714471326890904, 52.8387446085732], ""stab"": [""U"", ""S""], ""k"": 188, ""redge"": 2.010328497117133e+17}]","{""kind"": ""scan_cap"", ""u_valid"": 39.999999999999815, ""r_valid"": 2.353852668369765e+17, ""D"": -33.97435966943203, ""sign"": -1}"
positive_infinity_013_hopf_0.1,double_full_return,3,USU,"[0.062279434471896426, 80.7554810101705, 7788.307314097471]","[{""pt"": [-2.252270485999842, 4.050820009589049], ""tr"": 6.839879029119903, ""roots"": [], ""stab"": [], ""k"": 16, ""redge"": 0.04552945025831408}, {""pt"": [0.0, -0.0], ""tr"": -0.00022594524270347794, ""roots"": [0.13097415321081862, 184.42534012565832, 16601.440057234777], ""stab"": [""U"", ""S"", ""U""], ""k"": 72, ""redge"": 59029.90202699436}]","{""kind"": ""integration_failure"", ""status"": 1, ""u_failed"": 10.246118164062425, ""u_valid"": 10.246093749999925, ""r_valid"": 28172.278738939578, ""D"": 10.988206557180078, ""sign"": 1}"
negative_009_pair,double_full_return,2,US,"[5.672361428781197, 8.46019780669483]","[{""pt"": [-6.016328740484436, 7.215677716943948], ""tr"": -7.833777743321263, ""roots"": [6107.328490896728], ""stab"": [""U""], ""k"": 64, ""redge"": 7735.480226994553}, {""pt"": [0.0, -0.0], ""tr"": 0.0, ""roots"": [9.181997017602711, 15.13855379042673], ""stab"": [""U"", ""S""], ""k"": 188, ""redge"": 2.010328497117133e+17}]","{""kind"": ""scan_cap"", ""u_valid"": 39.999999999999815, ""r_valid"": 2.353852668369765e+17, ""D"": -33.925406625206655, ""sign"": -1}"
negative_009_hopf_1,double_full_return,3,SUS,"[0.19161422682466728, 5.167329234976618, 8.996294518428043]","[{""pt"": [-6.01635938354159, 7.215707142253008], ""tr"": -7.8335415208426635, ""roots"": [6107.328490896728], ""stab"": [""U""], ""k"": 64, ""redge"": 7735.480226994553}, {""pt"": [0.0, -0.0], ""tr"": 0.0002938247350048025, ""roots"": [0.277272284523134, 9.181997017602711, 15.13855379042673], ""stab"": [""S"", ""U"", ""S""], ""k"": 188, ""redge"": 2.010328497117133e+17}]","{""kind"": ""scan_cap"", ""u_valid"": 39.999999999999815, ""r_valid"": 2.353852668369765e+17, ""D"": -33.92512004908698, ""sign"": -1}"
negative_009_hopf_0.1,double_full_return,3,SUS,"[0.054555446170083184, 5.6139318869140045, 8.521888265711375]","[{""pt"": [-6.016331804792932, 7.215680659476854], ""tr"": -7.833754121080249, ""roots"": [6107.328490896728], ""stab"": [""U""], ""k"": 64, ""redge"": 7735.480226994553}, {""pt"": [0.0, -0.0], ""tr"": 2.938247350048025e-05, ""roots"": [0.07943983955226135, 9.181997017602711, 15.13855379042673], ""stab"": [""S"", ""U"", ""S""], ""k"": 188, ""redge"": 2.010328497117133e+17}]","{""kind"": ""scan_cap"", ""u_valid"": 39.999999999999815, ""r_valid"": 2.353852668369765e+17, ""D"": -33.925377966790286, ""sign"": -1}"
positive_infinity_014_fold,double_full_return,0,,[],"[{""pt"": [-2.24582027210934, 4.048504272672974], ""tr"": 7.06731245834929, ""roots"": [], ""stab"": [], ""k"": 15, ""redge"": 0.03535464158851712}, {""pt"": [0.0, -0.0], ""tr"": 0.0, ""roots"": [], ""stab"": [], ""k"": 69, ""redge"": 29740.128283877224}]","{""kind"": ""integration_failure"", ""status"": 1, ""u_failed"": 9.559448242187425, ""u_valid"": 9.559423828124924, ""r_valid"": 14177.675068207283, ""D"": 9.719815253004533, ""sign"": 1}"
positive_infinity_014_pair,double_full_return,2,SU,"[650.8367999696665, 973.6589286805039]","[{""pt"": [-2.245815425885723, 4.048502548891156], ""tr"": 7.067373750319436, ""roots"": [], ""stab"": [], ""k"": 15, ""redge"": 0.03535464158851712}, {""pt"": [0.0, -0.0], ""tr"": 0.0, ""roots"": [1362.7291842528552, 2246.7605922815164], ""stab"": [""S"", ""U""], ""k"": 69, ""redge"": 30385.98947168283}]","{""kind"": ""integration_failure"", ""status"": 1, ""u_failed"": 9.581249999999924, ""u_valid"": 9.581225585937425, ""r_valid"": 14490.167369489483, ""D"": 9.82479936293629, ""sign"": 1}"
positive_infinity_014_hopf_1,double_full_return,2,US,"[0.223284448858018, 30.401146351705535]","[{""pt"": [-2.2455224468863166, 4.048398382603013], ""tr"": 7.065935733026593, ""roots"": [], ""stab"": [], ""k"": 15, ""redge"": 0.03535464158851712}, {""pt"": [0.0, -0.0], ""tr"": -0.002243996130779646, ""roots"": [0.45714471326890904, 67.84629106328036], ""stab"": [""U"", ""S""], ""k"": 188, ""redge"": 2.010328497117133e+17}]","{""kind"": ""scan_cap"", ""u_valid"": 39.999999999999815, ""r_valid"": 2.353852668369765e+17, ""D"": -34.28863266027346, ""sign"": -1}"
positive_infinity_014_hopf_0.1,double_full_return,2,US,"[0.058831549403354964, 137.89707921555296]","[{""pt"": [-2.24578612897718, 4.048492128618565], ""tr"": 7.067229929575959, ""roots"": [], ""stab"": [], ""k"": 15, ""redge"": 0.03535464158851712}, {""pt"": [0.0, -0.0], ""tr"": -0.0002243996130779646, ""roots"": [0.10200277308269971, 304.0659811212787], ""stab"": [""U"", ""S""], ""k"": 188, ""redge"": 2.010328497117133e+17}]","{""kind"": ""scan_cap"", ""u_valid"": 39.999999999999815, ""r_valid"": 2.353852668369765e+17, ""D"": -32.046485235822715, ""sign"": -1}"
negative_010_fold,double_full_return,0,,[],"[{""pt"": [-7.776337658450374, 8.923909997729094], ""tr"": -12.319892673166729, ""roots"": [3613.1757627074176], ""stab"": [""U""], ""k"": 61, ""redge"": 3993.5667525510235}, {""pt"": [0.0, -0.0], ""tr"": 0.0, ""roots"": [], ""stab"": [], ""k"": 188, ""redge"": 2.010328497117133e+17}]","{""kind"": ""scan_cap"", ""u_valid"": 39.999999999999815, ""r_valid"": 2.353852668369765e+17, ""D"": -34.536526706837776, ""sign"": -1}"
negative_010_pair,double_full_return,2,US,"[6.3377518099189025, 9.457293950130532]","[{""pt"": [-7.827216395831889, 8.973688975873516], ""tr"": -12.441941196433167, ""roots"": [3604.365292163129], ""stab"": [""U""], ""k"": 61, ""redge"": 3974.114444526719}, {""pt"": [0.0, -0.0], ""tr"": 0.0, ""roots"": [9.181997017602711, 15.13855379042673], ""stab"": [""U"", ""S""], ""k"": 188, ""redge"": 2.010328497117133e+17}]","{""kind"": ""scan_cap"", ""u_valid"": 39.999999999999815, ""r_valid"": 2.353852668369765e+17, ""D"": -34.540288719403506, ""sign"": -1}"
negative_010_hopf_1,double_full_return,3,SUS,"[0.21030210867986232, 5.777303285989275, 10.041822134202734]","[{""pt"": [-7.827260634707179, 8.97373226564454], ""tr"": -12.441582388276478, ""roots"": [3604.365292163129], ""stab"": [""U""], ""k"": 61, ""redge"": 3974.114444526719}, {""pt"": [0.0, -0.0], ""tr"": 0.0004460441079078142, ""roots"": [0.3560246606707792, 9.181997017602711, 15.13855379042673], ""stab"": [""S"", ""U"", ""S""], ""k"": 188, ""redge"": 2.010328497117133e+17}]","{""kind"": ""scan_cap"", ""u_valid"": 39.999999999999815, ""r_valid"": 2.353852668369765e+17, ""D"": -34.53995965630402, ""sign"": -1}"
negative_010_hopf_0.1,double_full_return,3,SUS,"[0.05964687823268572, 6.273140084437051, 9.524490697907629]","[{""pt"": [-7.827220819722713, 8.97369330485329], ""tr"": -12.441905315625254, ""roots"": [3604.365292163129], ""stab"": [""U""], ""k"": 61, ""redge"": 3974.114444526719}, {""pt"": [0.0, -0.0], ""tr"": 4.460441079078142e-05, ""roots"": [0.10200277308269971, 9.181997017602711, 15.13855379042673], ""stab"": [""S"", ""U"", ""S""], ""k"": 188, ""redge"": 2.010328497117133e+17}]","{""kind"": ""scan_cap"", ""u_valid"": 39.999999999999815, ""r_valid"": 2.353852668369765e+17, ""D"": -34.5402558117697, ""sign"": -1}"
positive_infinity_015_fold,double_full_return,2,SU,"[2980.7305702246927, 2981.1275295557275]","[{""pt"": [-2.242530789406892, 4.047339819915777], ""tr"": 7.200481808701655, ""roots"": [], ""stab"": [], ""k"": 14, ""redge"": 0.030418137612858807}, {""pt"": [0.0, -0.0], ""tr"": 0.0, ""roots"": [], ""stab"": [], ""k"": 75, ""redge"": 129817.55829445756}]","{""kind"": ""integration_failure"", ""status"": 1, ""u_failed"": 11.032519531249921, ""u_valid"": 11.032495117187421, ""r_valid"": 61851.71570363196, ""D"": 10.270833978962093, ""sign"": 1}"
positive_infinity_015_pair,double_full_return,2,SU,"[2473.3339424289784, 3700.8581466637925]","[{""pt"": [-2.242530028074699, 4.047339551712129], ""tr"": 7.200491749956654, ""roots"": [], ""stab"": [], ""k"": 14, ""redge"": 0.030418137612858807}, {""pt"": [0.0, -0.0], ""tr"": 0.0, ""roots"": [4756.392211184673, 7841.965010372586], ""stab"": [""S"", ""U""], ""k"": 75, ""redge"": 132766.3749807762}]","{""kind"": ""integration_failure"", ""status"": 1, ""u_failed"": 11.05510253906242, ""u_valid"": 11.05507812499992, ""r_valid"": 63264.40482950237, ""D"": 9.448437974033482, ""sign"": 1}"
positive_infinity_015_hopf_1,double_full_return,2,US,"[0.1967562819666584, 39.14882568274512]","[{""pt"": [-2.2422766248490253, 4.047250315891091], ""tr"": 7.199243815163441, ""roots"": [], ""stab"": [], ""k"": 14, ""redge"": 0.030418137612858807}, {""pt"": [0.0, -0.0], ""tr"": -0.0019458097075354174, ""roots"": [0.3560246606707792, 87.11636215324636], ""stab"": [""U"", ""S""], ""k"": 188, ""redge"": 2.010328497117133e+17}]","{""kind"": ""scan_cap"", ""u_valid"": 39.999999999999815, ""r_valid"": 2.353852668369765e+17, ""D"": -34.29745786127712, ""sign"": -1}"
positive_infinity_015_hopf_0.1,double_full_return,2,US,"[0.05291653042491289, 208.35026528265374]","[{""pt"": [-2.242504688476513, 4.047330625371884], ""tr"": 7.200366942109494, ""roots"": [], ""stab"": [], ""k"": 14, ""redge"": 0.030418137612858807}, {""pt"": [0.0, -0.0], ""tr"": -0.00019458097075354176, ""roots"": [0.10200277308269971, 390.4284481098168], ""stab"": [""U"", ""S""], ""k"": 188, ""redge"": 2.010328497117133e+17}]","{""kind"": ""scan_cap"", ""u_valid"": 39.999999999999815, ""r_valid"": 2.353852668369765e+17, ""D"": -32.22930252799372, ""sign"": -1}"
negative_011_fold,double_full_return,0,,[],"[{""pt"": [-11.835428285986184, 12.927718131260999], ""tr"": -22.32101740066748, ""roots"": [2615.211335237247], ""stab"": [""U""], ""k"": 60, ""redge"": 2686.395627067097}, {""pt"": [0.0, -0.0], ""tr"": 0.0, ""roots"": [], ""stab"": [], ""k"": 188, ""redge"": 2.010328497117133e+17}]","{""kind"": ""scan_cap"", ""u_valid"": 39.999999999999815, ""r_valid"": 2.353852668369765e+17, ""D"": -34.91295407426706, ""sign"": -1}"
negative_011_pair,double_full_return,2,US,"[7.991298563363186, 11.92876149082107]","[{""pt"": [-11.912464944598524, 13.004103268760563], ""tr"": -22.500399685400943, ""roots"": [2617.7664999927892], ""stab"": [""U""], ""k"": 60, ""redge"": 2691.647620756736}, {""pt"": [0.0, -0.0], ""tr"": 0.0, ""roots"": [11.789917546552921, 19.43828783880247], ""stab"": [""U"", ""S""], ""k"": 188, ""redge"": 2.010328497117133e+17}]","{""kind"": ""scan_cap"", ""u_valid"": 39.999999999999815, ""r_valid"": 2.353852668369765e+17, ""D"": -34.90918943691537, ""sign"": -1}"
positive_infinity_016_fold,double_full_return,2,SU,"[22017.28666165519, 22033.680908694605]","[{""pt"": [-2.2399583588237357, 4.0464370545668995], ""tr"": 7.311793710399063, ""roots"": [], ""stab"": [], ""k"": 14, ""redge"": 0.02676538304079523}, {""pt"": [0.0, -0.0], ""tr"": 0.0, ""roots"": [], ""stab"": [], ""k"": 84, ""redge"": 1164987.9289568898}]","{""kind"": ""integration_failure"", ""status"": 1, ""u_failed"": 13.226538085937412, ""u_valid"": 13.226513671874912, ""r_valid"": 554883.6171306028, ""D"": 9.04879151917163, ""sign"": 1}"
positive_infinity_016_pair,double_full_return,2,SU,"[18281.912234785763, 27360.023022597088]","[{""pt"": [-2.239958308254342, 4.04643703688824], ""tr"": 7.311794388774158, ""roots"": [], ""stab"": [], ""k"": 14, ""redge"": 0.02676538304079523}, {""pt"": [0.0, -0.0], ""tr"": 0.0, ""roots"": [35145.24887696035, 57944.71938749432], ""stab"": [""S"", ""U""], ""k"": 84, ""redge"": 1192614.8215420987}]","{""kind"": ""integration_failure"", ""status"": 1, ""u_failed"": 13.249755859374911, ""u_valid"": 13.249731445312412, ""r_valid"": 567917.5026335969, ""D"": 10.585072220749291, ""sign"": 1}"
negative_011_hopf_1,double_full_return,3,SUS,"[0.2505919440324993, 7.240240125696872, 12.704740895717478]","[{""pt"": [-11.91254025220582, 13.004177943970381], ""tr"": -22.49975502797833, ""roots"": [2617.7664999927892], ""stab"": [""U""], ""k"": 60, ""redge"": 2691.647620756736}, {""pt"": [0.0, -0.0], ""tr"": 0.0008028489390645949, ""roots"": [0.3560246606707792, 11.789917546552921, 19.43828783880247], ""stab"": [""S"", ""U"", ""S""], ""k"": 188, ""redge"": 2.010328497117133e+17}]","{""kind"": ""scan_cap"", ""u_valid"": 39.999999999999815, ""r_valid"": 2.353852668369765e+17, ""D"": -34.908752465159665, ""sign"": -1}"
positive_infinity_016_hopf_1,double_full_return,2,US,"[0.16211819674654443, 54.51943381607156]","[{""pt"": [-2.2397649777490165, 4.0463694696872015], ""tr"": 7.310839479877512, ""roots"": [], ""stab"": [], ""k"": 14, ""redge"": 0.02676538304079523}, {""pt"": [0.0, -0.0], ""tr"": -0.001487713661626617, ""roots"": [0.277272284523134, 111.85962321414235], ""stab"": [""U"", ""S""], ""k"": 188, ""redge"": 2.010328497117133e+17}]","{""kind"": ""scan_cap"", ""u_valid"": 39.999999999999815, ""r_valid"": 2.353852668369765e+17, ""D"": -34.16596418123757, ""sign"": -1}"
positive_infinity_016_hopf_0.1,double_full_return,2,US,"[0.04482086557158983, 324.3780151821687]","[{""pt"": [-2.2399389756170107, 4.046430278547774], ""tr"": 7.311698889453817, ""roots"": [], ""stab"": [], ""k"": 14, ""redge"": 0.02676538304079523}, {""pt"": [0.0, -0.0], ""tr"": -0.00014877136616266173, ""roots"": [0.07943983955226135, 643.7076870850963], ""stab"": [""U"", ""S""], ""k"": 188, ""redge"": 2.010328497117133e+17}]","{""kind"": ""scan_cap"", ""u_valid"": 39.999999999999815, ""r_valid"": 2.353852668369765e+17, ""D"": -32.154750862448786, ""sign"": -1}"
negative_011_hopf_0.1,double_full_return,3,SUS,"[0.07028480427957846, 7.904116053690733, 12.018679463022536]","[{""pt"": [-11.912472475363192, 13.004110736285055], ""tr"": -22.50033521966779, ""roots"": [2617.7664999927892], ""stab"": [""U""], ""k"": 60, ""redge"": 2691.647620756736}, {""pt"": [0.0, -0.0], ""tr"": 8.02848939064595e-05, ""roots"": [0.10200277308269971, 11.789917546552921, 19.43828783880247], ""stab"": [""S"", ""U"", ""S""], ""k"": 188, ""redge"": 2.010328497117133e+17}]","{""kind"": ""scan_cap"", ""u_valid"": 39.999999999999815, ""r_valid"": 2.353852668369765e+17, ""D"": -34.90914573697261, ""sign"": -1}"
positive_infinity_017_fold,double_full_return,2,SU,"[162504.14562599958, 163060.91529624595]","[{""pt"": [-2.2385389994212983, 4.045941915653445], ""tr"": 7.375306524558086, ""roots"": [], ""stab"": [], ""k"": 13, ""redge"": 0.024875097123516283}, {""pt"": [0.0, -0.0], ""tr"": 0.0, ""roots"": [], ""stab"": [], ""k"": 93, ""redge"": 10152802.624902932}]","{""kind"": ""integration_failure"", ""status"": 1, ""u_failed"": 15.390478515624906, ""u_valid"": 15.390454101562407, ""r_valid"": 4830468.899518596, ""D"": 9.421022810151085, ""sign"": 1}"
positive_infinity_017_pair,double_full_return,2,SU,"[135110.75631187292, 202220.991886243]","[{""pt"": [-2.2385389958417683, 4.045941914407408], ""tr"": 7.375306573328327, ""roots"": [], ""stab"": [], ""k"": 13, ""redge"": 0.024875097123516283}, {""pt"": [0.0, -0.0], ""tr"": 0.0, ""roots"": [259690.21556273944, 428156.78219099], ""stab"": [""S"", ""U""], ""k"": 93, ""redge"": 10393569.40075113}]","{""kind"": ""integration_failure"", ""status"": 1, ""u_failed"": 15.413964843749905, ""u_valid"": 15.413940429687406, ""r_valid"": 4945261.630297546, ""D"": 9.58219339225362, ""sign"": 1}"
positive_infinity_017_hopf_1,double_full_return,2,US,"[0.1390264083416007, 70.18747220732983]","[{""pt"": [-2.2383858695443903, 4.045888623405678], ""tr"": 7.374548937477682, ""roots"": [], ""stab"": [], ""k"": 13, ""redge"": 0.024875097123516283}, {""pt"": [0.0, -0.0], ""tr"": -0.0011797863069972446, ""roots"": [0.277272284523134, 143.63059930807287], ""stab"": [""U"", ""S""], ""k"": 188, ""redge"": 2.010328497117133e+17}]","{""kind"": ""scan_cap"", ""u_valid"": 39.999999999999815, ""r_valid"": 2.353852668369765e+17, ""D"": -34.023694768846546, ""sign"": -1}"
positive_infinity_017_hopf_0.1,double_full_return,2,US,"[0.039161419925780455, 439.4459270029946]","[{""pt"": [-2.238523683468214, 4.045936584285515], ""tr"": 7.375230804430563, ""roots"": [], ""stab"": [], ""k"": 13, ""redge"": 0.024875097123516283}, {""pt"": [0.0, -0.0], ""tr"": -0.00011797863069972446, ""roots"": [0.07943983955226135, 826.537031134543], ""stab"": [""U"", ""S""], ""k"": 188, ""redge"": 2.010328497117133e+17}]","{""kind"": ""scan_cap"", ""u_valid"": 39.999999999999815, ""r_valid"": 2.353852668369765e+17, ""D"": -32.03416890989477, ""sign"": -1}"
positive_infinity_018_fold,double_full_return,2,SU,"[8623486.23440518, 9156733.431768788]","[{""pt"": [-2.23702307904448, 4.045415433997498], ""tr"": 7.444621414949776, ""roots"": [], ""stab"": [], ""k"": 13, ""redge"": 0.022916013313138143}, {""pt"": [0.0, -0.0], ""tr"": 0.0, ""roots"": [18205689.644426107, 23376568.23177193], ""stab"": [""S"", ""U""], ""k"": 110, ""redge"": 720860113.0887278}]","{""kind"": ""integration_failure"", ""status"": 1, ""u_failed"": 19.64714355468739, ""u_valid"": 19.647119140624888, ""r_valid"": 340906614.7230364, ""D"": 8.63879220768159, ""sign"": 1}"
positive_infinity_018_pair,double_full_return,2,SU,"[7366844.351305997, 11045049.77164819]","[{""pt"": [-2.237023079024109, 4.045415433990439], ""tr"": 7.444621415232117, ""roots"": [], ""stab"": [], ""k"": 13, ""redge"": 0.022916013313138143}, {""pt"": [0.0, -0.0], ""tr"": 0.0, ""roots"": [14178605.351434018, 23376568.23177193], ""stab"": [""S"", ""U""], ""k"": 110, ""redge"": 737954818.0365255}]","{""kind"": ""integration_failure"", ""status"": 1, ""u_failed"": 19.670776367187386, ""u_valid"": 19.67075195312489, ""r_valid"": 349059151.0745195, ""D"": 7.499091528824984, ""sign"": 1}"
positive_infinity_018_hopf_1,double_full_return,2,US,"[0.1113661903633476, 100.52993309771267]","[{""pt"": [-2.2369158897882624, 4.0453782987974805], ""tr"": 7.444090052651021, ""roots"": [], ""stab"": [], ""k"": 13, ""redge"": 0.022916013313138143}, {""pt"": [0.0, -0.0], ""tr"": -0.0008269722482012573, ""roots"": [0.21593987231061418, 236.80682420262687], ""stab"": [""U"", ""S""], ""k"": 188, ""redge"": 2.010328497117133e+17}]","{""kind"": ""scan_cap"", ""u_valid"": 39.999999999999815, ""r_valid"": 2.353852668369765e+17, ""D"": -33.78391602861074, ""sign"": -1}"
positive_infinity_018_hopf_0.1,double_full_return,2,US,"[0.032087787184820415, 656.8684692670963]","[{""pt"": [-2.2370123602244303, 4.045411719967749], ""tr"": 7.444568276358089, ""roots"": [], ""stab"": [], ""k"": 13, ""redge"": 0.022916013313138143}, {""pt"": [0.0, -0.0], ""tr"": -8.269722482012574e-05, ""roots"": [0.0618678092503679, 1362.7291842528552], ""stab"": [""U"", ""S""], ""k"": 188, ""redge"": 2.010328497117133e+17}]","{""kind"": ""scan_cap"", ""u_valid"": 39.999999999999815, ""r_valid"": 2.353852668369765e+17, ""D"": -31.816094905284494, ""sign"": -1}"
positive_infinity_019_fold,binary128_matching,0,,[],"[{""pt"": [-2.2362259114974283, 4.045139549934848], ""tr"": 7.481699929365006, ""roots"": [], ""stab"": [], ""k"": 13, ""redge"": 0.021930768935644912}, {""pt"": [0.0, -0.0], ""tr"": 0.0, ""roots"": [365671051.5652159], ""stab"": [""S""], ""k"": 188, ""redge"": 2.010328497117133e+17}]","{""kind"": ""scan_cap"", ""u_valid"": 40.0, ""F"": 3.131880287943014e-13, ""sign"": 1, ""r_valid"": 2.3538526683701997e+17}"
negative_012_fold,double_full_return,0,,[],"[{""pt"": [-18.90023113230062, 19.956096332733452], ""tr"": -39.48819833734879, ""roots"": [2569.6425041447546], ""stab"": [""U""], ""k"": 60, ""redge"": 2593.592887156294}, {""pt"": [0.0, -0.0], ""tr"": 0.0, ""roots"": [], ""stab"": [], ""k"": 188, ""redge"": 2.010328497117133e+17}]","{""kind"": ""scan_cap"", ""u_valid"": 39.999999999999815, ""r_valid"": 2.353852668369765e+17, ""D"": -34.964989892090315, ""sign"": -1}"
negative_012_pair,double_full_return,2,US,"[10.861180309128004, 16.213344836050332]","[{""pt"": [-19.008632684863088, 20.064161609101767], ""tr"": -39.7377347995739, ""roots"": [2575.9237097820815], ""stab"": [""U""], ""k"": 60, ""redge"": 2606.2878833459717}, {""pt"": [0.0, -0.0], ""tr"": 0.0, ""roots"": [15.13855379042673, 24.9592556419146], ""stab"": [""U"", ""S""], ""k"": 188, ""redge"": 2.010328497117133e+17}]","{""kind"": ""scan_cap"", ""u_valid"": 39.999999999999815, ""r_valid"": 2.353852668369765e+17, ""D"": -34.95777319614868, ""sign"": -1}"
negative_012_hopf_1,double_full_return,3,SUS,"[0.31009714846348096, 9.710945843067819, 17.405445941487837]","[{""pt"": [-19.008764525359695, 20.064293043076265], ""tr"": -39.73656462801273, ""roots"": [2575.9237097820815], ""stab"": [""U""], ""k"": 60, ""redge"": 2606.2878833459717}, {""pt"": [0.0, -0.0], ""tr"": 0.0014612289131604407, ""roots"": [0.45714471326890904, 15.13855379042673, 24.9592556419146], ""stab"": [""S"", ""U"", ""S""], ""k"": 188, ""redge"": 2.010328497117133e+17}]","{""kind"": ""scan_cap"", ""u_valid"": 39.999999999999815, ""r_valid"": 2.353852668369765e+17, ""D"": -34.95715764489336, ""sign"": -1}"
negative_012_hopf_0.1,double_full_return,3,SUS,"[0.08542002545942043, 10.725248023373409, 16.353838900815607]","[{""pt"": [-19.00864586891733, 20.06417475250352], ""tr"": -39.73761778242843, ""roots"": [2575.9237097820815], ""stab"": [""U""], ""k"": 60, ""redge"": 2606.2878833459717}, {""pt"": [0.0, -0.0], ""tr"": 0.00014612289131604408, ""roots"": [0.13097415321081862, 15.13855379042673, 24.9592556419146], ""stab"": [""S"", ""U"", ""S""], ""k"": 188, ""redge"": 2.010328497117133e+17}]","{""kind"": ""scan_cap"", ""u_valid"": 39.999999999999815, ""r_valid"": 2.353852668369765e+17, ""D"": -34.95771163504322, ""sign"": -1}"
negative_013_fold,double_full_return,0,,[],"[{""pt"": [-25.263237044391122, 26.30445166048585], ""tr"": -54.923606979880866, ""roots"": [2678.5368448874206], ""stab"": [""U""], ""k"": 60, ""redge"": 2818.069122327664}, {""pt"": [0.0, -0.0], ""tr"": 0.0, ""roots"": [], ""stab"": [], ""k"": 188, ""redge"": 2.010328497117133e+17}]","{""kind"": ""scan_cap"", ""u_valid"": 39.999999999999815, ""r_valid"": 2.353852668369765e+17, ""D"": -34.90074772491985, ""sign"": -1}"
negative_013_pair,double_full_return,2,US,"[13.357446399946108, 19.93877610438282]","[{""pt"": [-25.39366921966939, 26.43466346251965], ""tr"": -55.223026467754266, ""roots"": [2686.395627067097], ""stab"": [""U""], ""k"": 60, ""redge"": 2834.6297160755867}, {""pt"": [0.0, -0.0], ""tr"": 0.0, ""roots"": [19.43828783880247, 32.04831862582525], ""stab"": [""U"", ""S""], ""k"": 188, ""redge"": 2.010328497117133e+17}]","{""kind"": ""scan_cap"", ""u_valid"": 39.999999999999815, ""r_valid"": 2.353852668369765e+17, ""D"": -34.892596022253095, ""sign"": -1}"
negative_013_hopf_1,double_full_return,3,SUS,"[0.35493480166539426, 11.817600468964487, 21.543216675661185]","[{""pt"": [-25.393852712837113, 26.434846647324296], ""tr"": -55.22137383635836, ""roots"": [2686.395627067097], ""stab"": [""U""], ""k"": 60, ""redge"": 2834.6297160755867}, {""pt"": [0.0, -0.0], ""tr"": 0.0020669045602329256, ""roots"": [0.45714471326890904, 19.43828783880247, 32.04831862582525], ""stab"": [""S"", ""U"", ""S""], ""k"": 188, ""redge"": 2.010328497117133e+17}]","{""kind"": ""scan_cap"", ""u_valid"": 39.999999999999815, ""r_valid"": 2.353852668369765e+17, ""D"": -34.891838945324935, ""sign"": -1}"
negative_013_hopf_0.1,double_full_return,3,SUS,"[0.09644521722814618, 13.172836462674129, 20.130345327891394]","[{""pt"": [-25.39368756899107, 26.4346817810048], ""tr"": -55.22286120462617, ""roots"": [2686.395627067097], ""stab"": [""U""], ""k"": 60, ""redge"": 2834.6297160755867}, {""pt"": [0.0, -0.0], ""tr"": 0.00020669045602329257, ""roots"": [0.13097415321081862, 19.43828783880247, 32.04831862582525], ""stab"": [""S"", ""U"", ""S""], ""k"": 188, ""redge"": 2.010328497117133e+17}]","{""kind"": ""scan_cap"", ""u_valid"": 39.999999999999815, ""r_valid"": 2.353852668369765e+17, ""D"": -34.89252030523575, ""sign"": -1}"
negative_014_fold,double_full_return,0,,[],"[{""pt"": [-29.7026596559783, 30.7374996328998], ""tr"": -65.7018621810326, ""roots"": [2771.6709781608956], ""stab"": [""U""], ""k"": 60, ""redge"": 3017.4476258463674}, {""pt"": [0.0, -0.0], ""tr"": 0.0, ""roots"": [], ""stab"": [], ""k"": 188, ""redge"": 2.010328497117133e+17}]","{""kind"": ""scan_cap"", ""u_valid"": 39.999999999999815, ""r_valid"": 2.353852668369765e+17, ""D"": -34.84413665520607, ""sign"": -1}"
negative_014_pair,double_full_return,2,US,"[15.000773420521728, 22.384911253655332]","[{""pt"": [-29.70350905010376, 30.738347996040808], ""tr"": -65.68452997011869, ""roots"": [2777.0896880264077], ""stab"": [""U""], ""k"": 60, ""redge"": 3029.2575819381896}, {""pt"": [0.0, -0.0], ""tr"": 0.0, ""roots"": [19.43828783880247, 32.04831862582525], ""stab"": [""U"", ""S""], ""k"": 188, ""redge"": 2.010328497117133e+17}]","{""kind"": ""scan_cap"", ""u_valid"": 39.999999999999815, ""r_valid"": 2.353852668369765e+17, ""D"": -34.83756788673288, ""sign"": -1}"
negative_014_hopf_1,double_full_return,3,SUS,"[0.38263720669717805, 13.182934126382666, 24.28553529185356]","[{""pt"": [-29.703727894009077, 30.738566574325883], ""tr"": -65.68254672043813, ""roots"": [2777.0896880264077], ""stab"": [""U""], ""k"": 60, ""redge"": 3029.2575819381896}, {""pt"": [0.0, -0.0], ""tr"": 0.002482349883562136, ""roots"": [0.5869854309417091, 19.43828783880247, 32.04831862582525], ""stab"": [""S"", ""U"", ""S""], ""k"": 188, ""redge"": 2.010328497117133e+17}]","{""kind"": ""scan_cap"", ""u_valid"": 39.999999999999815, ""r_valid"": 2.353852668369765e+17, ""D"": -34.836722155566626, ""sign"": -1}"
negative_014_hopf_0.1,double_full_return,3,SUS,"[0.10310085662750863, 14.780843920696976, 22.613708603001175]","[{""pt"": [-29.703530934499362, 30.738369853874193], ""tr"": -65.68433164516254, ""roots"": [2777.0896880264077], ""stab"": [""U""], ""k"": 60, ""redge"": 3029.2575819381896}, {""pt"": [0.0, -0.0], ""tr"": 0.0002482349883562136, ""roots"": [0.13097415321081862, 19.43828783880247, 32.04831862582525], ""stab"": [""S"", ""U"", ""S""], ""k"": 188, ""redge"": 2.010328497117133e+17}]","{""kind"": ""scan_cap"", ""u_valid"": 39.999999999999815, ""r_valid"": 2.353852668369765e+17, ""D"": -34.837483301832066, ""sign"": -1}"
negative_015_fold,double_full_return,0,,[],"[{""pt"": [-38.16573335548016, 39.19263986073959], ""tr"": -86.2781836838999, ""roots"": [3351.445635658379], ""stab"": [""U""], ""k"": 61, ""redge"": 3435.952327252253}, {""pt"": [0.0, -0.0], ""tr"": 0.0, ""roots"": [], ""stab"": [], ""k"": 188, ""redge"": 2.010328497117133e+17}]","{""kind"": ""scan_cap"", ""u_valid"": 39.999999999999815, ""r_valid"": 2.353852668369765e+17, ""D"": -34.734160741343366, ""sign"": -1}"
negative_015_pair,double_full_return,2,US,"[18.137943140769366, 27.06473298252771]","[{""pt"": [-38.16675803460433, 39.19366379805749], ""tr"": -86.25709432710872, ""roots"": [3356.3585773186783], ""stab"": [""U""], ""k"": 61, ""redge"": 3446.0333537541537}, {""pt"": [0.0, -0.0], ""tr"": 0.0, ""roots"": [24.9592556419146, 41.15085567766678], ""stab"": [""U"", ""S""], ""k"": 188, ""redge"": 2.010328497117133e+17}]","{""kind"": ""scan_cap"", ""u_valid"": 39.999999999999815, ""r_valid"": 2.353852668369765e+17, ""D"": -34.72758786295171, ""sign"": -1}"
negative_015_hopf_1,double_full_return,3,SUS,"[0.42962097561154927, 15.771222128035875, 29.55402851455768]","[{""pt"": [-38.16704366530812, 39.19394922198906], ""tr"": -86.25448519864537, ""roots"": [3356.3585773186783], ""stab"": [""U""], ""k"": 61, ""redge"": 3446.0333537541537}, {""pt"": [0.0, -0.0], ""tr"": 0.003269564579146778, ""roots"": [0.5869854309417091, 24.9592556419146, 41.15085567766678], ""stab"": [""S"", ""U"", ""S""], ""k"": 188, ""redge"": 2.010328497117133e+17}]","{""kind"": ""scan_cap"", ""u_valid"": 39.999999999999815, ""r_valid"": 2.353852668369765e+17, ""D"": -34.726592739269165, ""sign"": -1}"
negative_015_hopf_0.1,double_full_return,3,SUS,"[0.11416341141543956, 17.84752545674471, 27.368166343597487]","[{""pt"": [-38.16678659767989, 39.193692340455684], ""tr"": -86.25683341427464, ""roots"": [3356.3585773186783], ""stab"": [""U""], ""k"": 61, ""redge"": 3446.0333537541537}, {""pt"": [0.0, -0.0], ""tr"": 0.0003269564579146778, ""roots"": [0.1681741416518455, 24.9592556419146, 41.15085567766678], ""stab"": [""S"", ""U"", ""S""], ""k"": 188, ""redge"": 2.010328497117133e+17}]","{""kind"": ""scan_cap"", ""u_valid"": 39.999999999999815, ""r_valid"": 2.353852668369765e+17, ""D"": -34.727488334012484, ""sign"": -1}"
positive_infinity_019_pair,binary128_matching,2,SU,"[402869408.9686565, 603062831.8923694]","[{""pt"": [-2.2362259114973, 4.045139549934802], ""tr"": 7.481699929366797, ""roots"": [], ""stab"": [], ""k"": 13, ""redge"": 0.021930768935644912}, {""pt"": [0.0, -0.0], ""tr"": 0.0, ""roots"": [365671051.5652159], ""stab"": [""S""], ""k"": 188, ""redge"": 2.010328497117133e+17}]","{""kind"": ""scan_cap"", ""u_valid"": 40.0, ""F"": 3.045929228609673e-13, ""sign"": 1, ""r_valid"": 2.3538526683701997e+17}"
negative_016_fold,double_full_return,0,,[],"[{""pt"": [-59.31714175200797, 60.33428936881423], ""tr"": -137.85750084453747, ""roots"": [4362.5801540707935], ""stab"": [""U""], ""k"": 62, ""redge"": 4534.151109178091}, {""pt"": [0.0, -0.0], ""tr"": 0.0, ""roots"": [], ""stab"": [], ""k"": 188, ""redge"": 2.010328497117133e+17}]","{""kind"": ""scan_cap"", ""u_valid"": 39.999999999999815, ""r_valid"": 2.353852668369765e+17, ""D"": -34.49145546144081, ""sign"": -1}"
negative_016_pair,double_full_return,2,US,"[25.600657759780187, 38.1969670353553]","[{""pt"": [-59.318551083109654, 60.33569828552514], ""tr"": -137.82818419091427, ""roots"": [4368.975335170343], ""stab"": [""U""], ""k"": 62, ""redge"": 4547.454232487663}, {""pt"": [0.0, -0.0], ""tr"": 0.0, ""roots"": [41.15085567766678, 52.8387446085732], ""stab"": [""U"", ""S""], ""k"": 188, ""redge"": 2.010328497117133e+17}]","{""kind"": ""scan_cap"", ""u_valid"": 39.999999999999815, ""r_valid"": 2.353852668369765e+17, ""D"": -34.484935686485144, ""sign"": -1}"
negative_016_hopf_1,double_full_return,3,SUS,"[0.5246948824394243, 21.81802145444682, 42.21926621761723]","[{""pt"": [-59.31899393501395, 60.336141007220206], ""tr"": -137.82409973866737, ""roots"": [4368.975335170343], ""stab"": [""U""], ""k"": 62, ""redge"": 4547.454232487663}, {""pt"": [0.0, -0.0], ""tr"": 0.00512767940084551, ""roots"": [0.7537042125545614, 32.04831862582525, 67.84629106328036], ""stab"": [""S"", ""U"", ""S""], ""k"": 188, ""redge"": 2.010328497117133e+17}]","{""kind"": ""scan_cap"", ""u_valid"": 39.999999999999815, ""r_valid"": 2.353852668369765e+17, ""D"": -34.483649385895866, ""sign"": -1}"
negative_016_hopf_0.1,double_full_return,3,SUS,"[0.13570059758704542, 25.124322888085526, 38.69844336323476]","[{""pt"": [-59.318595368305196, 60.33574255769967], ""tr"": -137.82777574570179, ""roots"": [4368.975335170343], ""stab"": [""U""], ""k"": 62, ""redge"": 4547.454232487663}, {""pt"": [0.0, -0.0], ""tr"": 0.000512767940084551, ""roots"": [0.21593987231061418, 32.04831862582525, 52.8387446085732], ""stab"": [""S"", ""U"", ""S""], ""k"": 188, ""redge"": 2.010328497117133e+17}]","{""kind"": ""scan_cap"", ""u_valid"": 39.999999999999815, ""r_valid"": 2.353852668369765e+17, ""D"": -34.48480702816682, ""sign"": -1}"
negative_017_fold,double_full_return,0,,[],"[{""pt"": [-110.05590616244395, 111.06507577127294], ""tr"": -262.1812629030994, ""roots"": [7043.23489692892], ""stab"": [""U""], ""k"": 64, ""redge"": 7168.1363105867395}, {""pt"": [0.0, -0.0], ""tr"": 0.0, ""roots"": [], ""stab"": [], ""k"": 188, ""redge"": 2.010328497117133e+17}]","{""kind"": ""scan_cap"", ""u_valid"": 39.999999999999815, ""r_valid"": 2.353852668369765e+17, ""D"": -34.07984882143296, ""sign"": -1}"
negative_017_pair,double_full_return,2,US,"[42.15205679813227, 62.8866021219691]","[{""pt"": [-110.05807713646871, 111.06724656276208], ""tr"": -262.1357044435891, ""roots"": [7050.116415577585], ""stab"": [""U""], ""k"": 64, ""redge"": 7182.150257858823}, {""pt"": [0.0, -0.0], ""tr"": 0.0, ""roots"": [67.84629106328036, 87.11636215324636], ""stab"": [""U"", ""S""], ""k"": 188, ""redge"": 2.010328497117133e+17}]","{""kind"": ""scan_cap"", ""u_valid"": 39.999999999999815, ""r_valid"": 2.353852668369765e+17, ""D"": -34.07351495598147, ""sign"": -1}"
negative_017_hopf_1,double_full_return,3,SUS,"[0.6870368539589321, 34.88516548092077, 70.72794612276059]","[{""pt"": [-110.05884520412408, 111.06801456584003], ""tr"": -262.12856648292234, ""roots"": [7050.116415577585], ""stab"": [""U""], ""k"": 64, ""redge"": 7182.150257858823}, {""pt"": [0.0, -0.0], ""tr"": 0.008980145004298319, ""roots"": [0.9677753655846768, 52.8387446085732, 111.85962321414235], ""stab"": [""S"", ""U"", ""S""], ""k"": 188, ""redge"": 2.010328497117133e+17}]","{""kind"": ""scan_cap"", ""u_valid"": 39.999999999999815, ""r_valid"": 2.353852668369765e+17, ""D"": -34.071791564808095, ""sign"": -1}"
negative_017_hopf_0.1,double_full_return,3,SUS,"[0.17018756080786718, 41.20354044753986, 63.894687491657585]","[{""pt"": [-110.05815394323866, 111.06732336307427], ""tr"": -262.1349906475331, ""roots"": [7050.116415577585], ""stab"": [""U""], ""k"": 64, ""redge"": 7182.150257858823}, {""pt"": [0.0, -0.0], ""tr"": 0.0008980145004298319, ""roots"": [0.21593987231061418, 52.8387446085732, 87.11636215324636], ""stab"": [""S"", ""U"", ""S""], ""k"": 188, ""redge"": 2.010328497117133e+17}]","{""kind"": ""scan_cap"", ""u_valid"": 39.999999999999815, ""r_valid"": 2.353852668369765e+17, ""D"": -34.07334256514393, ""sign"": -1}"
negative_018_fold,double_full_return,0,,[],"[{""pt"": [-253.7291240108256, 254.73308081637347], ""tr"": -616.2913485095333, ""roots"": [12791.069786843525], ""stab"": [""U""], ""k"": 66, ""redge"": 14339.31502129358}, {""pt"": [0.0, -0.0], ""tr"": 0.0, ""roots"": [], ""stab"": [], ""k"": 188, ""redge"": 2.010328497117133e+17}]","{""kind"": ""scan_cap"", ""u_valid"": 39.999999999999815, ""r_valid"": 2.353852668369765e+17, ""D"": -33.44281988685109, ""sign"": -1}"
negative_018_pair,double_full_return,2,US,"[84.14137634084771, 125.52148330707057]","[{""pt"": [-253.73297416378995, 254.73693090905957], ""tr"": -616.2100841513974, ""roots"": [12803.567167175528], ""stab"": [""U""], ""k"": 66, ""redge"": 14367.34886383218}, {""pt"": [0.0, -0.0], ""tr"": 0.0, ""roots"": [111.85962321414235, 184.42534012565832], ""stab"": [""U"", ""S""], ""k"": 188, ""redge"": 2.010328497117133e+17}]","{""kind"": ""scan_cap"", ""u_valid"": 39.999999999999815, ""r_valid"": 2.353852668369765e+17, ""D"": -33.436876640136525, ""sign"": -1}"
negative_018_hopf_1,double_full_return,3,SUS,"[0.9693718134294511, 67.01128704479018, 144.3170526930942]","[{""pt"": [-253.7344265924957, 254.73838331502648], ""tr"": -616.1965248560113, ""roots"": [12803.567167175528], ""stab"": [""U""], ""k"": 66, ""redge"": 14367.34886383218}, {""pt"": [0.0, -0.0], ""tr"": 0.01709681061672506, ""roots"": [1.242648167054996, 87.11636215324636, 184.42534012565832], ""stab"": [""S"", ""U"", ""S""], ""k"": 188, ""redge"": 2.010328497117133e+17}]","{""kind"": ""scan_cap"", ""u_valid"": 39.999999999999815, ""r_valid"": 2.353852668369765e+17, ""D"": -33.43460022607782, ""sign"": -1}"
negative_018_hopf_0.1,double_full_return,3,SUS,"[0.22459376393290095, 81.80608918614377, 128.02780407797763]","[{""pt"": [-253.7331194066635, 254.73707614965923], ""tr"": -616.2087282218661, ""roots"": [12803.567167175528], ""stab"": [""U""], ""k"": 66, ""redge"": 14367.34886383218}, {""pt"": [0.0, -0.0], ""tr"": 0.001709681061672506, ""roots"": [0.3560246606707792, 111.85962321414235, 184.42534012565832], ""stab"": [""S"", ""U"", ""S""], ""k"": 188, ""redge"": 2.010328497117133e+17}]","{""kind"": ""scan_cap"", ""u_valid"": 39.999999999999815, ""r_valid"": 2.353852668369765e+17, ""D"": -33.43664890707515, ""sign"": -1}"
positive_infinity_019_hopf_1,binary128_matching,2,US,"[0.09372738373236189, 132.48821298445364]","[{""pt"": [-2.236145820927371, 4.0451118693259245], ""tr"": 7.481302490951466, ""roots"": [], ""stab"": [], ""k"": 13, ""redge"": 0.021930768935644912}, {""pt"": [0.0, -0.0], ""tr"": -0.0006183522344038274, ""roots"": [0.1681741416518455, 304.0659811212787], ""stab"": [""U"", ""S""], ""k"": 188, ""redge"": 2.010328497117133e+17}]","{""kind"": ""scan_cap"", ""u_valid"": 40.0, ""F"": -0.00023807992651194354, ""sign"": -1, ""r_valid"": 2.3538526683701997e+17}"
negative_019_fold,binary128_matching,0,,[],"[{""pt"": [-844.9328030177224, 845.9339879461863], ""tr"": -2082.7528696903682, ""roots"": [40968.75711101836], ""stab"": [""U""], ""k"": 71, ""redge"": 42145.59060673205}, {""pt"": [0.0, -0.0], ""tr"": 0.0, ""roots"": [], ""stab"": [], ""k"": 188, ""redge"": 2.010328497117133e+17}]","{""kind"": ""scan_cap"", ""u_valid"": 40.0, ""F"": -0.02292751658562922, ""sign"": -1, ""r_valid"": 2.3538526683701997e+17}"
negative_019_pair,binary128_matching,2,US,"[231.91413361023197, 345.95362795144104]","[{""pt"": [-844.9416095856473, 845.9427945017464], ""tr"": -2082.566417173329, ""roots"": [41008.785204671054], ""stab"": [""U""], ""k"": 71, ""redge"": 42227.98665208086}, {""pt"": [0.0, -0.0], ""tr"": 0.0, ""roots"": [304.0659811212787, 501.3200507709558], ""stab"": [""U"", ""S""], ""k"": 188, ""redge"": 2.010328497117133e+17}]","{""kind"": ""scan_cap"", ""u_valid"": 40.0, ""F"": -0.022926849696378235, ""sign"": -1, ""r_valid"": 2.3538526683701997e+17}"
positive_infinity_019_hopf_0.1,binary128_matching,2,US,"[0.02740189319634925, 879.6749460241275]","[{""pt"": [-2.2362179025089968, 4.045136781592065], ""tr"": 7.481660184061062, ""roots"": [], ""stab"": [], ""k"": 13, ""redge"": 0.021930768935644912}, {""pt"": [0.0, -0.0], ""tr"": -6.183522344038274e-05, ""roots"": [0.04818269829109883, 1749.7789086428184], ""stab"": [""U"", ""S""], ""k"": 188, ""redge"": 2.010328497117133e+17}]","{""kind"": ""scan_cap"", ""u_valid"": 40.0, ""F"": -2.3807924101354816e-05, ""sign"": -1, ""r_valid"": 2.3538526683701997e+17}"
negative_019_hopf_1,binary128_matching,3,SUS,"[1.54485026020923, 176.196694616736, 408.14520390225545]","[{""pt"": [-844.9446835231581, 845.9458684349415], ""tr"": -2082.537667892241, ""roots"": [41008.785204671054], ""stab"": [""U""], ""k"": 71, ""redge"": 42227.98665208086}, {""pt"": [0.0, -0.0], ""tr"": 0.03633207655973996, ""roots"": [2.0487804650200983, 236.80682420262687, 643.7076870850963], ""stab"": [""S"", ""U"", ""S""], ""k"": 188, ""redge"": 2.010328497117133e+17}]","{""kind"": ""scan_cap"", ""u_valid"": 40.0, ""F"": -0.02292680548497841, ""sign"": -1, ""r_valid"": 2.3538526683701997e+17}"
negative_019_hopf_0.1,binary128_matching,3,SUS,"[0.3196673614018016, 223.94212236862325, 354.58497833904613]","[{""pt"": [-844.9419169793994, 845.9431018950671], ""tr"": -2082.5635422452224, ""roots"": [41008.785204671054], ""stab"": [""U""], ""k"": 71, ""redge"": 42227.98665208086}, {""pt"": [0.0, -0.0], ""tr"": 0.0036332076559739963, ""roots"": [0.45714471326890904, 304.0659811212787, 501.3200507709558], ""stab"": [""S"", ""U"", ""S""], ""k"": 188, ""redge"": 2.010328497117133e+17}]","{""kind"": ""scan_cap"", ""u_valid"": 40.0, ""F"": -0.022926845254359365, ""sign"": -1, ""r_valid"": 2.3538526683701997e+17}"
positive_infinity_020_fold,binary128_matching,0,,[],"[{""pt"": [-2.2357340368506153, 4.04496965728282], ""tr"": 7.504803673514581, ""roots"": [], ""stab"": [], ""k"": 13, ""redge"": 0.021339223859671762}, {""pt"": [0.0, -0.0], ""tr"": 0.0, ""roots"": [1638823955.138855], ""stab"": [""S""], ""k"": 188, ""redge"": 2.010328497117133e+17}]","{""kind"": ""scan_cap"", ""u_valid"": 40.0, ""F"": 2.065469329430919e-15, ""sign"": 1, ""r_valid"": 2.3538526683701997e+17}"
negative_020_fold,binary128_matching,0,,[],"[{""pt"": [-8440.29135936916, 8441.29147786252], ""tr"": -21061.127198426944, ""roots"": [330853.9178091645], ""stab"": [""U""], ""k"": 79, ""redge"": 371989.05880858283}, {""pt"": [0.0, -0.0], ""tr"": 0.0, ""roots"": [], ""stab"": [], ""k"": 188, ""redge"": 2.010328497117133e+17}]","{""kind"": ""scan_cap"", ""u_valid"": 40.0, ""F"": -0.007270663883791659, ""sign"": -1, ""r_valid"": 2.3538526683701997e+17}"
negative_020_pair,binary128_matching,2,US,"[1661.71058249003, 2478.8494445689516]","[{""pt"": [-8440.336525365394, 8441.336643858122], ""tr"": -21060.169806108886, ""roots"": [331015.50702100043], ""stab"": [""U""], ""k"": 79, ""redge"": 372352.5068097857}, {""pt"": [0.0, -0.0], ""tr"": 0.0, ""roots"": [2246.7605922815164, 3704.281978665354], ""stab"": [""U"", ""S""], ""k"": 188, ""redge"": 2.010328497117133e+17}]","{""kind"": ""scan_cap"", ""u_valid"": 40.0, ""F"": -0.007270554579474162, ""sign"": -1, ""r_valid"": 2.3538526683701997e+17}"
positive_infinity_020_pair,binary128_matching,2,SU,"[21997211617.837303, 32929086879.969814]","[{""pt"": [-2.2357340368506144, 4.044969657282818], ""tr"": 7.504803673514586, ""roots"": [], ""stab"": [], ""k"": 13, ""redge"": 0.021339223859671762}, {""pt"": [0.0, -0.0], ""tr"": 0.0, ""roots"": [1638823955.138855], ""stab"": [""S""], ""k"": 188, ""redge"": 2.010328497117133e+17}]","{""kind"": ""scan_cap"", ""u_valid"": 40.0, ""F"": 2.008263869735094e-15, ""sign"": 1, ""r_valid"": 2.3538526683701997e+17}"
negative_020_hopf_1,binary128_matching,3,SUS,"[3.6928354478550443, 1192.0939575705904, 3011.53184878041]","[{""pt"": [-8440.345794365794, 8441.34591285839], ""tr"": -21060.083132570202, ""roots"": [331015.50702100043], ""stab"": [""U""], ""k"": 79, ""redge"": 372352.5068097857}, {""pt"": [0.0, -0.0], ""tr"": 0.10980324750951283, ""roots"": [5.569162708566005, 1749.7789086428184, 4756.392211184673], ""stab"": [""S"", ""U"", ""S""], ""k"": 188, ""redge"": 2.010328497117133e+17}]","{""kind"": ""scan_cap"", ""u_valid"": 40.0, ""F"": -0.007270550352314726, ""sign"": -1, ""r_valid"": 2.3538526683701997e+17}"
negative_020_hopf_0.1,binary128_matching,3,SUS,"[0.5766235108676644, 1590.9209071029245, 2556.015833885981]","[{""pt"": [-8440.337452265432, 8441.337570758147], ""tr"": -21060.161138755015, ""roots"": [331015.50702100043], ""stab"": [""U""], ""k"": 79, ""redge"": 372352.5068097857}, {""pt"": [0.0, -0.0], ""tr"": 0.010980324750951283, ""roots"": [0.7537042125545614, 2246.7605922815164, 3704.281978665354], ""stab"": [""S"", ""U"", ""S""], ""k"": 188, ""redge"": 2.010328497117133e+17}]","{""kind"": ""scan_cap"", ""u_valid"": 40.0, ""F"": -0.007270554150687784, ""sign"": -1, ""r_valid"": 2.3538526683701997e+17}"
positive_infinity_020_hopf_1,binary128_matching,2,US,"[0.10497289386226519, 112.7978616174094]","[{""pt"": [-2.2356353869031387, 4.044935614623462], ""tr"": 7.504313830679379, ""roots"": [], ""stab"": [], ""k"": 13, ""redge"": 0.021339223859671762}, {""pt"": [0.0, -0.0], ""tr"": -0.0007619844354390707, ""roots"": [0.21593987231061418, 236.80682420262687], ""stab"": [""U"", ""S""], ""k"": 188, ""redge"": 2.010328497117133e+17}]","{""kind"": ""scan_cap"", ""u_valid"": 40.0, ""F"": -0.00029388359894872064, ""sign"": -1, ""r_valid"": 2.3538526683701997e+17}"
negative_021_fold,binary128_matching,0,,[],"[{""pt"": [-84358.26877473746, 84359.2687865918], ""tr"": -211599.9935587259, ""roots"": [], ""stab"": [], ""k"": 2, ""redge"": 0.0016247461082534624}, {""pt"": [0.0, -0.0], ""tr"": 0.0, ""roots"": [], ""stab"": [], ""k"": 0, ""redge"": null}]","{""kind"": ""scan_cap"", ""u_valid"": 40.0, ""F"": -0.002302566716799766, ""sign"": -1, ""r_valid"": 2.3538526683701997e+17}"
negative_021_pair,binary128_matching,2,US,"[12264.30059148396, 18296.04204780833]","[{""pt"": [-84358.5200767505, 84359.5200886048], ""tr"": -211594.66602667636, ""roots"": [], ""stab"": [], ""k"": 2, ""redge"": 0.0016247461082534624}, {""pt"": [0.0, -0.0], ""tr"": 0.0, ""roots"": [], ""stab"": [], ""k"": 0, ""redge"": null}]","{""kind"": ""scan_cap"", ""u_valid"": 40.0, ""F"": -0.0023025474004088786, ""sign"": -1, ""r_valid"": 2.3538526683701997e+17}"
positive_infinity_020_hopf_0.1,binary128_matching,2,US,"[0.030399357169662532, 767.2368565402644]","[{""pt"": [-2.23572417195962, 4.044966252588498], ""tr"": 7.50475468700604, ""roots"": [], ""stab"": [], ""k"": 13, ""redge"": 0.021339223859671762}, {""pt"": [0.0, -0.0], ""tr"": -7.619844354390708e-05, ""roots"": [0.0618678092503679, 1749.7789086428184], ""stab"": [""U"", ""S""], ""k"": 188, ""redge"": 2.010328497117133e+17}]","{""kind"": ""scan_cap"", ""u_valid"": 40.0, ""F"": -2.938825543477766e-05, ""sign"": -1, ""r_valid"": 2.3538526683701997e+17}"
negative_021_hopf_1,binary128_matching,3,SUS,"[9.7863326613648, 8572.699534891372, 22502.463576445498]","[{""pt"": [-84358.54301096348, 84359.54302281779], ""tr"": -211594.45169016856, ""roots"": [], ""stab"": [], ""k"": 2, ""redge"": 0.0016263335493663762}, {""pt"": [0.0, -0.0], ""tr"": 0.2718623620783092, ""roots"": [], ""stab"": [], ""k"": 0, ""redge"": null}]","{""kind"": ""scan_cap"", ""u_valid"": 40.0, ""F"": -0.0023025470753322594, ""sign"": -1, ""r_valid"": 2.3538526683701997e+17}"
negative_021_hopf_0.1,binary128_matching,3,SUS,"[1.01850835216178, 11695.87811898312, 18916.344094566397]","[{""pt"": [-84358.52237017179, 84359.5223820261], ""tr"": -211594.64459302553, ""roots"": [], ""stab"": [], ""k"": 2, ""redge"": 0.0016247461082534624}, {""pt"": [0.0, -0.0], ""tr"": 0.02718623620783092, ""roots"": [], ""stab"": [], ""k"": 0, ""redge"": null}]","{""kind"": ""scan_cap"", ""u_valid"": 40.0, ""F"": -0.0023025473667200435, ""sign"": -1, ""r_valid"": 2.3538526683701997e+17}"
rational_precursor,double_full_return,3,USU,"[0.09496789000228856, 5.26090226248949, 8.560909087520198]","[{""pt"": [-3.324664010331554, 4.75483370176037], ""tr"": 0.005078346917086307, ""roots"": [18205689.644426107], ""stab"": [""S""], ""k"": 188, ""redge"": 2.010328497117133e+17}, {""pt"": [0.0, -0.0], ""tr"": -1e-07, ""roots"": [0.1681741416518455, 9.181997017602711, 15.13855379042673], ""stab"": [""U"", ""S"", ""U""], ""k"": 188, ""redge"": 2.010328497117133e+17}]","{""kind"": ""scan_cap"", ""u_valid"": 39.999999999999815, ""r_valid"": 2.353852668369765e+17, ""D"": 0.8065739571445292, ""sign"": 1}"
positive_infinity_021_fold,binary128_matching,0,,[],"[{""pt"": [-2.235400180907312, 4.044854490089599], ""tr"": 7.52058574557469, ""roots"": [], ""stab"": [], ""k"": 13, ""redge"": 0.020946931911392207}, {""pt"": [0.0, -0.0], ""tr"": 0.0, ""roots"": [2701963913.770343], ""stab"": [""S""], ""k"": 188, ""redge"": 2.010328497117133e+17}]","{""kind"": ""scan_cap"", ""u_valid"": 40.0, ""F"": 1.418124253377006e-17, ""sign"": 1, ""r_valid"": 2.3538526683701997e+17}"
negative_022_fold,binary128_matching,0,,[],"[{""pt"": [-843339.180140185, 843340.1801413709], ""tr"": -2121204.6657762863, ""roots"": [], ""stab"": [], ""k"": 0, ""redge"": null}, {""pt"": [0.0, -0.0], ""tr"": 0.0, ""roots"": [], ""stab"": [], ""k"": 0, ""redge"": null}]","{""kind"": ""scan_cap"", ""u_valid"": 40.0, ""F"": -0.0007287267564823544, ""sign"": -1, ""r_valid"": 2.3538526683701997e+17}"
positive_infinity_021_pair,binary128_matching,2,SU,"[1201055304157.464, 1797978677068.1968]","[{""pt"": [-2.235400180907312, 4.044854490089599], ""tr"": 7.52058574557469, ""roots"": [], ""stab"": [], ""k"": 13, ""redge"": 0.020946931911392207}, {""pt"": [0.0, -0.0], ""tr"": 0.0, ""roots"": [2701963913.770343], ""stab"": [""S""], ""k"": 188, ""redge"": 2.010328497117133e+17}]","{""kind"": ""scan_cap"", ""u_valid"": 40.0, ""F"": 1.378601928478843e-17, ""sign"": 1, ""r_valid"": 2.3538526683701997e+17}"
positive_infinity_021_hopf_1,binary128_matching,2,US,"[0.19811833756878047, 44.2282560102655]","[{""pt"": [-2.235113579343129, 4.044755718110504], ""tr"": 7.51916218285577, ""roots"": [], ""stab"": [], ""k"": 13, ""redge"": 0.020946931911392207}, {""pt"": [0.0, -0.0], ""tr"": -0.002214379078273612, ""roots"": [0.3560246606707792, 87.11636215324636], ""stab"": [""U"", ""S""], ""k"": 188, ""redge"": 2.010328497117133e+17}]","{""kind"": ""scan_cap"", ""u_valid"": 40.0, ""F"": -0.0008550469670280139, ""sign"": -1, ""r_valid"": 2.3538526683701997e+17}"
positive_infinity_021_hopf_0.1,binary128_matching,2,US,"[0.05309853169520481, 323.9972460365911]","[{""pt"": [-2.235371521623984, 4.0448446092708705], ""tr"": 7.5204433704992075, ""roots"": [], ""stab"": [], ""k"": 13, ""redge"": 0.020946931911392207}, {""pt"": [0.0, -0.0], ""tr"": -0.0002214379078273612, ""roots"": [0.10200277308269971, 643.7076870850963], ""stab"": [""U"", ""S""], ""k"": 188, ""redge"": 2.010328497117133e+17}]","{""kind"": ""scan_cap"", ""u_valid"": 40.0, ""F"": -8.550380839853512e-05, ""sign"": -1, ""r_valid"": 2.3538526683701997e+17}"
positive_infinity_022_fold,binary128_matching,0,,[],"[{""pt"": [-2.2351587078292456, 4.044771265034522], ""tr"": 7.532052291238013, ""roots"": [], ""stab"": [], ""k"": 13, ""redge"": 0.020662496887253655}, {""pt"": [0.0, -0.0], ""tr"": 0.0, ""roots"": [3469390340.254205], ""stab"": [""S""], ""k"": 188, ""redge"": 2.010328497117133e+17}]","{""kind"": ""scan_cap"", ""u_valid"": 40.0, ""F"": 1.0003711365298788e-19, ""sign"": 1, ""r_valid"": 2.3538526683701997e+17}"
negative_022_pair,binary128_matching,2,US,"[93440.67290999313, 139403.1923705566]","[{""pt"": [-843340.6891164196, 843341.6891176053], ""tr"": -2121172.6755225463, ""roots"": [], ""stab"": [], ""k"": 0, ""redge"": null}, {""pt"": [0.0, -0.0], ""tr"": 0.0, ""roots"": [], ""stab"": [], ""k"": 0, ""redge"": null}]","{""kind"": ""scan_cap"", ""u_valid"": 40.0, ""F"": -0.0007287230801968057, ""sign"": -1, ""r_valid"": 2.3538526683701997e+17}"
positive_infinity_022_pair,binary128_matching,2,SU,"[65577283854807.36, 98170739703249.11]","[{""pt"": [-2.2351587078292456, 4.044771265034522], ""tr"": 7.532052291238013, ""roots"": [], ""stab"": [], ""k"": 13, ""redge"": 0.020662496887253655}, {""pt"": [0.0, -0.0], ""tr"": 0.0, ""roots"": [3469390340.254205], ""stab"": [""S""], ""k"": 188, ""redge"": 2.010328497117133e+17}]","{""kind"": ""scan_cap"", ""u_valid"": 40.0, ""F"": 9.723427504020041e-20, ""sign"": 1, ""r_valid"": 2.3538526683701997e+17}"
negative_022_hopf_1,binary128_matching,3,SUS,"[32.77524859447329, 64665.61491168232, 172187.4487092018]","[{""pt"": [-843340.7425650887, 843341.7425662744], ""tr"": -2121172.1761845755, ""roots"": [], ""stab"": [], ""k"": 0, ""redge"": null}, {""pt"": [0.0, -0.0], ""tr"": 0.633772308050974, ""roots"": [], ""stab"": [], ""k"": 0, ""redge"": null}]","{""kind"": ""scan_cap"", ""u_valid"": 40.0, ""F"": -0.0007287230574450186, ""sign"": -1, ""r_valid"": 2.3538526683701997e+17}"
negative_022_hopf_0.1,binary128_matching,3,SUS,"[1.9106942535451559, 88976.68677150758, 144270.69809339245]","[{""pt"": [-843340.6944612867, 843341.6944624723], ""tr"": -2121172.6255887495, ""roots"": [], ""stab"": [], ""k"": 0, ""redge"": null}, {""pt"": [0.0, -0.0], ""tr"": 0.0633772308050974, ""roots"": [], ""stab"": [], ""k"": 0, ""redge"": null}]","{""kind"": ""scan_cap"", ""u_valid"": 40.0, ""F"": -0.0007287230777182083, ""sign"": -1, ""r_valid"": 2.3538526683701997e+17}"
positive_infinity_022_hopf_1,binary128_matching,2,US,"[0.19757795067026934, 44.49122152605903]","[{""pt"": [-2.2348722665480074, 4.044672621685486], ""tr"": 7.530629072005049, ""roots"": [], ""stab"": [], ""k"": 13, ""redge"": 0.020662496887253655}, {""pt"": [0.0, -0.0], ""tr"": -0.0022136367383242413, ""roots"": [0.3560246606707792, 87.11636215324636], ""stab"": [""U"", ""S""], ""k"": 188, ""redge"": 2.010328497117133e+17}]","{""kind"": ""scan_cap"", ""u_valid"": 40.0, ""F"": -0.0008554819957890709, ""sign"": -1, ""r_valid"": 2.3538526683701997e+17}"
negative_023_fold,binary128_matching,2,US,"[902907.7256499646, 902908.1734116274]","[{""pt"": [-8431929.870122796, 8431930.870122915], ""tr"": -21243082.034034267, ""roots"": [], ""stab"": [], ""k"": 0, ""redge"": null}, {""pt"": [0.0, -0.0], ""tr"": 0.0, ""roots"": [], ""stab"": [], ""k"": 0, ""redge"": null}]","{""kind"": ""scan_cap"", ""u_valid"": 40.0, ""F"": -0.00023055629939991632, ""sign"": -1, ""r_valid"": 2.3538526683701997e+17}"
negative_023_pair,binary128_matching,2,US,"[735983.2047555818, 1098060.5334162624]","[{""pt"": [-8431939.567792475, 8431940.567792594], ""tr"": -21242876.443464316, ""roots"": [], ""stab"": [], ""k"": 0, ""redge"": null}, {""pt"": [0.0, -0.0], ""tr"": 0.0, ""roots"": [], ""stab"": [], ""k"": 0, ""redge"": null}]","{""kind"": ""scan_cap"", ""u_valid"": 40.0, ""F"": -0.0002305555512520664, ""sign"": -1, ""r_valid"": 2.3538526683701997e+17}"
positive_infinity_022_hopf_0.1,binary128_matching,2,US,"[0.05297248987213495, 327.4714610426819]","[{""pt"": [-2.235130064571309, 4.0447613970796645], ""tr"": 7.531909950517268, ""roots"": [], ""stab"": [], ""k"": 13, ""redge"": 0.020662496887253655}, {""pt"": [0.0, -0.0], ""tr"": -0.00022136367383242413, ""roots"": [0.10200277308269971, 643.7076870850963], ""stab"": [""U"", ""S""], ""k"": 188, ""redge"": 2.010328497117133e+17}]","{""kind"": ""scan_cap"", ""u_valid"": 40.0, ""F"": -8.554730869748924e-05, ""sign"": -1, ""r_valid"": 2.3538526683701997e+17}"
negative_023_hopf_1,binary128_matching,3,SUS,"[149.3713361153841, 507832.5485240862, 1357528.5383964055]","[{""pt"": [-8431939.692230852, 8431940.692230972], ""tr"": -21242875.281168647, ""roots"": [], ""stab"": [], ""k"": 0, ""redge"": null}, {""pt"": [0.0, -0.0], ""tr"": 1.475797590200645, ""roots"": [], ""stab"": [], ""k"": 0, ""redge"": null}]","{""kind"": ""scan_cap"", ""u_valid"": 40.0, ""F"": -0.00023055554979476545, ""sign"": -1, ""r_valid"": 2.3538526683701997e+17}"
negative_023_hopf_0.1,binary128_matching,3,SUS,"[4.120237143575318, 700528.7887208803, 1136666.134077005]","[{""pt"": [-8431939.580236312, 8431940.580236431], ""tr"": -21242876.327234745, ""roots"": [], ""stab"": [], ""k"": 0, ""redge"": null}, {""pt"": [0.0, -0.0], ""tr"": 0.1475797590200645, ""roots"": [], ""stab"": [], ""k"": 0, ""redge"": null}]","{""kind"": ""scan_cap"", ""u_valid"": 40.0, ""F"": -0.00023055555107141218, ""sign"": -1, ""r_valid"": 2.3538526683701997e+17}"
negative_024_fold,binary128_matching,0,,[],"[{""pt"": [-84309797.12452053, 84309798.12452054], ""tr"": -212632296.23812923, ""roots"": [], ""stab"": [], ""k"": 0, ""redge"": null}, {""pt"": [0.0, -0.0], ""tr"": 0.0, ""roots"": [], ""stab"": [], ""k"": 0, ""redge"": null}]","{""kind"": ""scan_cap"", ""u_valid"": 40.0, ""F"": -7.293149264723245e-05, ""sign"": -1, ""r_valid"": 2.3538526683701997e+17}"
negative_024_pair,binary128_matching,2,US,"[5982169.580487825, 8925579.089800714]","[{""pt"": [-84309863.23248732, 84309864.23248734], ""tr"": -212630894.74925175, ""roots"": [], ""stab"": [], ""k"": 0, ""redge"": null}, {""pt"": [0.0, -0.0], ""tr"": 0.0, ""roots"": [], ""stab"": [], ""k"": 0, ""redge"": null}]","{""kind"": ""scan_cap"", ""u_valid"": 40.0, ""F"": -7.293133122678252e-05, ""sign"": -1, ""r_valid"": 2.3538526683701997e+17}"
negative_024_hopf_1,binary128_matching,3,SUS,"[903.8190558577448, 4127158.813966981, 11030499.797028875]","[{""pt"": [-84309863.5287394, 84309864.52873941], ""tr"": -212630891.9825563, ""roots"": [], ""stab"": [], ""k"": 1, ""redge"": 0.0010000000000000002}, {""pt"": [0.0, -0.0], ""tr"": 3.513848168963296, ""roots"": [], ""stab"": [], ""k"": 0, ""redge"": null}]","{""kind"": ""scan_cap"", ""u_valid"": 40.0, ""F"": -7.293133115728902e-05, ""sign"": -1, ""r_valid"": 2.3538526683701997e+17}"
negative_024_hopf_0.1,binary128_matching,3,SUS,"[11.250258236737768, 5694053.281831838, 9238843.855910188]","[{""pt"": [-84309863.26211253, 84309864.26211254], ""tr"": -212630894.4725822, ""roots"": [], ""stab"": [], ""k"": 0, ""redge"": null}, {""pt"": [0.0, -0.0], ""tr"": 0.3513848168963296, ""roots"": [], ""stab"": [], ""k"": 0, ""redge"": null}]","{""kind"": ""scan_cap"", ""u_valid"": 40.0, ""F"": -7.293133121356712e-05, ""sign"": -1, ""r_valid"": 2.3538526683701997e+17}"
negative_025_fold,binary128_matching,0,,[],"[{""pt"": [-843032197.6176856, 843032198.6176856], ""tr"": -2127717405.7811806, ""roots"": [], ""stab"": [], ""k"": 0, ""redge"": null}, {""pt"": [0.0, -0.0], ""tr"": 0.0, ""roots"": [], ""stab"": [], ""k"": 0, ""redge"": null}]","{""kind"": ""scan_cap"", ""u_valid"": 40.0, ""F"": -2.306804326632253e-05, ""sign"": -1, ""r_valid"": 2.3538526683701997e+17}"
positive_infinity_023_fold,binary128_matching,0,,[],"[{""pt"": [-2.2349759218886858, 4.04470830798304], ""tr"": 7.5407612073419426, ""roots"": [], ""stab"": [], ""k"": 13, ""redge"": 0.020441724384275526}, {""pt"": [0.0, -0.0], ""tr"": 0.0, ""roots"": [3469390340.254205], ""stab"": [""S""], ""k"": 188, ""redge"": 2.010328497117133e+17}]","{""kind"": ""angular_chart_failure"", ""u_valid"": 37.5, ""F"": 3.8270151622979887e-22, ""status"": 3, ""u_failed"": 38.5, ""sign"": 1, ""r_valid"": 1.9321599304402836e+16}"
negative_025_pair,binary128_matching,2,US,"[49984610.27038592, 74581333.7492763]","[{""pt"": [-843032671.269178, 843032672.269178], ""tr"": -2127707364.3695536, ""roots"": [], ""stab"": [], ""k"": 0, ""redge"": null}, {""pt"": [0.0, -0.0], ""tr"": 0.0, ""roots"": [], ""stab"": [], ""k"": 0, ""redge"": null}]","{""kind"": ""scan_cap"", ""u_valid"": 40.0, ""F"": -2.3068006670648873e-05, ""sign"": -1, ""r_valid"": 2.3538526683701997e+17}"
negative_025_hopf_1,binary128_matching,3,SUS,"[6622.355023137953, 34518641.747768015, 92093103.8192663]","[{""pt"": [-843032671.9949989, 843032672.9949989], ""tr"": -2127707357.5917914, ""roots"": [], ""stab"": [], ""k"": 2, ""redge"": 0.0012840254166877419}, {""pt"": [0.0, -0.0], ""tr"": 8.609642039816354, ""roots"": [], ""stab"": [], ""k"": 0, ""redge"": null}]","{""kind"": ""scan_cap"", ""u_valid"": 40.0, ""F"": -2.306800667308566e-05, ""sign"": -1, ""r_valid"": 2.3538526683701997e+17}"
negative_025_hopf_0.1,binary128_matching,3,SUS,"[42.88286987709918, 47585649.83086525, 77186160.15379335]","[{""pt"": [-843032671.34176, 843032672.34176], ""tr"": -2127707363.6917772, ""roots"": [], ""stab"": [], ""k"": 0, ""redge"": null}, {""pt"": [0.0, -0.0], ""tr"": 0.8609642039816354, ""roots"": [], ""stab"": [], ""k"": 0, ""redge"": null}]","{""kind"": ""scan_cap"", ""u_valid"": 40.0, ""F"": -2.306800666970229e-05, ""sign"": -1, ""r_valid"": 2.3538526683701997e+17}"
negative_026_fold,binary128_matching,2,US,"[524845534.66712916, 524845794.94368273]","[{""pt"": [-8429843386.729661, 8429843387.729662], ""tr"": -21287320196.605976, ""roots"": [], ""stab"": [], ""k"": 0, ""redge"": null}, {""pt"": [0.0, -0.0], ""tr"": 0.0, ""roots"": [], ""stab"": [], ""k"": 0, ""redge"": null}]","{""kind"": ""scan_cap"", ""u_valid"": 40.0, ""F"": -7.295925371518876e-06, ""sign"": -1, ""r_valid"": 2.3538526683701997e+17}"
negative_026_pair,binary128_matching,2,US,"[427421739.20431185, 637769888.7878665]","[{""pt"": [-8429846922.947489, 8429846923.947489], ""tr"": -21287245228.78804, ""roots"": [], ""stab"": [], ""k"": 0, ""redge"": null}, {""pt"": [0.0, -0.0], ""tr"": 0.0, ""roots"": [], ""stab"": [], ""k"": 0, ""redge"": null}]","{""kind"": ""scan_cap"", ""u_valid"": 40.0, ""F"": -7.295916727745853e-06, ""sign"": -1, ""r_valid"": 2.3538526683701997e+17}"
negative_026_hopf_1,binary128_matching,3,SUS,"[54857.10706367776, 294986359.6981814, 787474104.9329422]","[{""pt"": [-8429846924.788124, 8429846925.788124], ""tr"": -21287245211.6013, ""roots"": [], ""stab"": [], ""k"": 0, ""redge"": null}, {""pt"": [0.0, -0.0], ""tr"": 21.834751455040482, ""roots"": [], ""stab"": [], ""k"": 0, ""redge"": null}]","{""kind"": ""scan_cap"", ""u_valid"": 40.0, ""F"": -7.295916729571055e-06, ""sign"": -1, ""r_valid"": 2.3538526683701997e+17}"
negative_026_hopf_0.1,binary128_matching,3,SUS,"[236.68183393366556, 406882643.5894935, 660047247.756456]","[{""pt"": [-8429846923.131553, 8429846924.131552], ""tr"": -21287245227.069363, ""roots"": [], ""stab"": [], ""k"": 0, ""redge"": null}, {""pt"": [0.0, -0.0], ""tr"": 2.1834751455040484, ""roots"": [], ""stab"": [], ""k"": 0, ""redge"": null}]","{""kind"": ""scan_cap"", ""u_valid"": 40.0, ""F"": -7.295916727686188e-06, ""sign"": -1, ""r_valid"": 2.3538526683701997e+17}"
negative_027_fold,binary128_matching,2,US,"[4574596440.50569, 4574598709.097336]","[{""pt"": [-84294810907.7018, 84294810908.7018], ""tr"": -212950008751.9953, ""roots"": [], ""stab"": [], ""k"": 0, ""redge"": null}, {""pt"": [0.0, -0.0], ""tr"": 0.0, ""roots"": [], ""stab"": [], ""k"": 0, ""redge"": null}]","{""kind"": ""scan_cap"", ""u_valid"": 40.0, ""F"": -2.3074542737991976e-06, ""sign"": -1, ""r_valid"": 2.3538526683701997e+17}"
negative_027_pair,binary128_matching,2,US,"[3724753653.1102004, 5557969482.549127]","[{""pt"": [-84294838212.66873, 84294838213.66873], ""tr"": -212949429886.69647, ""roots"": [], ""stab"": [], ""k"": 0, ""redge"": null}, {""pt"": [0.0, -0.0], ""tr"": 0.0, ""roots"": [], ""stab"": [], ""k"": 0, ""redge"": null}]","{""kind"": ""scan_cap"", ""u_valid"": 40.0, ""F"": -2.3074521624870806e-06, ""sign"": -1, ""r_valid"": 2.3538526683701997e+17}"
negative_027_hopf_1,binary128_matching,3,SUS,"[563264.5381742084, 2520651004.7352805, 6919990767.335656]","[{""pt"": [-84294838217.74736, 84294838218.74736], ""tr"": -212949429839.2779, ""roots"": [], ""stab"": [], ""k"": 0, ""redge"": null}, {""pt"": [0.0, -0.0], ""tr"": 60.24843948912936, ""roots"": [], ""stab"": [], ""k"": 0, ""redge"": null}]","{""kind"": ""scan_cap"", ""u_valid"": 40.0, ""F"": -2.3074521630595804e-06, ""sign"": -1, ""r_valid"": 2.3538526683701997e+17}"
positive_infinity_023_pair,binary128_matching,2,SU,"[3580492488463929.0, 5360092286269822.0]","[{""pt"": [-2.2349759218886858, 4.04470830798304], ""tr"": 7.5407612073419426, ""roots"": [], ""stab"": [], ""k"": 13, ""redge"": 0.020441724384275526}, {""pt"": [0.0, -0.0], ""tr"": 0.0, ""roots"": [3469390340.254205], ""stab"": [""S""], ""k"": 188, ""redge"": 2.010328497117133e+17}]","{""kind"": ""angular_chart_failure"", ""u_valid"": 37.5, ""F"": 3.624365198970022e-22, ""status"": 3, ""u_failed"": 38.5, ""sign"": 1, ""r_valid"": 1.9321599304402836e+16}"
negative_027_hopf_0.1,binary128_matching,3,SUS,"[1954.1025431622768, 3535605157.0003557, 5763028066.330219]","[{""pt"": [-84294838213.1766, 84294838214.1766], ""tr"": -212949429881.95465, ""roots"": [], ""stab"": [], ""k"": 0, ""redge"": null}, {""pt"": [0.0, -0.0], ""tr"": 6.024843948912936, ""roots"": [], ""stab"": [], ""k"": 0, ""redge"": null}]","{""kind"": ""scan_cap"", ""u_valid"": 40.0, ""F"": -2.3074521624860023e-06, ""sign"": -1, ""r_valid"": 2.3538526683701997e+17}"
negative_028_fold,binary128_matching,0,,[],"[{""pt"": [-842919800303.0227, 842919800304.0226], ""tr"": -2130100233571.191, ""roots"": [], ""stab"": [], ""k"": 0, ""redge"": null}, {""pt"": [0.0, -0.0], ""tr"": 0.0, ""roots"": [], ""stab"": [], ""k"": 0, ""redge"": null}]","{""kind"": ""scan_cap"", ""u_valid"": 40.0, ""F"": -7.29750337908484e-07, ""sign"": -1, ""r_valid"": 2.3538526683701997e+17}"
negative_028_pair,binary128_matching,2,US,"[32962648629.714985, 49186958105.903305]","[{""pt"": [-842920017021.3602, 842920017022.36], ""tr"": -2130095639142.4385, ""roots"": [], ""stab"": [], ""k"": 0, ""redge"": null}, {""pt"": [0.0, -0.0], ""tr"": 0.0, ""roots"": [], ""stab"": [], ""k"": 0, ""redge"": null}]","{""kind"": ""scan_cap"", ""u_valid"": 40.0, ""F"": -7.297498078526287e-07, ""sign"": -1, ""r_valid"": 2.3538526683701997e+17}"
negative_028_hopf_1,binary128_matching,3,SUS,"[11878960.74182368, 19831149818.13173, 64195207478.27676]","[{""pt"": [-842920017039.6993, 842920017040.6993], ""tr"": -2130095638971.2144, ""roots"": [], ""stab"": [], ""k"": 0, ""redge"": null}, {""pt"": [0.0, -0.0], ""tr"": 217.56768232521634, ""roots"": [], ""stab"": [], ""k"": 0, ""redge"": null}]","{""kind"": ""scan_cap"", ""u_valid"": 40.0, ""F"": -7.297498081108878e-07, ""sign"": -1, ""r_valid"": 2.3538526683701997e+17}"
negative_028_hopf_0.1,binary128_matching,3,SUS,"[33784.10886837275, 30754759691.07367, 51584695056.10925]","[{""pt"": [-842920017023.1941, 842920017024.1941], ""tr"": -2130095639125.3157, ""roots"": [], ""stab"": [], ""k"": 1, ""redge"": 0.001015747708586686}, {""pt"": [0.0, -0.0], ""tr"": 21.756768232521637, ""roots"": [], ""stab"": [], ""k"": 0, ""redge"": null}]","{""kind"": ""scan_cap"", ""u_valid"": 40.0, ""F"": -7.297498078543954e-07, ""sign"": -1, ""r_valid"": 2.3538526683701997e+17}"
positive_infinity_023_hopf_1,binary128_matching,2,US,"[0.19716986724838265, 44.68682888977347]","[{""pt"": [-2.234689602314118, 4.044609762106303], ""tr"": 7.5393382484311, ""roots"": [], ""stab"": [], ""k"": 13, ""redge"": 0.020441724384275526}, {""pt"": [0.0, -0.0], ""tr"": -0.0022130730880356576, ""roots"": [0.3560246606707792, 87.11636215324636], ""stab"": [""U"", ""S""], ""k"": 188, ""redge"": 2.010328497117133e+17}]","{""kind"": ""angular_chart_failure"", ""u_valid"": 37.5, ""F"": -0.0008558117388038733, ""status"": 3, ""u_failed"": 38.5, ""sign"": -1, ""r_valid"": 1.9321599304402836e+16}"
positive_infinity_023_hopf_0.1,binary128_matching,2,US,"[0.05287739846436948, 330.02977968070854]","[{""pt"": [-2.2349472907992145, 4.044698449776076], ""tr"": 7.540618892658093, ""roots"": [], ""stab"": [], ""k"": 13, ""redge"": 0.020441724384275526}, {""pt"": [0.0, -0.0], ""tr"": -0.00022130730880356577, ""roots"": [0.10200277308269971, 643.7076870850963], ""stab"": [""U"", ""S""], ""k"": 188, ""redge"": 2.010328497117133e+17}]","{""kind"": ""angular_chart_failure"", ""u_valid"": 37.5, ""F"": -8.558028104693147e-05, ""status"": 3, ""u_failed"": 38.5, ""sign"": -1, ""r_valid"": 1.9321599304402836e+16}"
positive_infinity_024_fold,binary128_matching,0,,[],"[{""pt"": [-2.23483274164372, 4.044659017118788], ""tr"": 7.547600822568018, ""roots"": [], ""stab"": [], ""k"": 13, ""redge"": 0.020262848020305337}, {""pt"": [0.0, -0.0], ""tr"": 0.0, ""roots"": [4454785377.297331], ""stab"": [""S""], ""k"": 188, ""redge"": 2.010328497117133e+17}]","{""kind"": ""angular_chart_failure"", ""u_valid"": 37.5, ""F"": 2.0705596290181542e-22, ""status"": 3, ""u_failed"": 38.5, ""sign"": 1, ""r_valid"": 1.9321599304402836e+16}"
positive_infinity_024_pair,binary128_matching,2,SU,"[1.953004290539034e+17, 2.930690290808668e+17]","[{""pt"": [-2.23483274164372, 4.044659017118788], ""tr"": 7.547600822568018, ""roots"": [], ""stab"": [], ""k"": 13, ""redge"": 0.020262848020305337}, {""pt"": [0.0, -0.0], ""tr"": 0.0, ""roots"": [4454785377.297331], ""stab"": [""S""], ""k"": 188, ""redge"": 2.010328497117133e+17}]","{""kind"": ""scan_cap"", ""u_valid"": 43.0, ""F"": 4.444733915023553e-24, ""sign"": 1, ""r_valid"": 4.727839468229346e+18}"
positive_infinity_024_hopf_1,binary128_matching,2,US,"[0.19685046530773784, 44.838117928191934]","[{""pt"": [-2.234546517634501, 4.044560547657515], ""tr"": 7.546178067764712, ""roots"": [], ""stab"": [], ""k"": 13, ""redge"": 0.020262848020305337}, {""pt"": [0.0, -0.0], ""tr"": -0.002212630519182317, ""roots"": [0.3560246606707792, 87.11636215324636], ""stab"": [""U"", ""S""], ""k"": 188, ""redge"": 2.010328497117133e+17}]","{""kind"": ""angular_chart_failure"", ""u_valid"": 37.5, ""F"": -0.0008560703042799643, ""status"": 3, ""u_failed"": 38.5, ""sign"": -1, ""r_valid"": 1.9321599304402836e+16}"
positive_infinity_024_polished_fold,double_full_return,0,,[],"[{""pt"": [-2.23483274164372, 4.044659017118788], ""tr"": 7.547600822568018, ""roots"": [], ""stab"": [], ""k"": 13, ""redge"": 0.020262848020305337}, {""pt"": [0.0, -0.0], ""tr"": 0.0, ""roots"": [4454785377.297331], ""stab"": [""S""], ""k"": 188, ""redge"": 2.010328497117133e+17}]",null
positive_infinity_024_polished_pair,binary128_matching,2,SU,"[1.9549888181189264e+17, 2.926600483949948e+17]","[{""pt"": [-2.23483274164372, 4.044659017118788], ""tr"": 7.547600822568018, ""roots"": [], ""stab"": [], ""k"": 13, ""redge"": 0.020262848020305337}, {""pt"": [0.0, -0.0], ""tr"": 0.0, ""roots"": [4454785377.297331], ""stab"": [""S""], ""k"": 188, ""redge"": 2.010328497117133e+17}]","{""kind"": ""scan_cap"", ""u_valid"": 43.0, ""F"": 4.446497252376838e-24, ""sign"": 1, ""r_valid"": 4.727839468229346e+18}"
positive_infinity_024_polished_hopf_preserved,binary128_matching,3,USU,"[6.523279526625704e-13, 1.938430479434834e+17, 2.960982658715127e+17]","[{""pt"": [-2.23483274164372, 4.044659017118788], ""tr"": 7.547600822568018, ""roots"": [], ""stab"": [], ""k"": 13, ""redge"": 0.020262848020305337}, {""pt"": [0.0, -0.0], ""tr"": -3.843785213323445e-26, ""roots"": [4454785377.297331], ""stab"": [""S""], ""k"": 188, ""redge"": 2.010328497117133e+17}]","{""kind"": ""scan_cap"", ""u_valid"": 43.0, ""F"": 4.4316255524136375e-24, ""sign"": 1, ""r_valid"": 4.727839468229346e+18}"
positive_infinity_025_polished_fold,double_full_return,0,,[],"[{""pt"": [-2.2347721868395904, 4.044638177228885], ""tr"": 7.550498198756409, ""roots"": [], ""stab"": [], ""k"": 13, ""redge"": 0.020203571081597198}, {""pt"": [0.0, -0.0], ""tr"": 0.0, ""roots"": [4454785377.297331], ""stab"": [""S""], ""k"": 188, ""redge"": 2.010328497117133e+17}]",null
positive_infinity_025_polished_pair,binary128_matching,2,SU,"[1.4405232448189878e+18, 2.1710088316969667e+18]","[{""pt"": [-2.2347721868395904, 4.044638177228885], ""tr"": 7.550498198756409, ""roots"": [], ""stab"": [], ""k"": 13, ""redge"": 0.020203571081597198}, {""pt"": [0.0, -0.0], ""tr"": 0.0, ""roots"": [4454785377.297331], ""stab"": [""S""], ""k"": 188, ""redge"": 2.010328497117133e+17}]","{""kind"": ""scan_cap"", ""u_valid"": 45.0, ""F"": 3.8188045339524765e-25, ""sign"": 1, ""r_valid"": 3.4934271057485095e+19}"
positive_infinity_025_polished_hopf_preserved,binary128_matching,3,USU,"[1.9447535818057562e-13, 1.428141001436565e+18, 2.1970719732888742e+18]","[{""pt"": [-2.2347721868395904, 4.044638177228885], ""tr"": 7.550498198756409, ""roots"": [], ""stab"": [], ""k"": 13, ""redge"": 0.020203571081597198}, {""pt"": [0.0, -0.0], ""tr"": -3.416302308326756e-27, ""roots"": [4454785377.297331], ""stab"": [""S""], ""k"": 188, ""redge"": 2.010328497117133e+17}]","{""kind"": ""scan_cap"", ""u_valid"": 45.0, ""F"": 3.805582758142961e-25, ""sign"": 1, ""r_valid"": 3.4934271057485095e+19}"
positive_infinity_018_hopf_preserved,binary128_matching,3,USU,"[2.083568215438846e-06, 7316186.67327956, 11172923.325551301]","[{""pt"": [-2.237023079024062, 4.045415433990422], ""tr"": 7.444621415231883, ""roots"": [], ""stab"": [], ""k"": 13, ""redge"": 0.022916013313138143}, {""pt"": [0.0, -0.0], ""tr"": -3.563520345169391e-13, ""roots"": [14178605.351434018, 23376568.23177193], ""stab"": [""S"", ""U""], ""k"": 110, ""redge"": 740119965.0959961}]","{""kind"": ""scan_cap"", ""u_valid"": 40.0, ""F"": 4.909321928526056e-11, ""sign"": 1, ""r_valid"": 2.3538526683701997e+17}"
positive_infinity_019_hopf_preserved,binary128_matching,3,USU,"[1.6491151669847833e-07, 399491264.7313281, 610119269.6215346]","[{""pt"": [-2.2362259114973, 4.045139549934802], ""tr"": 7.481699929366794, ""roots"": [], ""stab"": [], ""k"": 13, ""redge"": 0.021930768935644912}, {""pt"": [0.0, -0.0], ""tr"": -2.2323678901476827e-15, ""roots"": [365671051.5652159], ""stab"": [""S""], ""k"": 188, ""redge"": 2.010328497117133e+17}]","{""kind"": ""scan_cap"", ""u_valid"": 40.0, ""F"": 3.0373341227629143e-13, ""sign"": 1, ""r_valid"": 2.3538526683701997e+17}"
positive_infinity_020_hopf_preserved,binary128_matching,3,USU,"[1.3442284263387362e-08, 21812868570.70254, 33314737042.04359]","[{""pt"": [-2.2357340368506144, 4.044969657282818], ""tr"": 7.504803673514586, ""roots"": [], ""stab"": [], ""k"": 13, ""redge"": 0.021339223859671762}, {""pt"": [0.0, -0.0], ""tr"": -1.4832349336726276e-17, ""roots"": [1638823955.138855], ""stab"": [""S""], ""k"": 188, ""redge"": 2.010328497117133e+17}]","{""kind"": ""scan_cap"", ""u_valid"": 40.0, ""F"": 2.0025433237700524e-15, ""sign"": 1, ""r_valid"": 2.3538526683701997e+17}"
positive_infinity_021_hopf_preserved,binary128_matching,3,USU,"[1.116664859474457e-09, 1190994244894.0652, 1819048396894.0322]","[{""pt"": [-2.235400180907312, 4.044854490089599], ""tr"": 7.52058574557469, ""roots"": [], ""stab"": [], ""k"": 13, ""redge"": 0.020946931911392207}, {""pt"": [0.0, -0.0], ""tr"": -1.0235510170637541e-19, ""roots"": [2701963913.770343], ""stab"": [""S""], ""k"": 188, ""redge"": 2.010328497117133e+17}]","{""kind"": ""scan_cap"", ""u_valid"": 40.0, ""F"": 1.3746496959922586e-17, ""sign"": 1, ""r_valid"": 2.3538526683701997e+17}"
positive_infinity_022_hopf_preserved,binary128_matching,3,USU,"[9.399773219360299e-11, 65027098263755.38, 99317292945546.45]","[{""pt"": [-2.2351587078292456, 4.044771265034522], ""tr"": 7.532052291238013, ""roots"": [], ""stab"": [], ""k"": 13, ""redge"": 0.020662496887253655}, {""pt"": [0.0, -0.0], ""tr"": -7.252680515205544e-22, ""roots"": [3469390340.254205], ""stab"": [""S""], ""k"": 188, ""redge"": 2.010328497117133e+17}]","{""kind"": ""angular_chart_failure"", ""u_valid"": 37.5, ""F"": 9.591319684652764e-20, ""status"": 3, ""u_failed"": 38.5, ""sign"": 1, ""r_valid"": 1.9321599304402836e+16}"
positive_infinity_023_hopf_preserved,binary128_matching,3,USU,"[7.98991098119834e-12, 3550359267224428.5, 5423228913283031.0]","[{""pt"": [-2.2349759218886858, 4.04470830798304], ""tr"": 7.5407612073419426, ""roots"": [], ""stab"": [], ""k"": 13, ""redge"": 0.020441724384275526}, {""pt"": [0.0, -0.0], ""tr"": -5.240197753710807e-24, ""roots"": [3469390340.254205], ""stab"": [""S""], ""k"": 188, ""redge"": 2.010328497117133e+17}]","{""kind"": ""angular_chart_failure"", ""u_valid"": 37.5, ""F"": 3.604101199024208e-22, ""status"": 3, ""u_failed"": 38.5, ""sign"": 1, ""r_valid"": 1.9321599304402836e+16}"
