label,c,K,beta,alpha,selected_method,count,stability,outside_sign,edge_sign,edge_kind,edge_radius,sign_comparison,uncertain_sign_changes,baseline_origin_count,rational_vector
positive_center_000_fold,968888479267089700339486248465845633/1000000000000000000000000000000000000,1/512,0,-210009765625000000000000000000000000000/5657773271937986703734348733124301963,double_full_return,0,,,1,scan_cap,2.353852668369765e+17,unresolved,3,0,"[""0"", ""0"", ""1"", ""1"", ""1"", ""0"", ""0"", ""-210009765625000000000000000000000000000/5657773271937986703734348733124301963"", ""0"", ""-10"", ""11/5"", ""968888479267089700339486248465845633/1000000000000000000000000000000000000""]"
positive_center_000_pair,9688912553490597545035735021799674507699/10000000000000000000000000000000000000000,1/512,0,-2100097656250000000000000000000000000000000/56578038088396572995393085239796419584689,double_full_return,2,SU,1,1,scan_cap,2.353852668369765e+17,agree,1,2,"[""0"", ""0"", ""1"", ""1"", ""1"", ""0"", ""0"", ""-2100097656250000000000000000000000000000000/56578038088396572995393085239796419584689"", ""0"", ""-10"", ""11/5"", ""9688912553490597545035735021799674507699/10000000000000000000000000000000000000000""]"
positive_center_000_hopf_1,9688912553490597545035735021799674507699/10000000000000000000000000000000000000000,1/512,-29329768109595429/100000000000000000000000,-2100097656250000000000000000000000000000000/56578038088396572995393085239796419584689,double_full_return,3,USU,1,1,scan_cap,2.353852668369765e+17,agree,0,3,"[""0"", ""0"", ""1"", ""1"", ""1"", ""0"", ""0"", ""-2100097656250000000000000000000000000000000/56578038088396572995393085239796419584689"", ""-29329768109595429/100000000000000000000000"", ""-10"", ""11/5"", ""9688912553490597545035735021799674507699/10000000000000000000000000000000000000000""]"
positive_center_000_hopf_0.1,9688912553490597545035735021799674507699/10000000000000000000000000000000000000000,1/512,-2932976810959543/100000000000000000000000,-2100097656250000000000000000000000000000000/56578038088396572995393085239796419584689,double_full_return,2,SU,1,1,scan_cap,2.353852668369765e+17,agree,1,3,"[""0"", ""0"", ""1"", ""1"", ""1"", ""0"", ""0"", ""-2100097656250000000000000000000000000000000/56578038088396572995393085239796419584689"", ""-2932976810959543/100000000000000000000000"", ""-10"", ""11/5"", ""9688912553490597545035735021799674507699/10000000000000000000000000000000000000000""]"
positive_center_001_fold,484377271519692710082767201722243661/500000000000000000000000000000000000,1/1024,0,-105002441406250000000000000000000000000/2828149986716619810910439218944680271,double_full_return,0,,,1,scan_cap,2.353852668369765e+17,unresolved,3,0,"[""0"", ""0"", ""1"", ""1"", ""1"", ""0"", ""0"", ""-105002441406250000000000000000000000000/2828149986716619810910439218944680271"", ""0"", ""-10"", ""11/5"", ""484377271519692710082767201722243661/500000000000000000000000000000000000""]"
positive_center_001_pair,2421889827494474233454219323261079141849/2500000000000000000000000000000000000000,1/1024,0,-525012207031250000000000000000000000000000/14140788102439216567996412555871870560339,double_full_return,2,SU,1,1,scan_cap,2.353852668369765e+17,agree,1,2,"[""0"", ""0"", ""1"", ""1"", ""1"", ""0"", ""0"", ""-525012207031250000000000000000000000000000/14140788102439216567996412555871870560339"", ""0"", ""-10"", ""11/5"", ""2421889827494474233454219323261079141849/2500000000000000000000000000000000000000""]"
positive_center_001_hopf_1,2421889827494474233454219323261079141849/2500000000000000000000000000000000000000,1/1024,-916315656021331/6250000000000000000000,-525012207031250000000000000000000000000000/14140788102439216567996412555871870560339,double_full_return,3,USU,1,1,scan_cap,2.353852668369765e+17,agree,0,3,"[""0"", ""0"", ""1"", ""1"", ""1"", ""0"", ""0"", ""-525012207031250000000000000000000000000000/14140788102439216567996412555871870560339"", ""-916315656021331/6250000000000000000000"", ""-10"", ""11/5"", ""2421889827494474233454219323261079141849/2500000000000000000000000000000000000000""]"
positive_center_001_hopf_0.1,2421889827494474233454219323261079141849/2500000000000000000000000000000000000000,1/1024,-14661050496341297/1000000000000000000000000,-525012207031250000000000000000000000000000/14140788102439216567996412555871870560339,binary128_matching,3,USU,1,1,scan_cap,2.3538526683701997e+17,agree,0,3,"[""0"", ""0"", ""1"", ""1"", ""1"", ""0"", ""0"", ""-525012207031250000000000000000000000000000/14140788102439216567996412555871870560339"", ""-14661050496341297/1000000000000000000000000"", ""-10"", ""11/5"", ""2421889827494474233454219323261079141849/2500000000000000000000000000000000000000""]"
positive_center_002_fold,968654108416194369962696398073161869/1000000000000000000000000000000000000,1/4096,0,-210001220703125000000000000000000000000/5655195192578138069589660378804780559,double_full_return,0,,,1,scan_cap,2.353852668369765e+17,unresolved,3,0,"[""0"", ""0"", ""1"", ""1"", ""1"", ""0"", ""0"", ""-210001220703125000000000000000000000000/5655195192578138069589660378804780559"", ""0"", ""-10"", ""11/5"", ""968654108416194369962696398073161869/1000000000000000000000000000000000000""]"
positive_center_002_pair,4843272276951072976809543539510684585999/5000000000000000000000000000000000000000,1/4096,0,-1050006103515625000000000000000000000000000/28275995046461802744904978934617530445989,double_full_return,2,SU,1,1,scan_cap,2.353852668369765e+17,agree,1,2,"[""0"", ""0"", ""1"", ""1"", ""1"", ""0"", ""0"", ""-1050006103515625000000000000000000000000000/28275995046461802744904978934617530445989"", ""0"", ""-10"", ""11/5"", ""4843272276951072976809543539510684585999/5000000000000000000000000000000000000000""]"
positive_center_002_hopf_1,4843272276951072976809543539510684585999/5000000000000000000000000000000000000000,1/4096,-18322695559164853/500000000000000000000000,-1050006103515625000000000000000000000000000/28275995046461802744904978934617530445989,double_full_return,3,USU,1,1,scan_cap,2.353852668369765e+17,agree,0,3,"[""0"", ""0"", ""1"", ""1"", ""1"", ""0"", ""0"", ""-1050006103515625000000000000000000000000000/28275995046461802744904978934617530445989"", ""-18322695559164853/500000000000000000000000"", ""-10"", ""11/5"", ""4843272276951072976809543539510684585999/5000000000000000000000000000000000000000""]"
positive_center_002_hopf_0.1,4843272276951072976809543539510684585999/5000000000000000000000000000000000000000,1/4096,-9161347779582427/2500000000000000000000000,-1050006103515625000000000000000000000000000/28275995046461802744904978934617530445989,binary128_matching,3,USU,1,1,scan_cap,2.3538526683701997e+17,agree,0,3,"[""0"", ""0"", ""1"", ""1"", ""1"", ""0"", ""0"", ""-1050006103515625000000000000000000000000000/28275995046461802744904978934617530445989"", ""-9161347779582427/2500000000000000000000000"", ""-10"", ""11/5"", ""4843272276951072976809543539510684585999/5000000000000000000000000000000000000000""]"
positive_center_003_fold,193725800422462640873670695482010401/200000000000000000000000000000000000,1/16384,0,-42000061035156250000000000000000000000/1130983804647089049610377650302114411,double_full_return,0,,,1,scan_cap,2.353852668369765e+17,unresolved,3,0,"[""0"", ""0"", ""1"", ""1"", ""1"", ""0"", ""0"", ""-42000061035156250000000000000000000000/1130983804647089049610377650302114411"", ""0"", ""-10"", ""11/5"", ""193725800422462640873670695482010401/200000000000000000000000000000000000""]"
positive_center_003_pair,1210786361068551516753105568339556938753/1250000000000000000000000000000000000000,1/16384,0,-262500381469726562500000000000000000000000/7068649971754066684284161251735126326283,double_full_return,2,SU,1,1,scan_cap,2.353852668369765e+17,agree,1,2,"[""0"", ""0"", ""1"", ""1"", ""1"", ""0"", ""0"", ""-262500381469726562500000000000000000000000/7068649971754066684284161251735126326283"", ""0"", ""-10"", ""11/5"", ""1210786361068551516753105568339556938753/1250000000000000000000000000000000000000""]"
positive_center_003_hopf_1,1210786361068551516753105568339556938753/1250000000000000000000000000000000000000,1/16384,-45804196152938177/5000000000000000000000000,-262500381469726562500000000000000000000000/7068649971754066684284161251735126326283,double_full_return,1,U,1,1,scan_cap,2.353852668369765e+17,agree,2,3,"[""0"", ""0"", ""1"", ""1"", ""1"", ""0"", ""0"", ""-262500381469726562500000000000000000000000/7068649971754066684284161251735126326283"", ""-45804196152938177/5000000000000000000000000"", ""-10"", ""11/5"", ""1210786361068551516753105568339556938753/1250000000000000000000000000000000000000""]"
positive_center_003_hopf_0.1,1210786361068551516753105568339556938753/1250000000000000000000000000000000000000,1/16384,-22902098076469089/25000000000000000000000000,-262500381469726562500000000000000000000000/7068649971754066684284161251735126326283,binary128_matching,3,USU,1,1,scan_cap,2.3538526683701997e+17,agree,0,2,"[""0"", ""0"", ""1"", ""1"", ""1"", ""0"", ""0"", ""-262500381469726562500000000000000000000000/7068649971754066684284161251735126326283"", ""-22902098076469089/25000000000000000000000000"", ""-10"", ""11/5"", ""1210786361068551516753105568339556938753/1250000000000000000000000000000000000000""]"
positive_center_004_fold,121077750581375949106059737218463873/125000000000000000000000000000000000,499999999999999999999999999999999983/50000000000000000000000000000000000000000,0,-700000166666666666666666666666666666666661/18849473503870278404444189584082736080000,double_full_return,0,,,1,scan_cap,2.353852668369765e+17,unresolved,3,0,"[""0"", ""0"", ""1"", ""1"", ""1"", ""0"", ""0"", ""-700000166666666666666666666666666666666661/18849473503870278404444189584082736080000"", ""0"", ""-10"", ""11/5"", ""121077750581375949106059737218463873/125000000000000000000000000000000000""]"
positive_center_004_pair,4843110094314293633127051689928844957539/5000000000000000000000000000000000000000,499999999999999999999999999999999983/50000000000000000000000000000000000000000,0,-2100000499999999999999999999999999999999983/56548422074914459928795137178434589065858,binary128_matching,2,SU,1,1,scan_cap,2.3538526683701997e+17,agree,0,2,"[""0"", ""0"", ""1"", ""1"", ""1"", ""0"", ""0"", ""-2100000499999999999999999999999999999999983/56548422074914459928795137178434589065858"", ""0"", ""-10"", ""11/5"", ""4843110094314293633127051689928844957539/5000000000000000000000000000000000000000""]"
positive_center_004_hopf_1,4843110094314293633127051689928844957539/5000000000000000000000000000000000000000,499999999999999999999999999999999983/50000000000000000000000000000000000000000,-150082639443627/100000000000000000000000,-2100000499999999999999999999999999999999983/56548422074914459928795137178434589065858,binary128_matching,3,USU,1,1,scan_cap,2.3538526683701997e+17,agree,0,2,"[""0"", ""0"", ""1"", ""1"", ""1"", ""0"", ""0"", ""-2100000499999999999999999999999999999999983/56548422074914459928795137178434589065858"", ""-150082639443627/100000000000000000000000"", ""-10"", ""11/5"", ""4843110094314293633127051689928844957539/5000000000000000000000000000000000000000""]"
positive_center_004_hopf_0.1,4843110094314293633127051689928844957539/5000000000000000000000000000000000000000,499999999999999999999999999999999983/50000000000000000000000000000000000000000,-15008263944362701/100000000000000000000000000,-2100000499999999999999999999999999999999983/56548422074914459928795137178434589065858,binary128_matching,3,USU,1,1,scan_cap,2.3538526683701997e+17,agree,0,2,"[""0"", ""0"", ""1"", ""1"", ""1"", ""0"", ""0"", ""-2100000499999999999999999999999999999999983/56548422074914459928795137178434589065858"", ""-15008263944362701/100000000000000000000000000"", ""-10"", ""11/5"", ""4843110094314293633127051689928844957539/5000000000000000000000000000000000000000""]"
positive_center_005_fold,968620770663119284660556679039995377/1000000000000000000000000000000000000,99999999999999999999999999999999993/100000000000000000000000000000000000000000,0,-466666677777777777777777777777777777777777/12566285505098471402813607709866553660000,double_full_return,0,,,1,scan_cap,2.353852668369765e+17,unresolved,3,0,"[""0"", ""0"", ""1"", ""1"", ""1"", ""0"", ""0"", ""-466666677777777777777777777777777777777777/12566285505098471402813607709866553660000"", ""0"", ""-10"", ""11/5"", ""968620770663119284660556679039995377/1000000000000000000000000000000000000""]"
positive_center_005_pair,1210775965105379512970553718955576729191/1250000000000000000000000000000000000000,99999999999999999999999999999999993/100000000000000000000000000000000000000000,0,-4200000099999999999999999999999999999999993/113096569858546794282817454536181504337616,binary128_matching,2,SU,1,1,scan_cap,2.3538526683701997e+17,agree,0,2,"[""0"", ""0"", ""1"", ""1"", ""1"", ""0"", ""0"", ""-4200000099999999999999999999999999999999993/113096569858546794282817454536181504337616"", ""0"", ""-10"", ""11/5"", ""1210775965105379512970553718955576729191/1250000000000000000000000000000000000000""]"
positive_center_005_hopf_1,1210775965105379512970553718955576729191/1250000000000000000000000000000000000000,99999999999999999999999999999999993/100000000000000000000000000000000000000000,-7500352464388149/50000000000000000000000000,-4200000099999999999999999999999999999999993/113096569858546794282817454536181504337616,binary128_matching,3,USU,1,1,scan_cap,2.3538526683701997e+17,agree,0,2,"[""0"", ""0"", ""1"", ""1"", ""1"", ""0"", ""0"", ""-4200000099999999999999999999999999999999993/113096569858546794282817454536181504337616"", ""-7500352464388149/50000000000000000000000000"", ""-10"", ""11/5"", ""1210775965105379512970553718955576729191/1250000000000000000000000000000000000000""]"
positive_center_005_hopf_0.1,1210775965105379512970553718955576729191/1250000000000000000000000000000000000000,99999999999999999999999999999999993/100000000000000000000000000000000000000000,-7500352464388149/500000000000000000000000000,-4200000099999999999999999999999999999999993/113096569858546794282817454536181504337616,binary128_matching,3,USU,1,1,scan_cap,2.3538526683701997e+17,agree,0,2,"[""0"", ""0"", ""1"", ""1"", ""1"", ""0"", ""0"", ""-4200000099999999999999999999999999999999993/113096569858546794282817454536181504337616"", ""-7500352464388149/500000000000000000000000000"", ""-10"", ""11/5"", ""1210775965105379512970553718955576729191/1250000000000000000000000000000000000000""]"
positive_center_006_fold,193724129452891104537403925819247969/200000000000000000000000000000000000,124999999999999999999999999999999997/1250000000000000000000000000000000000000000,0,-52500000124999999999999999999999999999999997/1413706779977252687389303980014659573750000,double_full_return,0,,,1,scan_cap,2.353852668369765e+17,unresolved,3,0,"[""0"", ""0"", ""1"", ""1"", ""1"", ""0"", ""0"", ""-52500000124999999999999999999999999999999997/1413706779977252687389303980014659573750000"", ""0"", ""-10"", ""11/5"", ""193724129452891104537403925819247969/200000000000000000000000000000000000""]"
positive_center_006_pair,9686206474065739473817078337172664928947/10000000000000000000000000000000000000000,124999999999999999999999999999999997/1250000000000000000000000000000000000000000,0,-52500000124999999999999999999999999999999997/1413706780368078355299696542722482855460425,binary128_matching,2,SU,1,1,scan_cap,2.3538526683701997e+17,agree,0,0,"[""0"", ""0"", ""1"", ""1"", ""1"", ""0"", ""0"", ""-52500000124999999999999999999999999999999997/1413706780368078355299696542722482855460425"", ""0"", ""-10"", ""11/5"", ""9686206474065739473817078337172664928947/10000000000000000000000000000000000000000""]"
positive_center_006_hopf_1,9686206474065739473817078337172664928947/10000000000000000000000000000000000000000,124999999999999999999999999999999997/1250000000000000000000000000000000000000000,-3730352834212753/250000000000000000000000000,-52500000124999999999999999999999999999999997/1413706780368078355299696542722482855460425,binary128_matching,3,USU,1,1,scan_cap,2.3538526683701997e+17,agree,0,0,"[""0"", ""0"", ""1"", ""1"", ""1"", ""0"", ""0"", ""-52500000124999999999999999999999999999999997/1413706780368078355299696542722482855460425"", ""-3730352834212753/250000000000000000000000000"", ""-10"", ""11/5"", ""9686206474065739473817078337172664928947/10000000000000000000000000000000000000000""]"
positive_center_006_hopf_0.1,9686206474065739473817078337172664928947/10000000000000000000000000000000000000000,124999999999999999999999999999999997/1250000000000000000000000000000000000000000,-3730352834212753/2500000000000000000000000000,-52500000124999999999999999999999999999999997/1413706780368078355299696542722482855460425,binary128_matching,3,USU,1,1,scan_cap,2.3538526683701997e+17,agree,0,0,"[""0"", ""0"", ""1"", ""1"", ""1"", ""0"", ""0"", ""-52500000124999999999999999999999999999999997/1413706780368078355299696542722482855460425"", ""-3730352834212753/2500000000000000000000000000"", ""-10"", ""11/5"", ""9686206474065739473817078337172664928947/10000000000000000000000000000000000000000""]"
positive_center_007_fold,484310317462295198591571136153353793/500000000000000000000000000000000000,1/100000000,0,-105000000025000000000000000000000000000/2827413492085247184507282497686891723,double_full_return,0,,,1,scan_cap,2.353852668369765e+17,unresolved,3,0,"[""0"", ""0"", ""1"", ""1"", ""1"", ""0"", ""0"", ""-105000000025000000000000000000000000000/2827413492085247184507282497686891723"", ""0"", ""-10"", ""11/5"", ""484310317462295198591571136153353793/500000000000000000000000000000000000""]"
positive_center_007_pair,9686206349388022395738418058374916662003/10000000000000000000000000000000000000000,1/100000000,0,-67741935500000000000000000000000000000000/1824137736879620850100728988455615589743,binary128_matching,2,SU,1,1,scan_cap,2.3538526683701997e+17,agree,0,0,"[""0"", ""0"", ""1"", ""1"", ""1"", ""0"", ""0"", ""-67741935500000000000000000000000000000000/1824137736879620850100728988455615589743"", ""0"", ""-10"", ""11/5"", ""9686206349388022395738418058374916662003/10000000000000000000000000000000000000000""]"
positive_center_007_hopf_1,9686206349388022395738418058374916662003/10000000000000000000000000000000000000000,1/100000000,-7093800887747657/5000000000000000000000000000,-67741935500000000000000000000000000000000/1824137736879620850100728988455615589743,binary128_matching,3,USU,1,1,scan_cap,2.3538526683701997e+17,agree,0,0,"[""0"", ""0"", ""1"", ""1"", ""1"", ""0"", ""0"", ""-67741935500000000000000000000000000000000/1824137736879620850100728988455615589743"", ""-7093800887747657/5000000000000000000000000000"", ""-10"", ""11/5"", ""9686206349388022395738418058374916662003/10000000000000000000000000000000000000000""]"
positive_center_007_hopf_0.1,9686206349388022395738418058374916662003/10000000000000000000000000000000000000000,1/100000000,-7093800887747657/50000000000000000000000000000,-67741935500000000000000000000000000000000/1824137736879620850100728988455615589743,binary128_matching,3,USU,1,1,scan_cap,2.3538526683701997e+17,agree,0,0,"[""0"", ""0"", ""1"", ""1"", ""1"", ""0"", ""0"", ""-67741935500000000000000000000000000000000/1824137736879620850100728988455615589743"", ""-7093800887747657/50000000000000000000000000000"", ""-10"", ""11/5"", ""9686206349388022395738418058374916662003/10000000000000000000000000000000000000000""]"
positive_center_008_fold,484310316845301948569847161839028531/500000000000000000000000000000000000,249999999999999999999999999999999983/250000000000000000000000000000000000000000000,0,-10500000000249999999999999999999999999999999983/282741348529832143426831878022931384100000000,double_full_return,0,,,1,scan_cap,2.353852668369765e+17,unresolved,3,0,"[""0"", ""0"", ""1"", ""1"", ""1"", ""0"", ""0"", ""-10500000000249999999999999999999999999999999983/282741348529832143426831878022931384100000000"", ""0"", ""-10"", ""11/5"", ""484310316845301948569847161839028531/500000000000000000000000000000000000""]"
positive_center_008_pair,9686206336920250813779765835453276487653/10000000000000000000000000000000000000000,249999999999999999999999999999999983/250000000000000000000000000000000000000000000,0,-10500000000249999999999999999999999999999999983/282741348530613794757887120949930206820915000,binary128_matching,2,SU,1,1,scan_cap,2.3538526683701997e+17,agree,0,0,"[""0"", ""0"", ""1"", ""1"", ""1"", ""0"", ""0"", ""-10500000000249999999999999999999999999999999983/282741348530613794757887120949930206820915000"", ""0"", ""-10"", ""11/5"", ""9686206336920250813779765835453276487653/10000000000000000000000000000000000000000""]"
positive_center_008_hopf_1,9686206336920250813779765835453276487653/10000000000000000000000000000000000000000,249999999999999999999999999999999983/250000000000000000000000000000000000000000000,-37348403945168257/500000000000000000000000000000,-10500000000249999999999999999999999999999999983/282741348530613794757887120949930206820915000,binary128_matching,3,USU,1,1,scan_cap,2.3538526683701997e+17,agree,0,0,"[""0"", ""0"", ""1"", ""1"", ""1"", ""0"", ""0"", ""-10500000000249999999999999999999999999999999983/282741348530613794757887120949930206820915000"", ""-37348403945168257/500000000000000000000000000000"", ""-10"", ""11/5"", ""9686206336920250813779765835453276487653/10000000000000000000000000000000000000000""]"
positive_center_008_hopf_0.1,9686206336920250813779765835453276487653/10000000000000000000000000000000000000000,249999999999999999999999999999999983/250000000000000000000000000000000000000000000,-74696807890336511/10000000000000000000000000000000,-10500000000249999999999999999999999999999999983/282741348530613794757887120949930206820915000,binary128_matching,3,USU,1,1,scan_cap,2.3538526683701997e+17,agree,0,0,"[""0"", ""0"", ""1"", ""1"", ""1"", ""0"", ""0"", ""-10500000000249999999999999999999999999999999983/282741348530613794757887120949930206820915000"", ""-74696807890336511/10000000000000000000000000000000"", ""-10"", ""11/5"", ""9686206336920250813779765835453276487653/10000000000000000000000000000000000000000""]"
positive_center_009_fold,484310316783602623624524492976631443/500000000000000000000000000000000000,25000000000000000000000000000000001/250000000000000000000000000000000000000000000,0,-10500000000025000000000000000000000000000000001/282741348461962885986976942274294587300000000,double_full_return,0,,,1,scan_cap,2.353852668369765e+17,unresolved,1,0,"[""0"", ""0"", ""1"", ""1"", ""1"", ""0"", ""0"", ""-10500000000025000000000000000000000000000000001/282741348461962885986976942274294587300000000"", ""0"", ""-10"", ""11/5"", ""484310316783602623624524492976631443/500000000000000000000000000000000000""]"
positive_center_009_pair,1937241267134694731345595387184111052757/2000000000000000000000000000000000000000,25000000000000000000000000000000001/250000000000000000000000000000000000000000000,0,-10500000000025000000000000000000000000000000001/282741348462041051120038731475630539508175000,binary128_matching,2,SU,1,1,scan_cap,2.3538526683701997e+17,agree,0,0,"[""0"", ""0"", ""1"", ""1"", ""1"", ""0"", ""0"", ""-10500000000025000000000000000000000000000000001/282741348462041051120038731475630539508175000"", ""0"", ""-10"", ""11/5"", ""1937241267134694731345595387184111052757/2000000000000000000000000000000000000000""]"
positive_center_009_hopf_1,1937241267134694731345595387184111052757/2000000000000000000000000000000000000000,25000000000000000000000000000000001/250000000000000000000000000000000000000000000,-1647889972432881/25000000000000000000000000000,-10500000000025000000000000000000000000000000001/282741348462041051120038731475630539508175000,binary128_matching,3,USU,1,1,scan_cap,2.3538526683701997e+17,agree,0,0,"[""0"", ""0"", ""1"", ""1"", ""1"", ""0"", ""0"", ""-10500000000025000000000000000000000000000000001/282741348462041051120038731475630539508175000"", ""-1647889972432881/25000000000000000000000000000"", ""-10"", ""11/5"", ""1937241267134694731345595387184111052757/2000000000000000000000000000000000000000""]"
positive_infinity_001_fold,969156431821404178705690373969329173/1000000000000000000000000000000000000,1/256,0,-210019531250000000000000000000000000000/5660720750035445965762594113662620903,double_full_return,0,,,1,scan_cap,2.353852668369765e+17,unresolved,3,0,"[""0"", ""0"", ""1"", ""1"", ""1"", ""0"", ""0"", ""-210019531250000000000000000000000000000/5660720750035445965762594113662620903"", ""0"", ""-10"", ""11/5"", ""969156431821404178705690373969329173/1000000000000000000000000000000000000""]"
positive_center_009_hopf_0.1,1937241267134694731345595387184111052757/2000000000000000000000000000000000000000,25000000000000000000000000000000001/250000000000000000000000000000000000000000000,-1647889972432881/250000000000000000000000000000,-10500000000025000000000000000000000000000000001/282741348462041051120038731475630539508175000,binary128_matching,3,USU,1,1,scan_cap,2.3538526683701997e+17,agree,0,0,"[""0"", ""0"", ""1"", ""1"", ""1"", ""0"", ""0"", ""-10500000000025000000000000000000000000000000001/282741348462041051120038731475630539508175000"", ""-1647889972432881/250000000000000000000000000000"", ""-10"", ""11/5"", ""1937241267134694731345595387184111052757/2000000000000000000000000000000000000000""]"
positive_infinity_001_pair,9691619846388926296288413331374609891579/10000000000000000000000000000000000000000,1/256,0,-2100195312500000000000000000000000000000000/56607818310278189259172546645120708807369,double_full_return,2,SU,1,1,scan_cap,2.353852668369765e+17,agree,1,2,"[""0"", ""0"", ""1"", ""1"", ""1"", ""0"", ""0"", ""-2100195312500000000000000000000000000000000/56607818310278189259172546645120708807369"", ""0"", ""-10"", ""11/5"", ""9691619846388926296288413331374609891579/10000000000000000000000000000000000000000""]"
positive_infinity_001_hopf_1,9691619846388926296288413331374609891579/10000000000000000000000000000000000000000,1/256,-58690208094656151/100000000000000000000000,-2100195312500000000000000000000000000000000/56607818310278189259172546645120708807369,double_full_return,3,USU,1,1,scan_cap,2.353852668369765e+17,agree,0,3,"[""0"", ""0"", ""1"", ""1"", ""1"", ""0"", ""0"", ""-2100195312500000000000000000000000000000000/56607818310278189259172546645120708807369"", ""-58690208094656151/100000000000000000000000"", ""-10"", ""11/5"", ""9691619846388926296288413331374609891579/10000000000000000000000000000000000000000""]"
negative_000_fold,968606922732773480979780597145744289/1000000000000000000000000000000000000,-100000000000000000001140000000000003/1000000000000000000000000000000000000000,0,-41999899999999999999999998859999999999997/1130935230012101658155517313720637435800,double_full_return,0,,,-1,scan_cap,2.353852668369765e+17,unresolved,0,0,"[""0"", ""0"", ""1"", ""1"", ""1"", ""0"", ""0"", ""-41999899999999999999999998859999999999997/1130935230012101658155517313720637435800"", ""0"", ""-10"", ""11/5"", ""968606922732773480979780597145744289/1000000000000000000000000000000000000""]"
positive_infinity_001_hopf_0.1,9691619846388926296288413331374609891579/10000000000000000000000000000000000000000,1/256,-11738041618931231/200000000000000000000000,-2100195312500000000000000000000000000000000/56607818310278189259172546645120708807369,double_full_return,3,USU,1,1,scan_cap,2.353852668369765e+17,agree,0,3,"[""0"", ""0"", ""1"", ""1"", ""1"", ""0"", ""0"", ""-2100195312500000000000000000000000000000000/56607818310278189259172546645120708807369"", ""-11738041618931231/200000000000000000000000"", ""-10"", ""11/5"", ""9691619846388926296288413331374609891579/10000000000000000000000000000000000000000""]"
negative_000_pair,2421516951538062982885724441751473066933/2500000000000000000000000000000000000000,-100000000000000000001140000000000003/1000000000000000000000000000000000000000,0,-1049997499999999999999999971499999999999925/28273372933837385623485937718532407472526,double_full_return,2,US,-1,-1,scan_cap,2.353852668369765e+17,agree,0,2,"[""0"", ""0"", ""1"", ""1"", ""1"", ""0"", ""0"", ""-1049997499999999999999999971499999999999925/28273372933837385623485937718532407472526"", ""0"", ""-10"", ""11/5"", ""2421516951538062982885724441751473066933/2500000000000000000000000000000000000000""]"
negative_000_hopf_1,2421516951538062982885724441751473066933/2500000000000000000000000000000000000000,-100000000000000000001140000000000003/1000000000000000000000000000000000000000,938042673254693/62500000000000000000000,-1049997499999999999999999971499999999999925/28273372933837385623485937718532407472526,double_full_return,3,SUS,-1,-1,scan_cap,2.353852668369765e+17,agree,0,3,"[""0"", ""0"", ""1"", ""1"", ""1"", ""0"", ""0"", ""-1049997499999999999999999971499999999999925/28273372933837385623485937718532407472526"", ""938042673254693/62500000000000000000000"", ""-10"", ""11/5"", ""2421516951538062982885724441751473066933/2500000000000000000000000000000000000000""]"
negative_000_hopf_0.1,2421516951538062982885724441751473066933/2500000000000000000000000000000000000000,-100000000000000000001140000000000003/1000000000000000000000000000000000000000,938042673254693/625000000000000000000000,-1049997499999999999999999971499999999999925/28273372933837385623485937718532407472526,binary128_matching,3,SUS,-1,-1,scan_cap,2.3538526683701997e+17,agree,0,3,"[""0"", ""0"", ""1"", ""1"", ""1"", ""0"", ""0"", ""-1049997499999999999999999971499999999999925/28273372933837385623485937718532407472526"", ""938042673254693/625000000000000000000000"", ""-10"", ""11/5"", ""2421516951538062982885724441751473066933/2500000000000000000000000000000000000000""]"
positive_infinity_002_fold,242691594139419884713804064540438103/250000000000000000000000000000000000,1/64,0,-52519531250000000000000000000000000000/1419607535533618731851844709944819133,double_full_return,0,,,1,scan_cap,2.353852668369765e+17,unresolved,3,0,"[""0"", ""0"", ""1"", ""1"", ""1"", ""0"", ""0"", ""-52519531250000000000000000000000000000/1419607535533618731851844709944819133"", ""0"", ""-10"", ""11/5"", ""242691594139419884713804064540438103/250000000000000000000000000000000000""]"
positive_infinity_002_pair,303371438348446070742771475236637141227/312500000000000000000000000000000000000,1/64,0,-65649414062500000000000000000000000000000/1774585821832906778170486227603008553497,double_full_return,2,SU,1,1,scan_cap,2.353852668369765e+17,agree,1,2,"[""0"", ""0"", ""1"", ""1"", ""1"", ""0"", ""0"", ""-65649414062500000000000000000000000000000/1774585821832906778170486227603008553497"", ""0"", ""-10"", ""11/5"", ""303371438348446070742771475236637141227/312500000000000000000000000000000000000""]"
positive_infinity_002_hopf_1,303371438348446070742771475236637141227/312500000000000000000000000000000000000,1/64,-23550004534202221/10000000000000000000000,-65649414062500000000000000000000000000000/1774585821832906778170486227603008553497,double_full_return,3,USU,1,1,scan_cap,2.353852668369765e+17,agree,0,3,"[""0"", ""0"", ""1"", ""1"", ""1"", ""0"", ""0"", ""-65649414062500000000000000000000000000000/1774585821832906778170486227603008553497"", ""-23550004534202221/10000000000000000000000"", ""-10"", ""11/5"", ""303371438348446070742771475236637141227/312500000000000000000000000000000000000""]"
negative_001_fold,484241768992574103464267537113518827/500000000000000000000000000000000000,-999999999999999999999999999999999943/1000000000000000000000000000000000000000,0,-41999000000000000000000000000000000000057/1130663783567326055242777163299482838800,double_full_return,0,,,-1,scan_cap,2.353852668369765e+17,unresolved,0,0,"[""0"", ""0"", ""1"", ""1"", ""1"", ""0"", ""0"", ""-41999000000000000000000000000000000000057/1130663783567326055242777163299482838800"", ""0"", ""-10"", ""11/5"", ""484241768992574103464267537113518827/500000000000000000000000000000000000""]"
positive_infinity_002_hopf_0.1,303371438348446070742771475236637141227/312500000000000000000000000000000000000,1/64,-23550004534202223/100000000000000000000000,-65649414062500000000000000000000000000000/1774585821832906778170486227603008553497,double_full_return,3,USU,1,1,scan_cap,2.353852668369765e+17,agree,0,3,"[""0"", ""0"", ""1"", ""1"", ""1"", ""0"", ""0"", ""-65649414062500000000000000000000000000000/1774585821832906778170486227603008553497"", ""-23550004534202223/100000000000000000000000"", ""-10"", ""11/5"", ""303371438348446070742771475236637141227/312500000000000000000000000000000000000""]"
negative_001_pair,4842410584443742051595659124965110071597/5000000000000000000000000000000000000000,-999999999999999999999999999999999943/1000000000000000000000000000000000000000,0,-1049975000000000000000000000000000000001425/28266516428881162567552250374616210787567,double_full_return,2,US,-1,-1,scan_cap,2.353852668369765e+17,agree,0,2,"[""0"", ""0"", ""1"", ""1"", ""1"", ""0"", ""0"", ""-1049975000000000000000000000000000000001425/28266516428881162567552250374616210787567"", ""0"", ""-10"", ""11/5"", ""4842410584443742051595659124965110071597/5000000000000000000000000000000000000000""]"
negative_001_hopf_1,4842410584443742051595659124965110071597/5000000000000000000000000000000000000000,-999999999999999999999999999999999943/1000000000000000000000000000000000000000,37512509825679/250000000000000000000,-1049975000000000000000000000000000000001425/28266516428881162567552250374616210787567,double_full_return,3,SUS,-1,-1,scan_cap,2.353852668369765e+17,agree,0,3,"[""0"", ""0"", ""1"", ""1"", ""1"", ""0"", ""0"", ""-1049975000000000000000000000000000000001425/28266516428881162567552250374616210787567"", ""37512509825679/250000000000000000000"", ""-10"", ""11/5"", ""4842410584443742051595659124965110071597/5000000000000000000000000000000000000000""]"
negative_001_hopf_0.1,4842410584443742051595659124965110071597/5000000000000000000000000000000000000000,-999999999999999999999999999999999943/1000000000000000000000000000000000000000,7502501965135801/500000000000000000000000,-1049975000000000000000000000000000000001425/28266516428881162567552250374616210787567,binary128_matching,3,SUS,-1,-1,scan_cap,2.3538526683701997e+17,agree,0,3,"[""0"", ""0"", ""1"", ""1"", ""1"", ""0"", ""0"", ""-1049975000000000000000000000000000000001425/28266516428881162567552250374616210787567"", ""7502501965135801/500000000000000000000000"", ""-10"", ""11/5"", ""4842410584443742051595659124965110071597/5000000000000000000000000000000000000000""]"
positive_infinity_003_fold,195448681459127826835129130140288753/200000000000000000000000000000000000,1/16,0,-42062500000000000000000000000000000000/1149935496050406095186420431543176283,double_full_return,0,,,1,integration_failure,1417141720265.0354,unresolved,3,0,"[""0"", ""0"", ""1"", ""1"", ""1"", ""0"", ""0"", ""-42062500000000000000000000000000000000/1149935496050406095186420431543176283"", ""0"", ""-10"", ""11/5"", ""195448681459127826835129130140288753/200000000000000000000000000000000000""]"
positive_infinity_003_pair,9773324946545922391338530402700474321001/10000000000000000000000000000000000000000,1/16,0,-2103125000000000000000000000000000000000000/57506574412005146304723834429705217531011,double_full_return,2,SU,1,1,integration_failure,1268458173426.3403,agree,1,2,"[""0"", ""0"", ""1"", ""1"", ""1"", ""0"", ""0"", ""-2103125000000000000000000000000000000000000/57506574412005146304723834429705217531011"", ""0"", ""-10"", ""11/5"", ""9773324946545922391338530402700474321001/10000000000000000000000000000000000000000""]"
negative_002_fold,483625473384116574465457355209474233/500000000000000000000000000000000000,-50000000000000000000000000000000001/5000000000000000000000000000000000000,0,-209949999999999999999999999999999999999/5639760414450564638240061814608433126,double_full_return,0,,,-1,scan_cap,2.353852668369765e+17,unresolved,0,0,"[""0"", ""0"", ""1"", ""1"", ""1"", ""0"", ""0"", ""-209949999999999999999999999999999999999/5639760414450564638240061814608433126"", ""0"", ""-10"", ""11/5"", ""483625473384116574465457355209474233/500000000000000000000000000000000000""]"
positive_infinity_003_hopf_1,9773324946545922391338530402700474321001/10000000000000000000000000000000000000000,1/16,-19081092320584109/2000000000000000000000,-2103125000000000000000000000000000000000000/57506574412005146304723834429705217531011,double_full_return,3,USU,1,1,integration_failure,1268953761688.6177,agree,0,3,"[""0"", ""0"", ""1"", ""1"", ""1"", ""0"", ""0"", ""-2103125000000000000000000000000000000000000/57506574412005146304723834429705217531011"", ""-19081092320584109/2000000000000000000000"", ""-10"", ""11/5"", ""9773324946545922391338530402700474321001/10000000000000000000000000000000000000000""]"
negative_002_pair,9672367439942216977819499801913945541363/10000000000000000000000000000000000000000,-50000000000000000000000000000000001/5000000000000000000000000000000000000,0,-699833333333333333333333333333333333330000/18798680613121462252004832607017800318331,double_full_return,2,US,-1,-1,scan_cap,2.353852668369765e+17,agree,0,2,"[""0"", ""0"", ""1"", ""1"", ""1"", ""0"", ""0"", ""-699833333333333333333333333333333333330000/18798680613121462252004832607017800318331"", ""0"", ""-10"", ""11/5"", ""9672367439942216977819499801913945541363/10000000000000000000000000000000000000000""]"
positive_infinity_003_hopf_0.1,9773324946545922391338530402700474321001/10000000000000000000000000000000000000000,1/16,-1908109232058411/2000000000000000000000,-2103125000000000000000000000000000000000000/57506574412005146304723834429705217531011,double_full_return,3,USU,1,1,integration_failure,1268520111372.738,agree,0,3,"[""0"", ""0"", ""1"", ""1"", ""1"", ""0"", ""0"", ""-2103125000000000000000000000000000000000000/57506574412005146304723834429705217531011"", ""-1908109232058411/2000000000000000000000"", ""-10"", ""11/5"", ""9773324946545922391338530402700474321001/10000000000000000000000000000000000000000""]"
negative_002_hopf_1,9672367439942216977819499801913945541363/10000000000000000000000000000000000000000,-50000000000000000000000000000000001/5000000000000000000000000000000000000,3742255971290633/2500000000000000000000,-699833333333333333333333333333333333330000/18798680613121462252004832607017800318331,double_full_return,3,SUS,-1,-1,scan_cap,2.353852668369765e+17,agree,0,3,"[""0"", ""0"", ""1"", ""1"", ""1"", ""0"", ""0"", ""-699833333333333333333333333333333333330000/18798680613121462252004832607017800318331"", ""3742255971290633/2500000000000000000000"", ""-10"", ""11/5"", ""9672367439942216977819499801913945541363/10000000000000000000000000000000000000000""]"
negative_002_hopf_0.1,9672367439942216977819499801913945541363/10000000000000000000000000000000000000000,-50000000000000000000000000000000001/5000000000000000000000000000000000000,3742255971290633/25000000000000000000000,-699833333333333333333333333333333333330000/18798680613121462252004832607017800318331,double_full_return,3,SUS,-1,-1,scan_cap,2.353852668369765e+17,agree,0,3,"[""0"", ""0"", ""1"", ""1"", ""1"", ""0"", ""0"", ""-699833333333333333333333333333333333330000/18798680613121462252004832607017800318331"", ""3742255971290633/25000000000000000000000"", ""-10"", ""11/5"", ""9672367439942216977819499801913945541363/10000000000000000000000000000000000000000""]"
positive_infinity_004_fold,197193431530739451684250539415001041/200000000000000000000000000000000000,1/8,0,-42125000000000000000000000000000000000/1169127746838133968526755933565011451,double_full_return,0,,,1,integration_failure,857708958.4353,unresolved,3,0,"[""0"", ""0"", ""1"", ""1"", ""1"", ""0"", ""0"", ""-42125000000000000000000000000000000000/1169127746838133968526755933565011451"", ""0"", ""-10"", ""11/5"", ""197193431530739451684250539415001041/200000000000000000000000000000000000""]"
positive_infinity_004_pair,2465363841699892059378430064308947416381/2500000000000000000000000000000000000000,1/8,0,-526562500000000000000000000000000000000000/14619002258698812653162730707398421580191,double_full_return,2,SU,1,1,integration_failure,777452574.8073244,agree,1,2,"[""0"", ""0"", ""1"", ""1"", ""1"", ""0"", ""0"", ""-526562500000000000000000000000000000000000/14619002258698812653162730707398421580191"", ""0"", ""-10"", ""11/5"", ""2465363841699892059378430064308947416381/2500000000000000000000000000000000000000""]"
positive_infinity_004_hopf_1,2465363841699892059378430064308947416381/2500000000000000000000000000000000000000,1/8,-19414038107917901/1000000000000000000000,-526562500000000000000000000000000000000000/14619002258698812653162730707398421580191,double_full_return,3,USU,1,1,integration_failure,777870264.0362296,agree,0,3,"[""0"", ""0"", ""1"", ""1"", ""1"", ""0"", ""0"", ""-526562500000000000000000000000000000000000/14619002258698812653162730707398421580191"", ""-19414038107917901/1000000000000000000000"", ""-10"", ""11/5"", ""2465363841699892059378430064308947416381/2500000000000000000000000000000000000000""]"
negative_003_fold,961800938747130663002140855597213127/1000000000000000000000000000000000000,-62500000000000000000000000000000003/1250000000000000000000000000000000000,0,-29964285714285714285714285714285714284/797115760888348184717649915938477771,double_full_return,0,,,-1,scan_cap,2.353852668369765e+17,unresolved,0,0,"[""0"", ""0"", ""1"", ""1"", ""1"", ""0"", ""0"", ""-29964285714285714285714285714285714284/797115760888348184717649915938477771"", ""0"", ""-10"", ""11/5"", ""961800938747130663002140855597213127/1000000000000000000000000000000000000""]"
positive_infinity_004_hopf_0.1,2465363841699892059378430064308947416381/2500000000000000000000000000000000000000,1/8,-19414038107917901/10000000000000000000000,-526562500000000000000000000000000000000000/14619002258698812653162730707398421580191,double_full_return,3,USU,1,1,integration_failure,777490537.2856388,agree,0,3,"[""0"", ""0"", ""1"", ""1"", ""1"", ""0"", ""0"", ""-526562500000000000000000000000000000000000/14619002258698812653162730707398421580191"", ""-19414038107917901/10000000000000000000000"", ""-10"", ""11/5"", ""2465363841699892059378430064308947416381/2500000000000000000000000000000000000000""]"
negative_003_pair,1923460274919634123568760853932678606717/2000000000000000000000000000000000000000,-62500000000000000000000000000000003/1250000000000000000000000000000000000,0,-419499999999999999999999999999999999976000/11158063024115975359256369393259464673887,double_full_return,2,US,-1,-1,scan_cap,2.353852668369765e+17,agree,0,2,"[""0"", ""0"", ""1"", ""1"", ""1"", ""0"", ""0"", ""-419499999999999999999999999999999999976000/11158063024115975359256369393259464673887"", ""0"", ""-10"", ""11/5"", ""1923460274919634123568760853932678606717/2000000000000000000000000000000000000000""]"
negative_003_hopf_1,1923460274919634123568760853932678606717/2000000000000000000000000000000000000000,-62500000000000000000000000000000003/1250000000000000000000000000000000000,74058447524192271/10000000000000000000000,-419499999999999999999999999999999999976000/11158063024115975359256369393259464673887,double_full_return,3,SUS,-1,-1,scan_cap,2.353852668369765e+17,agree,0,3,"[""0"", ""0"", ""1"", ""1"", ""1"", ""0"", ""0"", ""-419499999999999999999999999999999999976000/11158063024115975359256369393259464673887"", ""74058447524192271/10000000000000000000000"", ""-10"", ""11/5"", ""1923460274919634123568760853932678606717/2000000000000000000000000000000000000000""]"
negative_003_hopf_0.1,1923460274919634123568760853932678606717/2000000000000000000000000000000000000000,-62500000000000000000000000000000003/1250000000000000000000000000000000000,74058447524192273/100000000000000000000000,-419499999999999999999999999999999999976000/11158063024115975359256369393259464673887,double_full_return,3,SUS,-1,-1,scan_cap,2.353852668369765e+17,agree,0,3,"[""0"", ""0"", ""1"", ""1"", ""1"", ""0"", ""0"", ""-419499999999999999999999999999999999976000/11158063024115975359256369393259464673887"", ""74058447524192273/100000000000000000000000"", ""-10"", ""11/5"", ""1923460274919634123568760853932678606717/2000000000000000000000000000000000000000""]"
positive_infinity_005_fold,199999999999999179765124382570315679/200000000000000000000000000000000000,224215783967300000000000000000000009/1000000000000000000000000000000000000,0,-42224215783967300000000000000000000009/1199999999999990977416368208273472469,double_full_return,0,,,1,integration_failure,4508541.988206818,unresolved,3,0,"[""0"", ""0"", ""1"", ""1"", ""1"", ""0"", ""0"", ""-42224215783967300000000000000000000009/1199999999999990977416368208273472469"", ""0"", ""-10"", ""11/5"", ""199999999999999179765124382570315679/200000000000000000000000000000000000""]"
positive_infinity_005_pair,100031931445586040060560290258470690991/100000000000000000000000000000000000000,224215783967300000000000000000000009/1000000000000000000000000000000000000,0,-21112107891983650000000000000000000004500/600351245901446440666163192843177600901,double_full_return,2,SU,1,1,integration_failure,4180422.3980576014,agree,1,2,"[""0"", ""0"", ""1"", ""1"", ""1"", ""0"", ""0"", ""-21112107891983650000000000000000000004500/600351245901446440666163192843177600901"", ""0"", ""-10"", ""11/5"", ""100031931445586040060560290258470690991/100000000000000000000000000000000000000""]"
positive_infinity_005_hopf_1,100031931445586040060560290258470690991/100000000000000000000000000000000000000,224215783967300000000000000000000009/1000000000000000000000000000000000000,-358211185531303/10000000000000000000,-21112107891983650000000000000000000004500/600351245901446440666163192843177600901,double_full_return,3,USU,1,1,integration_failure,4183791.771258979,agree,0,3,"[""0"", ""0"", ""1"", ""1"", ""1"", ""0"", ""0"", ""-21112107891983650000000000000000000004500/600351245901446440666163192843177600901"", ""-358211185531303/10000000000000000000"", ""-10"", ""11/5"", ""100031931445586040060560290258470690991/100000000000000000000000000000000000000""]"
positive_infinity_005_hopf_0.1,100031931445586040060560290258470690991/100000000000000000000000000000000000000,224215783967300000000000000000000009/1000000000000000000000000000000000000,-17910559276565151/5000000000000000000000,-21112107891983650000000000000000000004500/600351245901446440666163192843177600901,double_full_return,3,USU,1,1,integration_failure,4180830.6623668694,agree,0,3,"[""0"", ""0"", ""1"", ""1"", ""1"", ""0"", ""0"", ""-21112107891983650000000000000000000004500/600351245901446440666163192843177600901"", ""-17910559276565151/5000000000000000000000"", ""-10"", ""11/5"", ""100031931445586040060560290258470690991/100000000000000000000000000000000000000""]"
negative_004_fold,477527743087791343473365707861781727/500000000000000000000000000000000000,-20000000000000000000000000000000001/200000000000000000000000000000000000,0,-209499999999999999999999999999999999975/5505610347931409556414045572959197994,double_full_return,0,,,-1,scan_cap,2.353852668369765e+17,unresolved,0,0,"[""0"", ""0"", ""1"", ""1"", ""1"", ""0"", ""0"", ""-209499999999999999999999999999999999975/5505610347931409556414045572959197994"", ""0"", ""-10"", ""11/5"", ""477527743087791343473365707861781727/500000000000000000000000000000000000""]"
negative_004_pair,4774572758199975590866085040374494974749/5000000000000000000000000000000000000000,-20000000000000000000000000000000001/200000000000000000000000000000000000,0,-349166666666666666666666666666666666625000/9173433446733243833175645148039814907413,double_full_return,2,US,-1,-1,scan_cap,2.353852668369765e+17,agree,0,2,"[""0"", ""0"", ""1"", ""1"", ""1"", ""0"", ""0"", ""-349166666666666666666666666666666666625000/9173433446733243833175645148039814907413"", ""0"", ""-10"", ""11/5"", ""4774572758199975590866085040374494974749/5000000000000000000000000000000000000000""]"
negative_004_hopf_1,4774572758199975590866085040374494974749/5000000000000000000000000000000000000000,-20000000000000000000000000000000001/200000000000000000000000000000000000,14620779624749323/1000000000000000000000,-349166666666666666666666666666666666625000/9173433446733243833175645148039814907413,double_full_return,3,SUS,-1,-1,scan_cap,2.353852668369765e+17,agree,0,3,"[""0"", ""0"", ""1"", ""1"", ""1"", ""0"", ""0"", ""-349166666666666666666666666666666666625000/9173433446733243833175645148039814907413"", ""14620779624749323/1000000000000000000000"", ""-10"", ""11/5"", ""4774572758199975590866085040374494974749/5000000000000000000000000000000000000000""]"
positive_infinity_006_fold,20797412322769982980731999669149993/20000000000000000000000000000000000,1/2,0,-4250000000000000000000000000000000000/128771535550469812788051996360649923,double_full_return,0,,,1,integration_failure,27538.48730975411,unresolved,3,0,"[""0"", ""0"", ""1"", ""1"", ""1"", ""0"", ""0"", ""-4250000000000000000000000000000000000/128771535550469812788051996360649923"", ""0"", ""-10"", ""11/5"", ""20797412322769982980731999669149993/20000000000000000000000000000000000""]"
negative_004_hopf_0.1,4774572758199975590866085040374494974749/5000000000000000000000000000000000000000,-20000000000000000000000000000000001/200000000000000000000000000000000000,584831184989973/400000000000000000000,-349166666666666666666666666666666666625000/9173433446733243833175645148039814907413,double_full_return,3,SUS,-1,-1,scan_cap,2.353852668369765e+17,agree,0,3,"[""0"", ""0"", ""1"", ""1"", ""1"", ""0"", ""0"", ""-349166666666666666666666666666666666625000/9173433446733243833175645148039814907413"", ""584831184989973/400000000000000000000"", ""-10"", ""11/5"", ""4774572758199975590866085040374494974749/5000000000000000000000000000000000000000""]"
positive_infinity_006_pair,1040560591972512224784129200782062933377/1000000000000000000000000000000000000000,1/2,0,-212500000000000000000000000000000000000000/6446166511697634472625421208602692267147,double_full_return,2,SU,1,1,integration_failure,26380.89908637574,agree,1,2,"[""0"", ""0"", ""1"", ""1"", ""1"", ""0"", ""0"", ""-212500000000000000000000000000000000000000/6446166511697634472625421208602692267147"", ""0"", ""-10"", ""11/5"", ""1040560591972512224784129200782062933377/1000000000000000000000000000000000000000""]"
positive_infinity_006_hopf_1,1040560591972512224784129200782062933377/1000000000000000000000000000000000000000,1/2,-21701781228551279/250000000000000000000,-212500000000000000000000000000000000000000/6446166511697634472625421208602692267147,double_full_return,3,USU,1,1,integration_failure,26422.796541154872,agree,0,3,"[""0"", ""0"", ""1"", ""1"", ""1"", ""0"", ""0"", ""-212500000000000000000000000000000000000000/6446166511697634472625421208602692267147"", ""-21701781228551279/250000000000000000000"", ""-10"", ""11/5"", ""1040560591972512224784129200782062933377/1000000000000000000000000000000000000000""]"
positive_infinity_006_hopf_0.1,1040560591972512224784129200782062933377/1000000000000000000000000000000000000000,1/2,-86807124914205123/10000000000000000000000,-212500000000000000000000000000000000000000/6446166511697634472625421208602692267147,double_full_return,3,USU,1,1,integration_failure,26385.40792607533,agree,0,3,"[""0"", ""0"", ""1"", ""1"", ""1"", ""0"", ""0"", ""-212500000000000000000000000000000000000000/6446166511697634472625421208602692267147"", ""-86807124914205123/10000000000000000000000"", ""-10"", ""11/5"", ""1040560591972512224784129200782062933377/1000000000000000000000000000000000000000""]"
negative_005_fold,232221667475041280415936633084339599/250000000000000000000000000000000000,-29999999999999999999999999999999999/100000000000000000000000000000000000,0,-104250000000000000000000000000000000025/2608876684450908169150605927855471178,double_full_return,0,,,-1,scan_cap,2.353852668369765e+17,unresolved,0,0,"[""0"", ""0"", ""1"", ""1"", ""1"", ""0"", ""0"", ""-104250000000000000000000000000000000025/2608876684450908169150605927855471178"", ""0"", ""-10"", ""11/5"", ""232221667475041280415936633084339599/250000000000000000000000000000000000""]"
negative_005_pair,9284760062736987905235986559343141321769/10000000000000000000000000000000000000000,-29999999999999999999999999999999999/100000000000000000000000000000000000,0,-2085000000000000000000000000000000000500000/52132360690106866957595852152774554539459,double_full_return,2,US,-1,-1,scan_cap,2.353852668369765e+17,agree,0,2,"[""0"", ""0"", ""1"", ""1"", ""1"", ""0"", ""0"", ""-2085000000000000000000000000000000000500000/52132360690106866957595852152774554539459"", ""0"", ""-10"", ""11/5"", ""9284760062736987905235986559343141321769/10000000000000000000000000000000000000000""]"
positive_infinity_007_fold,111276797596105796689031690889301769/100000000000000000000000000000000000,1,0,-21500000000000000000000000000000000000/724044773557163763579348599782319459,double_full_return,0,,,1,integration_failure,1876.306595922096,unresolved,3,0,"[""0"", ""0"", ""1"", ""1"", ""1"", ""0"", ""0"", ""-21500000000000000000000000000000000000/724044773557163763579348599782319459"", ""0"", ""-10"", ""11/5"", ""111276797596105796689031690889301769/100000000000000000000000000000000000""]"
negative_005_hopf_1,9284760062736987905235986559343141321769/10000000000000000000000000000000000000000,-29999999999999999999999999999999999/100000000000000000000000000000000000,8350924173373553/200000000000000000000,-2085000000000000000000000000000000000500000/52132360690106866957595852152774554539459,double_full_return,3,SUS,-1,-1,scan_cap,2.353852668369765e+17,agree,0,3,"[""0"", ""0"", ""1"", ""1"", ""1"", ""0"", ""0"", ""-2085000000000000000000000000000000000500000/52132360690106866957595852152774554539459"", ""8350924173373553/200000000000000000000"", ""-10"", ""11/5"", ""9284760062736987905235986559343141321769/10000000000000000000000000000000000000000""]"
positive_infinity_007_pair,2784874237200775949383427378285098337/2500000000000000000000000000000000000,1,0,-537500000000000000000000000000000000000/18133616609208535443217701161136081707,double_full_return,2,SU,1,1,integration_failure,1839.9256988905126,agree,1,2,"[""0"", ""0"", ""1"", ""1"", ""1"", ""0"", ""0"", ""-537500000000000000000000000000000000000/18133616609208535443217701161136081707"", ""0"", ""-10"", ""11/5"", ""2784874237200775949383427378285098337/2500000000000000000000000000000000000""]"
positive_infinity_007_hopf_1,2784874237200775949383427378285098337/2500000000000000000000000000000000000,1,-20448730742621417/100000000000000000000,-537500000000000000000000000000000000000/18133616609208535443217701161136081707,double_full_return,3,USU,1,1,integration_failure,1847.7584145986323,agree,0,3,"[""0"", ""0"", ""1"", ""1"", ""1"", ""0"", ""0"", ""-537500000000000000000000000000000000000/18133616609208535443217701161136081707"", ""-20448730742621417/100000000000000000000"", ""-10"", ""11/5"", ""2784874237200775949383427378285098337/2500000000000000000000000000000000000""]"
positive_infinity_007_hopf_0.1,2784874237200775949383427378285098337/2500000000000000000000000000000000000,1,-1022436537131071/50000000000000000000,-537500000000000000000000000000000000000/18133616609208535443217701161136081707,double_full_return,3,USU,1,1,integration_failure,1840.7344376770375,agree,0,3,"[""0"", ""0"", ""1"", ""1"", ""1"", ""0"", ""0"", ""-537500000000000000000000000000000000000/18133616609208535443217701161136081707"", ""-1022436537131071/50000000000000000000"", ""-10"", ""11/5"", ""2784874237200775949383427378285098337/2500000000000000000000000000000000000""]"
negative_005_hopf_0.1,9284760062736987905235986559343141321769/10000000000000000000000000000000000000000,-29999999999999999999999999999999999/100000000000000000000000000000000000,5219327608358471/1250000000000000000000,-2085000000000000000000000000000000000500000/52132360690106866957595852152774554539459,double_full_return,3,SUS,-1,-1,scan_cap,2.353852668369765e+17,agree,0,3,"[""0"", ""0"", ""1"", ""1"", ""1"", ""0"", ""0"", ""-2085000000000000000000000000000000000500000/52132360690106866957595852152774554539459"", ""5219327608358471/1250000000000000000000"", ""-10"", ""11/5"", ""9284760062736987905235986559343141321769/10000000000000000000000000000000000000000""]"
positive_infinity_008_fold,3693763015607288705311721366796031/3125000000000000000000000000000000,3/2,0,-679687500000000000000000000000000000/25006393171680175758428935034756341,double_full_return,0,,,1,integration_failure,722.1101823445339,unresolved,3,0,"[""0"", ""0"", ""1"", ""1"", ""1"", ""0"", ""0"", ""-679687500000000000000000000000000000/25006393171680175758428935034756341"", ""0"", ""-10"", ""11/5"", ""3693763015607288705311721366796031/3125000000000000000000000000000000""]"
positive_infinity_008_pair,1183361652036107329198569035126763273751/1000000000000000000000000000000000000000,3/2,0,-72500000000000000000000000000000000000000/2672326057465726873728086462131465337087,double_full_return,2,SU,1,1,integration_failure,717.0156419918968,agree,1,2,"[""0"", ""0"", ""1"", ""1"", ""1"", ""0"", ""0"", ""-72500000000000000000000000000000000000000/2672326057465726873728086462131465337087"", ""0"", ""-10"", ""11/5"", ""1183361652036107329198569035126763273751/1000000000000000000000000000000000000000""]"
negative_006_fold,17619015478562838478479252013218379/20000000000000000000000000000000000,-699999999999999999999999999999999961/1000000000000000000000000000000000000,0,-41300000000000000000000000000000000039/938091702641912232632717721454021690,double_full_return,0,,,-1,scan_cap,2.353852668369765e+17,unresolved,0,0,"[""0"", ""0"", ""1"", ""1"", ""1"", ""0"", ""0"", ""-41300000000000000000000000000000000039/938091702641912232632717721454021690"", ""0"", ""-10"", ""11/5"", ""17619015478562838478479252013218379/20000000000000000000000000000000000""]"
positive_infinity_008_hopf_1,1183361652036107329198569035126763273751/1000000000000000000000000000000000000000,3/2,-36361872983495599/100000000000000000000,-72500000000000000000000000000000000000000/2672326057465726873728086462131465337087,double_full_return,3,USU,1,1,integration_failure,724.2818875558078,agree,0,3,"[""0"", ""0"", ""1"", ""1"", ""1"", ""0"", ""0"", ""-72500000000000000000000000000000000000000/2672326057465726873728086462131465337087"", ""-36361872983495599/100000000000000000000"", ""-10"", ""11/5"", ""1183361652036107329198569035126763273751/1000000000000000000000000000000000000000""]"
positive_infinity_008_hopf_0.1,1183361652036107329198569035126763273751/1000000000000000000000000000000000000000,3/2,-18180936491747799/500000000000000000000,-72500000000000000000000000000000000000000/2672326057465726873728086462131465337087,double_full_return,3,USU,1,1,integration_failure,717.7337171727329,agree,0,3,"[""0"", ""0"", ""1"", ""1"", ""1"", ""0"", ""0"", ""-72500000000000000000000000000000000000000/2672326057465726873728086462131465337087"", ""-18180936491747799/500000000000000000000"", ""-10"", ""11/5"", ""1183361652036107329198569035126763273751/1000000000000000000000000000000000000000""]"
negative_006_pair,1760166050993234336009716095186158303619/2000000000000000000000000000000000000000,-699999999999999999999999999999999961/1000000000000000000000000000000000000,0,-413000000000000000000000000000000000390000/9361826560925577696106877047047741339809,double_full_return,2,US,-1,-1,scan_cap,2.353852668369765e+17,agree,0,2,"[""0"", ""0"", ""1"", ""1"", ""1"", ""0"", ""0"", ""-413000000000000000000000000000000000390000/9361826560925577696106877047047741339809"", ""0"", ""-10"", ""11/5"", ""1760166050993234336009716095186158303619/2000000000000000000000000000000000000000""]"
negative_006_hopf_1,1760166050993234336009716095186158303619/2000000000000000000000000000000000000000,-699999999999999999999999999999999961/1000000000000000000000000000000000000,44704843888673653/500000000000000000000,-413000000000000000000000000000000000390000/9361826560925577696106877047047741339809,double_full_return,3,SUS,-1,-1,scan_cap,2.353852668369765e+17,agree,0,3,"[""0"", ""0"", ""1"", ""1"", ""1"", ""0"", ""0"", ""-413000000000000000000000000000000000390000/9361826560925577696106877047047741339809"", ""44704843888673653/500000000000000000000"", ""-10"", ""11/5"", ""1760166050993234336009716095186158303619/2000000000000000000000000000000000000000""]"
negative_006_hopf_0.1,1760166050993234336009716095186158303619/2000000000000000000000000000000000000000,-699999999999999999999999999999999961/1000000000000000000000000000000000000,89409687777347309/10000000000000000000000,-413000000000000000000000000000000000390000/9361826560925577696106877047047741339809,double_full_return,3,SUS,-1,-1,scan_cap,2.353852668369765e+17,agree,0,3,"[""0"", ""0"", ""1"", ""1"", ""1"", ""0"", ""0"", ""-413000000000000000000000000000000000390000/9361826560925577696106877047047741339809"", ""89409687777347309/10000000000000000000000"", ""-10"", ""11/5"", ""1760166050993234336009716095186158303619/2000000000000000000000000000000000000000""]"
positive_infinity_009_fold,124435141619901523373014888182767003/100000000000000000000000000000000000,2,0,-22000000000000000000000000000000000000/868786557818916757103163770010437033,double_full_return,0,,,1,integration_failure,482.71139313167333,unresolved,2,0,"[""0"", ""0"", ""1"", ""1"", ""1"", ""0"", ""0"", ""-22000000000000000000000000000000000000/868786557818916757103163770010437033"", ""0"", ""-10"", ""11/5"", ""124435141619901523373014888182767003/100000000000000000000000000000000000""]"
positive_infinity_009_pair,1245625419988670667496747141554536404693/1000000000000000000000000000000000000000,2,0,-220000000000000000000000000000000000000000/8701879619875377342464218557099900451623,double_full_return,2,SU,1,1,integration_failure,483.28920103534955,agree,0,2,"[""0"", ""0"", ""1"", ""1"", ""1"", ""0"", ""0"", ""-220000000000000000000000000000000000000000/8701879619875377342464218557099900451623"", ""0"", ""-10"", ""11/5"", ""1245625419988670667496747141554536404693/1000000000000000000000000000000000000000""]"
positive_infinity_009_hopf_1,1245625419988670667496747141554536404693/1000000000000000000000000000000000000000,2,-11439539599702351/20000000000000000000,-220000000000000000000000000000000000000000/8701879619875377342464218557099900451623,double_full_return,3,USU,1,1,integration_failure,494.32749465722276,agree,0,3,"[""0"", ""0"", ""1"", ""1"", ""1"", ""0"", ""0"", ""-220000000000000000000000000000000000000000/8701879619875377342464218557099900451623"", ""-11439539599702351/20000000000000000000"", ""-10"", ""11/5"", ""1245625419988670667496747141554536404693/1000000000000000000000000000000000000000""]"
positive_infinity_009_hopf_0.1,1245625419988670667496747141554536404693/1000000000000000000000000000000000000000,2,-57197697998511761/1000000000000000000000,-220000000000000000000000000000000000000000/8701879619875377342464218557099900451623,double_full_return,3,USU,1,1,integration_failure,484.37593388429315,agree,0,3,"[""0"", ""0"", ""1"", ""1"", ""1"", ""0"", ""0"", ""-220000000000000000000000000000000000000000/8701879619875377342464218557099900451623"", ""-57197697998511761/1000000000000000000000"", ""-10"", ""11/5"", ""1245625419988670667496747141554536404693/1000000000000000000000000000000000000000""]"
negative_007_fold,212275931561588542533374057612015059/250000000000000000000000000000000000,-1,0,-51250000000000000000000000000000000000/1085035247177473967867114633732165649,double_full_return,0,,,-1,scan_cap,2.353852668369765e+17,unresolved,0,0,"[""0"", ""0"", ""1"", ""1"", ""1"", ""0"", ""0"", ""-51250000000000000000000000000000000000/1085035247177473967867114633732165649"", ""0"", ""-10"", ""11/5"", ""212275931561588542533374057612015059/250000000000000000000000000000000000""]"
positive_infinity_010_fold,67311818334121071540426375461050453/50000000000000000000000000000000000,3,0,-11250000000000000000000000000000000000/490430001675331786944690130071554983,double_full_return,0,,,1,integration_failure,430.7708042054969,unresolved,2,0,"[""0"", ""0"", ""1"", ""1"", ""1"", ""0"", ""0"", ""-11250000000000000000000000000000000000/490430001675331786944690130071554983"", ""0"", ""-10"", ""11/5"", ""67311818334121071540426375461050453/50000000000000000000000000000000000""]"
negative_007_pair,1695964522455727959641285277658420893229/2000000000000000000000000000000000000000,-1,0,-410000000000000000000000000000000000000000/8655609747013007556054138054242629825519,double_full_return,2,US,-1,-1,scan_cap,2.353852668369765e+17,agree,0,2,"[""0"", ""0"", ""1"", ""1"", ""1"", ""0"", ""0"", ""-410000000000000000000000000000000000000000/8655609747013007556054138054242629825519"", ""0"", ""-10"", ""11/5"", ""1695964522455727959641285277658420893229/2000000000000000000000000000000000000000""]"
positive_infinity_010_pair,53881239760999508577080666796185777313/40000000000000000000000000000000000000,3,0,-9000000000000000000000000000000000000000/392693637370994594347887334758043550443,double_full_return,2,SU,1,1,integration_failure,435.56138626318983,agree,0,2,"[""0"", ""0"", ""1"", ""1"", ""1"", ""0"", ""0"", ""-9000000000000000000000000000000000000000/392693637370994594347887334758043550443"", ""0"", ""-10"", ""11/5"", ""53881239760999508577080666796185777313/40000000000000000000000000000000000000""]"
positive_infinity_010_hopf_1,53881239760999508577080666796185777313/40000000000000000000000000000000000000,3,-11418189823357637/10000000000000000000,-9000000000000000000000000000000000000000/392693637370994594347887334758043550443,double_full_return,3,USU,1,1,integration_failure,484.61250332227036,agree,0,3,"[""0"", ""0"", ""1"", ""1"", ""1"", ""0"", ""0"", ""-9000000000000000000000000000000000000000/392693637370994594347887334758043550443"", ""-11418189823357637/10000000000000000000"", ""-10"", ""11/5"", ""53881239760999508577080666796185777313/40000000000000000000000000000000000000""]"
positive_infinity_010_hopf_0.1,53881239760999508577080666796185777313/40000000000000000000000000000000000000,3,-11418189823357637/100000000000000000000,-9000000000000000000000000000000000000000/392693637370994594347887334758043550443,double_full_return,3,USU,1,1,integration_failure,440.09354416340994,agree,0,3,"[""0"", ""0"", ""1"", ""1"", ""1"", ""0"", ""0"", ""-9000000000000000000000000000000000000000/392693637370994594347887334758043550443"", ""-11418189823357637/100000000000000000000"", ""-10"", ""11/5"", ""53881239760999508577080666796185777313/40000000000000000000000000000000000000""]"
negative_007_hopf_1,1695964522455727959641285277658420893229/2000000000000000000000000000000000000000,-1,12100422568613841/100000000000000000000,-410000000000000000000000000000000000000000/8655609747013007556054138054242629825519,double_full_return,3,SUS,-1,-1,scan_cap,2.353852668369765e+17,agree,0,3,"[""0"", ""0"", ""1"", ""1"", ""1"", ""0"", ""0"", ""-410000000000000000000000000000000000000000/8655609747013007556054138054242629825519"", ""12100422568613841/100000000000000000000"", ""-10"", ""11/5"", ""1695964522455727959641285277658420893229/2000000000000000000000000000000000000000""]"
negative_007_hopf_0.1,1695964522455727959641285277658420893229/2000000000000000000000000000000000000000,-1,12100422568613841/1000000000000000000000,-410000000000000000000000000000000000000000/8655609747013007556054138054242629825519,double_full_return,3,SUS,-1,-1,scan_cap,2.353852668369765e+17,agree,0,3,"[""0"", ""0"", ""1"", ""1"", ""1"", ""0"", ""0"", ""-410000000000000000000000000000000000000000/8655609747013007556054138054242629825519"", ""12100422568613841/1000000000000000000000"", ""-10"", ""11/5"", ""1695964522455727959641285277658420893229/2000000000000000000000000000000000000000""]"
positive_infinity_011_fold,142346874652111337440988520318146711/100000000000000000000000000000000000,4,0,-23000000000000000000000000000000000000/1065815621173224711850873723499613821,double_full_return,0,,,1,integration_failure,638.5682210815809,unresolved,2,0,"[""0"", ""0"", ""1"", ""1"", ""1"", ""0"", ""0"", ""-23000000000000000000000000000000000000/1065815621173224711850873723499613821"", ""0"", ""-10"", ""11/5"", ""142346874652111337440988520318146711/100000000000000000000000000000000000""]"
positive_infinity_011_pair,1423820265526596494121227147879457879241/1000000000000000000000000000000000000000,4,0,-230000000000000000000000000000000000000000/10662022920792561435333498626674036671651,double_full_return,2,SU,1,1,integration_failure,648.9885273119712,agree,0,2,"[""0"", ""0"", ""1"", ""1"", ""1"", ""0"", ""0"", ""-230000000000000000000000000000000000000000/10662022920792561435333498626674036671651"", ""0"", ""-10"", ""11/5"", ""1423820265526596494121227147879457879241/1000000000000000000000000000000000000000""]"
positive_infinity_011_hopf_1,1423820265526596494121227147879457879241/1000000000000000000000000000000000000000,4,-18497202910521193/10000000000000000000,-230000000000000000000000000000000000000000/10662022920792561435333498626674036671651,double_full_return,3,USU,1,1,integration_failure,1189.4253685846202,agree,0,3,"[""0"", ""0"", ""1"", ""1"", ""1"", ""0"", ""0"", ""-230000000000000000000000000000000000000000/10662022920792561435333498626674036671651"", ""-18497202910521193/10000000000000000000"", ""-10"", ""11/5"", ""1423820265526596494121227147879457879241/1000000000000000000000000000000000000000""]"
positive_infinity_011_hopf_0.1,1423820265526596494121227147879457879241/1000000000000000000000000000000000000000,4,-9248601455260597/50000000000000000000,-230000000000000000000000000000000000000000/10662022920792561435333498626674036671651,double_full_return,3,USU,1,1,integration_failure,681.6302154335683,agree,0,3,"[""0"", ""0"", ""1"", ""1"", ""1"", ""0"", ""0"", ""-230000000000000000000000000000000000000000/10662022920792561435333498626674036671651"", ""-9248601455260597/50000000000000000000"", ""-10"", ""11/5"", ""1423820265526596494121227147879457879241/1000000000000000000000000000000000000000""]"
negative_008_fold,766117881429305028228267569608327861/1000000000000000000000000000000000000,-2,0,-200000000000000000000000000000000000000/3427296695722355310510943265691606471,double_full_return,0,,,-1,scan_cap,2.353852668369765e+17,unresolved,0,0,"[""0"", ""0"", ""1"", ""1"", ""1"", ""0"", ""0"", ""-200000000000000000000000000000000000000/3427296695722355310510943265691606471"", ""0"", ""-10"", ""11/5"", ""766117881429305028228267569608327861/1000000000000000000000000000000000000""]"
negative_008_pair,955773629411245247067511145526370633141/1250000000000000000000000000000000000000,-2,0,-250000000000000000000000000000000000000000/4263509923523697717742622600790076964551,double_full_return,2,US,-1,-1,scan_cap,2.353852668369765e+17,agree,0,2,"[""0"", ""0"", ""1"", ""1"", ""1"", ""0"", ""0"", ""-250000000000000000000000000000000000000000/4263509923523697717742622600790076964551"", ""0"", ""-10"", ""11/5"", ""955773629411245247067511145526370633141/1250000000000000000000000000000000000000""]"
negative_008_hopf_1,955773629411245247067511145526370633141/1250000000000000000000000000000000000000,-2,10620395022137351/50000000000000000000,-250000000000000000000000000000000000000000/4263509923523697717742622600790076964551,double_full_return,3,SUS,-1,-1,scan_cap,2.353852668369765e+17,agree,0,3,"[""0"", ""0"", ""1"", ""1"", ""1"", ""0"", ""0"", ""-250000000000000000000000000000000000000000/4263509923523697717742622600790076964551"", ""10620395022137351/50000000000000000000"", ""-10"", ""11/5"", ""955773629411245247067511145526370633141/1250000000000000000000000000000000000000""]"
positive_infinity_012_fold,148478441125669843170818414991338347/100000000000000000000000000000000000,5,0,-23500000000000000000000000000000000000/1133262852382368274879002564904721817,double_full_return,0,,,1,integration_failure,1585.8053368787535,unresolved,2,0,"[""0"", ""0"", ""1"", ""1"", ""1"", ""0"", ""0"", ""-23500000000000000000000000000000000000/1133262852382368274879002564904721817"", ""0"", ""-10"", ""11/5"", ""148478441125669843170818414991338347/100000000000000000000000000000000000""]"
positive_infinity_012_pair,1484879391383461334190428494203919108187/1000000000000000000000000000000000000000,5,0,-235000000000000000000000000000000000000000/11333673305218074676094713436243110190057,double_full_return,2,SU,1,1,integration_failure,1616.6088593159038,agree,0,2,"[""0"", ""0"", ""1"", ""1"", ""1"", ""0"", ""0"", ""-235000000000000000000000000000000000000000/11333673305218074676094713436243110190057"", ""0"", ""-10"", ""11/5"", ""1484879391383461334190428494203919108187/1000000000000000000000000000000000000000""]"
positive_infinity_012_hopf_1,1484879391383461334190428494203919108187/1000000000000000000000000000000000000000,5,-5692179902423367/2500000000000000000,-235000000000000000000000000000000000000000/11333673305218074676094713436243110190057,double_full_return,2,US,-1,-1,scan_cap,2.353852668369765e+17,agree,0,2,"[""0"", ""0"", ""1"", ""1"", ""1"", ""0"", ""0"", ""-235000000000000000000000000000000000000000/11333673305218074676094713436243110190057"", ""-5692179902423367/2500000000000000000"", ""-10"", ""11/5"", ""1484879391383461334190428494203919108187/1000000000000000000000000000000000000000""]"
negative_008_hopf_0.1,955773629411245247067511145526370633141/1250000000000000000000000000000000000000,-2,4248158008854941/200000000000000000000,-250000000000000000000000000000000000000000/4263509923523697717742622600790076964551,double_full_return,3,SUS,-1,-1,scan_cap,2.353852668369765e+17,agree,0,3,"[""0"", ""0"", ""1"", ""1"", ""1"", ""0"", ""0"", ""-250000000000000000000000000000000000000000/4263509923523697717742622600790076964551"", ""4248158008854941/200000000000000000000"", ""-10"", ""11/5"", ""955773629411245247067511145526370633141/1250000000000000000000000000000000000000""]"
positive_infinity_012_hopf_0.1,1484879391383461334190428494203919108187/1000000000000000000000000000000000000000,5,-22768719609693469/100000000000000000000,-235000000000000000000000000000000000000000/11333673305218074676094713436243110190057,double_full_return,3,USU,1,1,integration_failure,2216.8288502074183,agree,0,3,"[""0"", ""0"", ""1"", ""1"", ""1"", ""0"", ""0"", ""-235000000000000000000000000000000000000000/11333673305218074676094713436243110190057"", ""-22768719609693469/100000000000000000000"", ""-10"", ""11/5"", ""1484879391383461334190428494203919108187/1000000000000000000000000000000000000000""]"
negative_009_fold,709609736935664357564482922037033177/1000000000000000000000000000000000000,-3,0,-195000000000000000000000000000000000000/2805707106292307933209312142407364947,double_full_return,0,,,-1,scan_cap,2.353852668369765e+17,unresolved,0,0,"[""0"", ""0"", ""1"", ""1"", ""1"", ""0"", ""0"", ""-195000000000000000000000000000000000000/2805707106292307933209312142407364947"", ""0"", ""-10"", ""11/5"", ""709609736935664357564482922037033177/1000000000000000000000000000000000000""]"
positive_infinity_013_fold,151186079691549714590921433748238297/100000000000000000000000000000000000,11/2,0,-23750000000000000000000000000000000000/1163046876607046860500135771230621267,double_full_return,0,,,1,integration_failure,3565.5626569717606,unresolved,2,0,"[""0"", ""0"", ""1"", ""1"", ""1"", ""0"", ""0"", ""-23750000000000000000000000000000000000/1163046876607046860500135771230621267"", ""0"", ""-10"", ""11/5"", ""151186079691549714590921433748238297/100000000000000000000000000000000000""]"
positive_infinity_013_pair,1511894008741148782592020693773573013111/1000000000000000000000000000000000000000,11/2,0,-237500000000000000000000000000000000000000/11630834096152636608512227631509303144221,double_full_return,2,SU,1,1,integration_failure,3639.4394842769243,agree,0,2,"[""0"", ""0"", ""1"", ""1"", ""1"", ""0"", ""0"", ""-237500000000000000000000000000000000000000/11630834096152636608512227631509303144221"", ""0"", ""-10"", ""11/5"", ""1511894008741148782592020693773573013111/1000000000000000000000000000000000000000""]"
positive_infinity_013_hopf_1,1511894008741148782592020693773573013111/1000000000000000000000000000000000000000,11/2,-11297262135173897/5000000000000000000,-237500000000000000000000000000000000000000/11630834096152636608512227631509303144221,double_full_return,2,US,-1,-1,scan_cap,2.353852668369765e+17,agree,0,2,"[""0"", ""0"", ""1"", ""1"", ""1"", ""0"", ""0"", ""-237500000000000000000000000000000000000000/11630834096152636608512227631509303144221"", ""-11297262135173897/5000000000000000000"", ""-10"", ""11/5"", ""1511894008741148782592020693773573013111/1000000000000000000000000000000000000000""]"
positive_infinity_013_hopf_0.1,1511894008741148782592020693773573013111/1000000000000000000000000000000000000000,11/2,-11297262135173897/50000000000000000000,-237500000000000000000000000000000000000000/11630834096152636608512227631509303144221,double_full_return,3,USU,1,1,integration_failure,28172.278738939578,agree,0,3,"[""0"", ""0"", ""1"", ""1"", ""1"", ""0"", ""0"", ""-237500000000000000000000000000000000000000/11630834096152636608512227631509303144221"", ""-11297262135173897/50000000000000000000"", ""-10"", ""11/5"", ""1511894008741148782592020693773573013111/1000000000000000000000000000000000000000""]"
negative_009_pair,7081195731464516140639259936604429173341/10000000000000000000000000000000000000000,-3,0,-650000000000000000000000000000000000000000/9297717682036559182343953100882906968917,double_full_return,2,US,-1,-1,scan_cap,2.353852668369765e+17,agree,0,2,"[""0"", ""0"", ""1"", ""1"", ""1"", ""0"", ""0"", ""-650000000000000000000000000000000000000000/9297717682036559182343953100882906968917"", ""0"", ""-10"", ""11/5"", ""7081195731464516140639259936604429173341/10000000000000000000000000000000000000000""]"
negative_009_hopf_1,7081195731464516140639259936604429173341/10000000000000000000000000000000000000000,-3,117529894001921/400000000000000000,-650000000000000000000000000000000000000000/9297717682036559182343953100882906968917,double_full_return,3,SUS,-1,-1,scan_cap,2.353852668369765e+17,agree,0,3,"[""0"", ""0"", ""1"", ""1"", ""1"", ""0"", ""0"", ""-650000000000000000000000000000000000000000/9297717682036559182343953100882906968917"", ""117529894001921/400000000000000000"", ""-10"", ""11/5"", ""7081195731464516140639259936604429173341/10000000000000000000000000000000000000000""]"
negative_009_hopf_0.1,7081195731464516140639259936604429173341/10000000000000000000000000000000000000000,-3,117529894001921/4000000000000000000,-650000000000000000000000000000000000000000/9297717682036559182343953100882906968917,double_full_return,3,SUS,-1,-1,scan_cap,2.353852668369765e+17,agree,0,3,"[""0"", ""0"", ""1"", ""1"", ""1"", ""0"", ""0"", ""-650000000000000000000000000000000000000000/9297717682036559182343953100882906968917"", ""117529894001921/4000000000000000000"", ""-10"", ""11/5"", ""7081195731464516140639259936604429173341/10000000000000000000000000000000000000000""]"
positive_infinity_014_fold,153775968727269748331869752588085607/100000000000000000000000000000000000,6,0,-24000000000000000000000000000000000000/1191535655999967231650567278468941677,double_full_return,0,,,1,integration_failure,14177.675068207283,unresolved,2,0,"[""0"", ""0"", ""1"", ""1"", ""1"", ""0"", ""0"", ""-24000000000000000000000000000000000000/1191535655999967231650567278468941677"", ""0"", ""-10"", ""11/5"", ""153775968727269748331869752588085607/100000000000000000000000000000000000""]"
positive_infinity_014_pair,1537765610837839633527163369188786563191/1000000000000000000000000000000000000000,6,0,-80000000000000000000000000000000000000000/3971807239738745322932932353692217398367,double_full_return,2,SU,1,1,integration_failure,14490.167369489483,agree,0,2,"[""0"", ""0"", ""1"", ""1"", ""1"", ""0"", ""0"", ""-80000000000000000000000000000000000000000/3971807239738745322932932353692217398367"", ""0"", ""-10"", ""11/5"", ""1537765610837839633527163369188786563191/1000000000000000000000000000000000000000""]"
positive_infinity_014_hopf_1,1537765610837839633527163369188786563191/1000000000000000000000000000000000000000,6,-22439961307796461/10000000000000000000,-80000000000000000000000000000000000000000/3971807239738745322932932353692217398367,double_full_return,2,US,-1,-1,scan_cap,2.353852668369765e+17,agree,0,2,"[""0"", ""0"", ""1"", ""1"", ""1"", ""0"", ""0"", ""-80000000000000000000000000000000000000000/3971807239738745322932932353692217398367"", ""-22439961307796461/10000000000000000000"", ""-10"", ""11/5"", ""1537765610837839633527163369188786563191/1000000000000000000000000000000000000000""]"
positive_infinity_014_hopf_0.1,1537765610837839633527163369188786563191/1000000000000000000000000000000000000000,6,-22439961307796461/100000000000000000000,-80000000000000000000000000000000000000000/3971807239738745322932932353692217398367,double_full_return,2,US,-1,-1,scan_cap,2.353852668369765e+17,agree,0,2,"[""0"", ""0"", ""1"", ""1"", ""1"", ""0"", ""0"", ""-80000000000000000000000000000000000000000/3971807239738745322932932353692217398367"", ""-22439961307796461/100000000000000000000"", ""-10"", ""11/5"", ""1537765610837839633527163369188786563191/1000000000000000000000000000000000000000""]"
negative_010_fold,63967562971281838415603387950864203/100000000000000000000000000000000000,-5,0,-18500000000000000000000000000000000000/203643192684100222571637267459506233,double_full_return,0,,,-1,scan_cap,2.353852668369765e+17,unresolved,0,0,"[""0"", ""0"", ""1"", ""1"", ""1"", ""0"", ""0"", ""-18500000000000000000000000000000000000/203643192684100222571637267459506233"", ""0"", ""-10"", ""11/5"", ""63967562971281838415603387950864203/100000000000000000000000000000000000""]"
negative_010_pair,3192298819636726348483580226597767633367/5000000000000000000000000000000000000000,-5,0,-925000000000000000000000000000000000000000/10115287016003989833319382492575443967037,double_full_return,2,US,-1,-1,scan_cap,2.353852668369765e+17,agree,0,2,"[""0"", ""0"", ""1"", ""1"", ""1"", ""0"", ""0"", ""-925000000000000000000000000000000000000000/10115287016003989833319382492575443967037"", ""0"", ""-10"", ""11/5"", ""3192298819636726348483580226597767633367/5000000000000000000000000000000000000000""]"
negative_010_hopf_1,3192298819636726348483580226597767633367/5000000000000000000000000000000000000000,-5,22302205395390709/50000000000000000000,-925000000000000000000000000000000000000000/10115287016003989833319382492575443967037,double_full_return,3,SUS,-1,-1,scan_cap,2.353852668369765e+17,agree,0,3,"[""0"", ""0"", ""1"", ""1"", ""1"", ""0"", ""0"", ""-925000000000000000000000000000000000000000/10115287016003989833319382492575443967037"", ""22302205395390709/50000000000000000000"", ""-10"", ""11/5"", ""3192298819636726348483580226597767633367/5000000000000000000000000000000000000000""]"
negative_010_hopf_0.1,3192298819636726348483580226597767633367/5000000000000000000000000000000000000000,-5,22302205395390709/500000000000000000000,-925000000000000000000000000000000000000000/10115287016003989833319382492575443967037,double_full_return,3,SUS,-1,-1,scan_cap,2.353852668369765e+17,agree,0,3,"[""0"", ""0"", ""1"", ""1"", ""1"", ""0"", ""0"", ""-925000000000000000000000000000000000000000/10115287016003989833319382492575443967037"", ""22302205395390709/500000000000000000000"", ""-10"", ""11/5"", ""3192298819636726348483580226597767633367/5000000000000000000000000000000000000000""]"
positive_infinity_015_fold,77654532752802296576102509646326011/50000000000000000000000000000000000,314942409668582374222851457836672633/50000000000000000000000000000000000,0,-12074712048342911871114257289183363165/604199860280825262337127606109586121,double_full_return,2,SU,1,1,integration_failure,61851.71570363196,agree,0,0,"[""0"", ""0"", ""1"", ""1"", ""1"", ""0"", ""0"", ""-12074712048342911871114257289183363165/604199860280825262337127606109586121"", ""0"", ""-10"", ""11/5"", ""77654532752802296576102509646326011/50000000000000000000000000000000000""]"
positive_infinity_015_pair,1941364530256683231140636254913066877/1250000000000000000000000000000000000,314942409668582374222851457836672633/50000000000000000000000000000000000,0,-301867801208572796777856432229584079125/15105009832823515542546998804043735647,double_full_return,2,SU,1,1,integration_failure,63264.40482950237,agree,0,2,"[""0"", ""0"", ""1"", ""1"", ""1"", ""0"", ""0"", ""-301867801208572796777856432229584079125/15105009832823515542546998804043735647"", ""0"", ""-10"", ""11/5"", ""1941364530256683231140636254913066877/1250000000000000000000000000000000000""]"
positive_infinity_015_hopf_1,1941364530256683231140636254913066877/1250000000000000000000000000000000000,314942409668582374222851457836672633/50000000000000000000000000000000000,-9729048537677087/5000000000000000000,-301867801208572796777856432229584079125/15105009832823515542546998804043735647,double_full_return,2,US,-1,-1,scan_cap,2.353852668369765e+17,agree,0,2,"[""0"", ""0"", ""1"", ""1"", ""1"", ""0"", ""0"", ""-301867801208572796777856432229584079125/15105009832823515542546998804043735647"", ""-9729048537677087/5000000000000000000"", ""-10"", ""11/5"", ""1941364530256683231140636254913066877/1250000000000000000000000000000000000""]"
positive_infinity_015_hopf_0.1,1941364530256683231140636254913066877/1250000000000000000000000000000000000,314942409668582374222851457836672633/50000000000000000000000000000000000,-304032766802409/1562500000000000000,-301867801208572796777856432229584079125/15105009832823515542546998804043735647,double_full_return,2,US,-1,-1,scan_cap,2.353852668369765e+17,agree,0,2,"[""0"", ""0"", ""1"", ""1"", ""1"", ""0"", ""0"", ""-301867801208572796777856432229584079125/15105009832823515542546998804043735647"", ""-304032766802409/1562500000000000000"", ""-10"", ""11/5"", ""1941364530256683231140636254913066877/1250000000000000000000000000000000000""]"
negative_011_fold,69908234782783710979023408433564727/125000000000000000000000000000000000,-10,0,-20000000000000000000000000000000000000/143990582610620820769257492769211997,double_full_return,0,,,-1,scan_cap,2.353852668369765e+17,unresolved,0,0,"[""0"", ""0"", ""1"", ""1"", ""1"", ""0"", ""0"", ""-20000000000000000000000000000000000000/143990582610620820769257492769211997"", ""0"", ""-10"", ""11/5"", ""69908234782783710979023408433564727/125000000000000000000000000000000000""]"
negative_011_pair,5585871441075139133626272794126335735637/10000000000000000000000000000000000000000,-10,0,-1600000000000000000000000000000000000000000/11444585851826530469889000735389693092007,double_full_return,2,US,-1,-1,scan_cap,2.353852668369765e+17,agree,0,2,"[""0"", ""0"", ""1"", ""1"", ""1"", ""0"", ""0"", ""-1600000000000000000000000000000000000000000/11444585851826530469889000735389693092007"", ""0"", ""-10"", ""11/5"", ""5585871441075139133626272794126335735637/10000000000000000000000000000000000000000""]"
positive_infinity_016_fold,9787299907294845511301048971995379/6250000000000000000000000000000000,327381432695878484400974206191890639/50000000000000000000000000000000000,0,-1733843880497056060286410147279921885/87326055977420914999213187076513336,double_full_return,2,SU,1,1,integration_failure,554883.6171306028,agree,0,0,"[""0"", ""0"", ""1"", ""1"", ""1"", ""0"", ""0"", ""-1733843880497056060286410147279921885/87326055977420914999213187076513336"", ""0"", ""-10"", ""11/5"", ""9787299907294845511301048971995379/6250000000000000000000000000000000""]"
positive_infinity_016_pair,391492012943193773204176544865334070227/250000000000000000000000000000000000000,327381432695878484400974206191890639/50000000000000000000000000000000000,0,-60684535817396962110024355154797265975000/3056412142375131505245941993518674772497,double_full_return,2,SU,1,1,integration_failure,567917.5026335969,agree,0,2,"[""0"", ""0"", ""1"", ""1"", ""1"", ""0"", ""0"", ""-60684535817396962110024355154797265975000/3056412142375131505245941993518674772497"", ""0"", ""-10"", ""11/5"", ""391492012943193773204176544865334070227/250000000000000000000000000000000000000""]"
negative_011_hopf_1,5585871441075139133626272794126335735637/10000000000000000000000000000000000000000,-10,16056978781291897/20000000000000000000,-1600000000000000000000000000000000000000000/11444585851826530469889000735389693092007,double_full_return,3,SUS,-1,-1,scan_cap,2.353852668369765e+17,agree,0,3,"[""0"", ""0"", ""1"", ""1"", ""1"", ""0"", ""0"", ""-1600000000000000000000000000000000000000000/11444585851826530469889000735389693092007"", ""16056978781291897/20000000000000000000"", ""-10"", ""11/5"", ""5585871441075139133626272794126335735637/10000000000000000000000000000000000000000""]"
positive_infinity_016_hopf_1,391492012943193773204176544865334070227/250000000000000000000000000000000000000,327381432695878484400974206191890639/50000000000000000000000000000000000,-14877136616266171/10000000000000000000,-60684535817396962110024355154797265975000/3056412142375131505245941993518674772497,double_full_return,2,US,-1,-1,scan_cap,2.353852668369765e+17,agree,0,2,"[""0"", ""0"", ""1"", ""1"", ""1"", ""0"", ""0"", ""-60684535817396962110024355154797265975000/3056412142375131505245941993518674772497"", ""-14877136616266171/10000000000000000000"", ""-10"", ""11/5"", ""391492012943193773204176544865334070227/250000000000000000000000000000000000000""]"
positive_infinity_016_hopf_0.1,391492012943193773204176544865334070227/250000000000000000000000000000000000000,327381432695878484400974206191890639/50000000000000000000000000000000000,-14877136616266173/100000000000000000000,-60684535817396962110024355154797265975000/3056412142375131505245941993518674772497,double_full_return,2,US,-1,-1,scan_cap,2.353852668369765e+17,agree,0,2,"[""0"", ""0"", ""1"", ""1"", ""1"", ""0"", ""0"", ""-60684535817396962110024355154797265975000/3056412142375131505245941993518674772497"", ""-14877136616266173/100000000000000000000"", ""-10"", ""11/5"", ""391492012943193773204176544865334070227/250000000000000000000000000000000000000""]"
negative_011_hopf_0.1,5585871441075139133626272794126335735637/10000000000000000000000000000000000000000,-10,80284893906459493/1000000000000000000000,-1600000000000000000000000000000000000000000/11444585851826530469889000735389693092007,double_full_return,3,SUS,-1,-1,scan_cap,2.353852668369765e+17,agree,0,3,"[""0"", ""0"", ""1"", ""1"", ""1"", ""0"", ""0"", ""-1600000000000000000000000000000000000000000/11444585851826530469889000735389693092007"", ""80284893906459493/1000000000000000000000"", ""-10"", ""11/5"", ""5585871441075139133626272794126335735637/10000000000000000000000000000000000000000""]"
positive_infinity_017_fold,78666653352201683675534447366269921/50000000000000000000000000000000000,167204885551458909420425180582034381/25000000000000000000000000000000000,0,-12172048855514589094204251805820343810/615333186874218520430878921028969131,double_full_return,2,SU,1,1,integration_failure,4830468.899518596,agree,0,0,"[""0"", ""0"", ""1"", ""1"", ""1"", ""0"", ""0"", ""-12172048855514589094204251805820343810/615333186874218520430878921028969131"", ""0"", ""-10"", ""11/5"", ""78666653352201683675534447366269921/50000000000000000000000000000000000""]"
positive_infinity_017_pair,786666535925852323924011150290839871017/500000000000000000000000000000000000000,167204885551458909420425180582034381/25000000000000000000000000000000000,0,-121720488555145890942042518058203438100000/6153331895184375563164122653199238581187,double_full_return,2,SU,1,1,integration_failure,4945261.630297546,agree,0,2,"[""0"", ""0"", ""1"", ""1"", ""1"", ""0"", ""0"", ""-121720488555145890942042518058203438100000/6153331895184375563164122653199238581187"", ""0"", ""-10"", ""11/5"", ""786666535925852323924011150290839871017/500000000000000000000000000000000000000""]"
positive_infinity_017_hopf_1,786666535925852323924011150290839871017/500000000000000000000000000000000000000,167204885551458909420425180582034381/25000000000000000000000000000000000,-5898931534986223/5000000000000000000,-121720488555145890942042518058203438100000/6153331895184375563164122653199238581187,double_full_return,2,US,-1,-1,scan_cap,2.353852668369765e+17,agree,0,2,"[""0"", ""0"", ""1"", ""1"", ""1"", ""0"", ""0"", ""-121720488555145890942042518058203438100000/6153331895184375563164122653199238581187"", ""-5898931534986223/5000000000000000000"", ""-10"", ""11/5"", ""786666535925852323924011150290839871017/500000000000000000000000000000000000000""]"
positive_infinity_017_hopf_0.1,786666535925852323924011150290839871017/500000000000000000000000000000000000000,167204885551458909420425180582034381/25000000000000000000000000000000000,-5898931534986223/50000000000000000000,-121720488555145890942042518058203438100000/6153331895184375563164122653199238581187,double_full_return,2,US,-1,-1,scan_cap,2.353852668369765e+17,agree,0,2,"[""0"", ""0"", ""1"", ""1"", ""1"", ""0"", ""0"", ""-121720488555145890942042518058203438100000/6153331895184375563164122653199238581187"", ""-5898931534986223/50000000000000000000"", ""-10"", ""11/5"", ""786666535925852323924011150290839871017/500000000000000000000000000000000000000""]"
positive_infinity_018_fold,158138306456896380444438721091703771/100000000000000000000000000000000000,342008729018362619969846297370204979/50000000000000000000000000000000000,0,-24420087290183626199698462973702049790/1239521371025860184888825932008741481,double_full_return,2,SU,1,1,integration_failure,340906614.7230364,agree,0,2,"[""0"", ""0"", ""1"", ""1"", ""1"", ""0"", ""0"", ""-24420087290183626199698462973702049790/1239521371025860184888825932008741481"", ""0"", ""-10"", ""11/5"", ""158138306456896380444438721091703771/100000000000000000000000000000000000""]"
positive_infinity_018_pair,1581383064596916817724860076305973217971/1000000000000000000000000000000000000000,342008729018362619969846297370204979/50000000000000000000000000000000000,0,-244200872901836261996984629737020497900000/12395213710566084994973460839365705397681,double_full_return,2,SU,1,1,integration_failure,349059151.0745195,agree,0,2,"[""0"", ""0"", ""1"", ""1"", ""1"", ""0"", ""0"", ""-244200872901836261996984629737020497900000/12395213710566084994973460839365705397681"", ""0"", ""-10"", ""11/5"", ""1581383064596916817724860076305973217971/1000000000000000000000000000000000000000""]"
positive_infinity_018_hopf_1,1581383064596916817724860076305973217971/1000000000000000000000000000000000000000,342008729018362619969846297370204979/50000000000000000000000000000000000,-82697224820125733/100000000000000000000,-244200872901836261996984629737020497900000/12395213710566084994973460839365705397681,double_full_return,2,US,-1,-1,scan_cap,2.353852668369765e+17,agree,0,2,"[""0"", ""0"", ""1"", ""1"", ""1"", ""0"", ""0"", ""-244200872901836261996984629737020497900000/12395213710566084994973460839365705397681"", ""-82697224820125733/100000000000000000000"", ""-10"", ""11/5"", ""1581383064596916817724860076305973217971/1000000000000000000000000000000000000000""]"
positive_infinity_018_hopf_0.1,1581383064596916817724860076305973217971/1000000000000000000000000000000000000000,342008729018362619969846297370204979/50000000000000000000000000000000000,-5168576551257859/62500000000000000000,-244200872901836261996984629737020497900000/12395213710566084994973460839365705397681,double_full_return,2,US,-1,-1,scan_cap,2.353852668369765e+17,agree,0,2,"[""0"", ""0"", ""1"", ""1"", ""1"", ""0"", ""0"", ""-244200872901836261996984629737020497900000/12395213710566084994973460839365705397681"", ""-5168576551257859/62500000000000000000"", ""-10"", ""11/5"", ""1581383064596916817724860076305973217971/1000000000000000000000000000000000000000""]"
positive_infinity_019_fold,158569426954948713626550544504407659/100000000000000000000000000000000000,346042332617126945483047647176551933/50000000000000000000000000000000000,0,-24460423326171269454830476471765519330/1244263696504435849892055989548484249,binary128_matching,0,,,1,scan_cap,2.3538526683701997e+17,unresolved,0,1,"[""0"", ""0"", ""1"", ""1"", ""1"", ""0"", ""0"", ""-24460423326171269454830476471765519330/1244263696504435849892055989548484249"", ""0"", ""-10"", ""11/5"", ""158569426954948713626550544504407659/100000000000000000000000000000000000""]"
negative_012_fold,15609794553167727387060755769824227/31250000000000000000000000000000000,-20,0,-3437500000000000000000000000000000000/15457740084845001257668313468066497,double_full_return,0,,,-1,scan_cap,2.353852668369765e+17,unresolved,0,0,"[""0"", ""0"", ""1"", ""1"", ""1"", ""0"", ""0"", ""-3437500000000000000000000000000000000/15457740084845001257668313468066497"", ""0"", ""-10"", ""11/5"", ""15609794553167727387060755769824227/31250000000000000000000000000000000""]"
negative_012_pair,4992573639025378798339671413432251683077/10000000000000000000000000000000000000000,-20,0,-1100000000000000000000000000000000000000000/4918310029279166781736385547754768513847,double_full_return,2,US,-1,-1,scan_cap,2.353852668369765e+17,agree,0,2,"[""0"", ""0"", ""1"", ""1"", ""1"", ""0"", ""0"", ""-1100000000000000000000000000000000000000000/4918310029279166781736385547754768513847"", ""0"", ""-10"", ""11/5"", ""4992573639025378798339671413432251683077/10000000000000000000000000000000000000000""]"
negative_012_hopf_1,4992573639025378798339671413432251683077/10000000000000000000000000000000000000000,-20,14612289131604407/10000000000000000000,-1100000000000000000000000000000000000000000/4918310029279166781736385547754768513847,double_full_return,3,SUS,-1,-1,scan_cap,2.353852668369765e+17,agree,0,3,"[""0"", ""0"", ""1"", ""1"", ""1"", ""0"", ""0"", ""-1100000000000000000000000000000000000000000/4918310029279166781736385547754768513847"", ""14612289131604407/10000000000000000000"", ""-10"", ""11/5"", ""4992573639025378798339671413432251683077/10000000000000000000000000000000000000000""]"
negative_012_hopf_0.1,4992573639025378798339671413432251683077/10000000000000000000000000000000000000000,-20,1826536141450551/12500000000000000000,-1100000000000000000000000000000000000000000/4918310029279166781736385547754768513847,double_full_return,3,SUS,-1,-1,scan_cap,2.353852668369765e+17,agree,0,3,"[""0"", ""0"", ""1"", ""1"", ""1"", ""0"", ""0"", ""-1100000000000000000000000000000000000000000/4918310029279166781736385547754768513847"", ""1826536141450551/12500000000000000000"", ""-10"", ""11/5"", ""4992573639025378798339671413432251683077/10000000000000000000000000000000000000000""]"
negative_013_fold,18915077392353828862783820954553063/40000000000000000000000000000000000,-30,0,-2400000000000000000000000000000000000/8065851315892117490622030500083693,double_full_return,0,,,-1,scan_cap,2.353852668369765e+17,unresolved,0,0,"[""0"", ""0"", ""1"", ""1"", ""1"", ""0"", ""0"", ""-2400000000000000000000000000000000000/8065851315892117490622030500083693"", ""0"", ""-10"", ""11/5"", ""18915077392353828862783820954553063/40000000000000000000000000000000000""]"
negative_013_pair,4727830340601398471532053026752551953681/10000000000000000000000000000000000000000,-30,0,-200000000000000000000000000000000000000000/668711248871794395617527764759357163497,double_full_return,2,US,-1,-1,scan_cap,2.353852668369765e+17,agree,0,2,"[""0"", ""0"", ""1"", ""1"", ""1"", ""0"", ""0"", ""-200000000000000000000000000000000000000000/668711248871794395617527764759357163497"", ""0"", ""-10"", ""11/5"", ""4727830340601398471532053026752551953681/10000000000000000000000000000000000000000""]"
negative_013_hopf_1,4727830340601398471532053026752551953681/10000000000000000000000000000000000000000,-30,2583630700291157/1250000000000000000,-200000000000000000000000000000000000000000/668711248871794395617527764759357163497,double_full_return,3,SUS,-1,-1,scan_cap,2.353852668369765e+17,agree,0,3,"[""0"", ""0"", ""1"", ""1"", ""1"", ""0"", ""0"", ""-200000000000000000000000000000000000000000/668711248871794395617527764759357163497"", ""2583630700291157/1250000000000000000"", ""-10"", ""11/5"", ""4727830340601398471532053026752551953681/10000000000000000000000000000000000000000""]"
negative_013_hopf_0.1,4727830340601398471532053026752551953681/10000000000000000000000000000000000000000,-30,20669045602329257/100000000000000000000,-200000000000000000000000000000000000000000/668711248871794395617527764759357163497,double_full_return,3,SUS,-1,-1,scan_cap,2.353852668369765e+17,agree,0,3,"[""0"", ""0"", ""1"", ""1"", ""1"", ""0"", ""0"", ""-200000000000000000000000000000000000000000/668711248871794395617527764759357163497"", ""20669045602329257/100000000000000000000"", ""-10"", ""11/5"", ""4727830340601398471532053026752551953681/10000000000000000000000000000000000000000""]"
negative_014_fold,92108366260452135725937191097408101/200000000000000000000000000000000000,-747655797945185549102836285499576223/20000000000000000000000000000000000,0,-350,double_full_return,0,,,-1,scan_cap,2.353852668369765e+17,unresolved,0,0,"[""0"", ""0"", ""1"", ""1"", ""1"", ""0"", ""0"", ""-350"", ""0"", ""-10"", ""11/5"", ""92108366260452135725937191097408101/200000000000000000000000000000000000""]"
negative_014_pair,460855281616395517887146330764795884013/1000000000000000000000000000000000000000,-3714143315537545122689732531110716930999/100000000000000000000000000000000000000,0,-350,double_full_return,2,US,-1,-1,scan_cap,2.353852668369765e+17,agree,0,2,"[""0"", ""0"", ""1"", ""1"", ""1"", ""0"", ""0"", ""-350"", ""0"", ""-10"", ""11/5"", ""460855281616395517887146330764795884013/1000000000000000000000000000000000000000""]"
negative_014_hopf_1,460855281616395517887146330764795884013/1000000000000000000000000000000000000000,-3714143315537545122689732531110716930999/100000000000000000000000000000000000000,12411749417810679/5000000000000000000,-350,double_full_return,3,SUS,-1,-1,scan_cap,2.353852668369765e+17,agree,0,3,"[""0"", ""0"", ""1"", ""1"", ""1"", ""0"", ""0"", ""-350"", ""12411749417810679/5000000000000000000"", ""-10"", ""11/5"", ""460855281616395517887146330764795884013/1000000000000000000000000000000000000000""]"
negative_014_hopf_0.1,460855281616395517887146330764795884013/1000000000000000000000000000000000000000,-3714143315537545122689732531110716930999/100000000000000000000000000000000000000,24823498835621361/100000000000000000000,-350,double_full_return,3,SUS,-1,-1,scan_cap,2.353852668369765e+17,agree,0,3,"[""0"", ""0"", ""1"", ""1"", ""1"", ""0"", ""0"", ""-350"", ""24823498835621361/100000000000000000000"", ""-10"", ""11/5"", ""460855281616395517887146330764795884013/1000000000000000000000000000000000000000""]"
negative_015_fold,88856623774564011528892182393010169/200000000000000000000000000000000000,-1043194246318162858639673943091993269/20000000000000000000000000000000000,0,-450,double_full_return,0,,,-1,scan_cap,2.353852668369765e+17,unresolved,0,0,"[""0"", ""0"", ""1"", ""1"", ""1"", ""0"", ""0"", ""-450"", ""0"", ""-10"", ""11/5"", ""88856623774564011528892182393010169/200000000000000000000000000000000000""]"
negative_015_pair,889164784382805627355047438220504171893/2000000000000000000000000000000000000000,-10372686346102242891850303616170086982593/200000000000000000000000000000000000000,0,-450,double_full_return,2,US,-1,-1,scan_cap,2.353852668369765e+17,agree,0,2,"[""0"", ""0"", ""1"", ""1"", ""1"", ""0"", ""0"", ""-450"", ""0"", ""-10"", ""11/5"", ""889164784382805627355047438220504171893/2000000000000000000000000000000000000000""]"
negative_015_hopf_1,889164784382805627355047438220504171893/2000000000000000000000000000000000000000,-10372686346102242891850303616170086982593/200000000000000000000000000000000000000,16347822895733889/5000000000000000000,-450,double_full_return,3,SUS,-1,-1,scan_cap,2.353852668369765e+17,agree,0,3,"[""0"", ""0"", ""1"", ""1"", ""1"", ""0"", ""0"", ""-450"", ""16347822895733889/5000000000000000000"", ""-10"", ""11/5"", ""889164784382805627355047438220504171893/2000000000000000000000000000000000000000""]"
negative_015_hopf_0.1,889164784382805627355047438220504171893/2000000000000000000000000000000000000000,-10372686346102242891850303616170086982593/200000000000000000000000000000000000000,32695645791467779/100000000000000000000,-450,double_full_return,3,SUS,-1,-1,scan_cap,2.353852668369765e+17,agree,0,3,"[""0"", ""0"", ""1"", ""1"", ""1"", ""0"", ""0"", ""-450"", ""32695645791467779/100000000000000000000"", ""-10"", ""11/5"", ""889164784382805627355047438220504171893/2000000000000000000000000000000000000000""]"
positive_infinity_019_pair,317138853909932986247785225356266954657/200000000000000000000000000000000000000,346042332617126945483047647176551933/50000000000000000000000000000000000,0,-48920846652342538909660952943531038660000/2488527393009262848725637478918936501227,binary128_matching,2,SU,1,1,scan_cap,2.3538526683701997e+17,agree,0,1,"[""0"", ""0"", ""1"", ""1"", ""1"", ""0"", ""0"", ""-48920846652342538909660952943531038660000/2488527393009262848725637478918936501227"", ""0"", ""-10"", ""11/5"", ""317138853909932986247785225356266954657/200000000000000000000000000000000000000""]"
negative_016_fold,422149706891317828755254270896347043/1000000000000000000000000000000000000,-4594472569368527185845421140981277689/50000000000000000000000000000000000,0,-700,double_full_return,0,,,-1,scan_cap,2.353852668369765e+17,unresolved,0,0,"[""0"", ""0"", ""1"", ""1"", ""1"", ""0"", ""0"", ""-700"", ""0"", ""-10"", ""11/5"", ""422149706891317828755254270896347043/1000000000000000000000000000000000000""]"
negative_016_pair,66003151845992888401062966644405507629/156250000000000000000000000000000000000,-714632307858547593118151568380775912567/7812500000000000000000000000000000000,0,-700,double_full_return,2,US,-1,-1,scan_cap,2.353852668369765e+17,agree,0,2,"[""0"", ""0"", ""1"", ""1"", ""1"", ""0"", ""0"", ""-700"", ""0"", ""-10"", ""11/5"", ""66003151845992888401062966644405507629/156250000000000000000000000000000000000""]"
negative_016_hopf_1,66003151845992888401062966644405507629/156250000000000000000000000000000000000,-714632307858547593118151568380775912567/7812500000000000000000000000000000000,512767940084551/100000000000000000,-700,double_full_return,3,SUS,-1,-1,scan_cap,2.353852668369765e+17,agree,0,3,"[""0"", ""0"", ""1"", ""1"", ""1"", ""0"", ""0"", ""-700"", ""512767940084551/100000000000000000"", ""-10"", ""11/5"", ""66003151845992888401062966644405507629/156250000000000000000000000000000000000""]"
negative_016_hopf_0.1,66003151845992888401062966644405507629/156250000000000000000000000000000000000,-714632307858547593118151568380775912567/7812500000000000000000000000000000000,25638397004227551/50000000000000000000,-700,double_full_return,3,SUS,-1,-1,scan_cap,2.353852668369765e+17,agree,0,3,"[""0"", ""0"", ""1"", ""1"", ""1"", ""0"", ""0"", ""-700"", ""25638397004227551/50000000000000000000"", ""-10"", ""11/5"", ""66003151845992888401062966644405507629/156250000000000000000000000000000000000""]"
negative_017_fold,200307042042529220581856337258443627/500000000000000000000000000000000000,-4906092987918321456794543772042561339/25000000000000000000000000000000000,0,-1300,double_full_return,0,,,-1,scan_cap,2.353852668369765e+17,unresolved,0,0,"[""0"", ""0"", ""1"", ""1"", ""1"", ""0"", ""0"", ""-1300"", ""0"", ""-10"", ""11/5"", ""200307042042529220581856337258443627/500000000000000000000000000000000000""]"
negative_017_pair,4008426233763794909949570611213784919417/10000000000000000000000000000000000000000,-97795048571777327877211402596428756523369/500000000000000000000000000000000000000,0,-1300,double_full_return,2,US,-1,-1,scan_cap,2.353852668369765e+17,agree,0,2,"[""0"", ""0"", ""1"", ""1"", ""1"", ""0"", ""0"", ""-1300"", ""0"", ""-10"", ""11/5"", ""4008426233763794909949570611213784919417/10000000000000000000000000000000000000000""]"
negative_017_hopf_1,4008426233763794909949570611213784919417/10000000000000000000000000000000000000000,-97795048571777327877211402596428756523369/500000000000000000000000000000000000000,22450362510745797/2500000000000000000,-1300,double_full_return,3,SUS,-1,-1,scan_cap,2.353852668369765e+17,agree,0,3,"[""0"", ""0"", ""1"", ""1"", ""1"", ""0"", ""0"", ""-1300"", ""22450362510745797/2500000000000000000"", ""-10"", ""11/5"", ""4008426233763794909949570611213784919417/10000000000000000000000000000000000000000""]"
negative_017_hopf_0.1,4008426233763794909949570611213784919417/10000000000000000000000000000000000000000,-97795048571777327877211402596428756523369/500000000000000000000000000000000000000,44900725021491597/50000000000000000000,-1300,double_full_return,3,SUS,-1,-1,scan_cap,2.353852668369765e+17,agree,0,3,"[""0"", ""0"", ""1"", ""1"", ""1"", ""0"", ""0"", ""-1300"", ""44900725021491597/50000000000000000000"", ""-10"", ""11/5"", ""4008426233763794909949570611213784919417/10000000000000000000000000000000000000000""]"
negative_018_fold,47755353097392524611790498278226033/125000000000000000000000000000000000,-325323347786046687810913556818540911/625000000000000000000000000000000,0,-3000,double_full_return,0,,,-1,scan_cap,2.353852668369765e+17,unresolved,0,0,"[""0"", ""0"", ""1"", ""1"", ""1"", ""0"", ""0"", ""-3000"", ""0"", ""-10"", ""11/5"", ""47755353097392524611790498278226033/125000000000000000000000000000000000""]"
negative_018_pair,3822207399071230192326520289985204816321/10000000000000000000000000000000000000000,-25967155830649403653224830430488241061407/50000000000000000000000000000000000000,0,-3000,double_full_return,2,US,-1,-1,scan_cap,2.353852668369765e+17,agree,0,2,"[""0"", ""0"", ""1"", ""1"", ""1"", ""0"", ""0"", ""-3000"", ""0"", ""-10"", ""11/5"", ""3822207399071230192326520289985204816321/10000000000000000000000000000000000000000""]"
negative_018_hopf_1,3822207399071230192326520289985204816321/10000000000000000000000000000000000000000,-25967155830649403653224830430488241061407/50000000000000000000000000000000000000,854840530836253/50000000000000000,-3000,double_full_return,3,SUS,-1,-1,scan_cap,2.353852668369765e+17,agree,0,3,"[""0"", ""0"", ""1"", ""1"", ""1"", ""0"", ""0"", ""-3000"", ""854840530836253/50000000000000000"", ""-10"", ""11/5"", ""3822207399071230192326520289985204816321/10000000000000000000000000000000000000000""]"
negative_018_hopf_0.1,3822207399071230192326520289985204816321/10000000000000000000000000000000000000000,-25967155830649403653224830430488241061407/50000000000000000000000000000000000000,17096810616725061/10000000000000000000,-3000,double_full_return,3,SUS,-1,-1,scan_cap,2.353852668369765e+17,agree,0,3,"[""0"", ""0"", ""1"", ""1"", ""1"", ""0"", ""0"", ""-3000"", ""17096810616725061/10000000000000000000"", ""-10"", ""11/5"", ""3822207399071230192326520289985204816321/10000000000000000000000000000000000000000""]"
positive_infinity_019_hopf_1,317138853909932986247785225356266954657/200000000000000000000000000000000000000,346042332617126945483047647176551933/50000000000000000000000000000000000,-61835223440382737/100000000000000000000,-48920846652342538909660952943531038660000/2488527393009262848725637478918936501227,binary128_matching,2,US,-1,-1,scan_cap,2.3538526683701997e+17,agree,0,2,"[""0"", ""0"", ""1"", ""1"", ""1"", ""0"", ""0"", ""-48920846652342538909660952943531038660000/2488527393009262848725637478918936501227"", ""-61835223440382737/100000000000000000000"", ""-10"", ""11/5"", ""317138853909932986247785225356266954657/200000000000000000000000000000000000000""]"
negative_019_fold,366477126981994978770354980526011097/1000000000000000000000000000000000000,-989751603198055233526095214213877933/500000000000000000000000000000000,0,-10000,binary128_matching,0,,,-1,scan_cap,2.3538526683701997e+17,unresolved,0,0,"[""0"", ""0"", ""1"", ""1"", ""1"", ""0"", ""0"", ""-10000"", ""0"", ""-10"", ""11/5"", ""366477126981994978770354980526011097/1000000000000000000000000000000000000""]"
negative_019_pair,733200344770313882409946366957369128239/2000000000000000000000000000000000000000,-1976796207526547293490589963468939589371/1000000000000000000000000000000000000,0,-10000,binary128_matching,2,US,-1,-1,scan_cap,2.3538526683701997e+17,agree,0,2,"[""0"", ""0"", ""1"", ""1"", ""1"", ""0"", ""0"", ""-10000"", ""0"", ""-10"", ""11/5"", ""733200344770313882409946366957369128239/2000000000000000000000000000000000000000""]"
positive_infinity_019_hopf_0.1,317138853909932986247785225356266954657/200000000000000000000000000000000000000,346042332617126945483047647176551933/50000000000000000000000000000000000,-61835223440382739/1000000000000000000000,-48920846652342538909660952943531038660000/2488527393009262848725637478918936501227,binary128_matching,2,US,-1,-1,scan_cap,2.3538526683701997e+17,agree,0,2,"[""0"", ""0"", ""1"", ""1"", ""1"", ""0"", ""0"", ""-48920846652342538909660952943531038660000/2488527393009262848725637478918936501227"", ""-61835223440382739/1000000000000000000000"", ""-10"", ""11/5"", ""317138853909932986247785225356266954657/200000000000000000000000000000000000000""]"
negative_019_hopf_1,733200344770313882409946366957369128239/2000000000000000000000000000000000000000,-1976796207526547293490589963468939589371/1000000000000000000000000000000000000,36332076559739961/1000000000000000000,-10000,binary128_matching,3,SUS,-1,-1,scan_cap,2.3538526683701997e+17,agree,0,3,"[""0"", ""0"", ""1"", ""1"", ""1"", ""0"", ""0"", ""-10000"", ""36332076559739961/1000000000000000000"", ""-10"", ""11/5"", ""733200344770313882409946366957369128239/2000000000000000000000000000000000000000""]"
negative_019_hopf_0.1,733200344770313882409946366957369128239/2000000000000000000000000000000000000000,-1976796207526547293490589963468939589371/1000000000000000000000000000000000000,36332076559739963/10000000000000000000,-10000,binary128_matching,3,SUS,-1,-1,scan_cap,2.3538526683701997e+17,agree,0,3,"[""0"", ""0"", ""1"", ""1"", ""1"", ""0"", ""0"", ""-10000"", ""36332076559739963/10000000000000000000"", ""-10"", ""11/5"", ""733200344770313882409946366957369128239/2000000000000000000000000000000000000000""]"
positive_infinity_020_fold,158838236868706038053547580341755653/100000000000000000000000000000000000,87136180732697650214751678407662051/12500000000000000000000000000000000,0,-24485447229307906008590067136306482040/1247220605555766418589023383759312183,binary128_matching,0,,,1,scan_cap,2.3538526683701997e+17,unresolved,0,1,"[""0"", ""0"", ""1"", ""1"", ""1"", ""0"", ""0"", ""-24485447229307906008590067136306482040/1247220605555766418589023383759312183"", ""0"", ""-10"", ""11/5"", ""158838236868706038053547580341755653/100000000000000000000000000000000000""]"
negative_020_fold,352244976296378315281630687419397571/1000000000000000000000000000000000000,-1127405260739838531902062438386626719/50000000000000000000000000000000,0,-100000,binary128_matching,0,,,-1,scan_cap,2.3538526683701997e+17,unresolved,0,0,"[""0"", ""0"", ""1"", ""1"", ""1"", ""0"", ""0"", ""-100000"", ""0"", ""-10"", ""11/5"", ""352244976296378315281630687419397571/1000000000000000000000000000000000000""]"
negative_020_pair,1761541805377267420551052714896729231457/5000000000000000000000000000000000000000,-5633540140850058373938420136135978453973/250000000000000000000000000000000000,0,-100000,binary128_matching,2,US,-1,-1,scan_cap,2.3538526683701997e+17,agree,0,2,"[""0"", ""0"", ""1"", ""1"", ""1"", ""0"", ""0"", ""-100000"", ""0"", ""-10"", ""11/5"", ""1761541805377267420551052714896729231457/5000000000000000000000000000000000000000""]"
positive_infinity_020_pair,1588382368687061573048496436870013032897/1000000000000000000000000000000000000000,87136180732697650214751678407662051/12500000000000000000000000000000000,0,-244854472293079060085900671363064820400000/12472206055557677303533460805570143361867,binary128_matching,2,SU,1,1,scan_cap,2.3538526683701997e+17,agree,0,1,"[""0"", ""0"", ""1"", ""1"", ""1"", ""0"", ""0"", ""-244854472293079060085900671363064820400000/12472206055557677303533460805570143361867"", ""0"", ""-10"", ""11/5"", ""1588382368687061573048496436870013032897/1000000000000000000000000000000000000000""]"
negative_020_hopf_1,1761541805377267420551052714896729231457/5000000000000000000000000000000000000000,-5633540140850058373938420136135978453973/250000000000000000000000000000000000,10980324750951283/100000000000000000,-100000,binary128_matching,3,SUS,-1,-1,scan_cap,2.3538526683701997e+17,agree,0,3,"[""0"", ""0"", ""1"", ""1"", ""1"", ""0"", ""0"", ""-100000"", ""10980324750951283/100000000000000000"", ""-10"", ""11/5"", ""1761541805377267420551052714896729231457/5000000000000000000000000000000000000000""]"
negative_020_hopf_0.1,1761541805377267420551052714896729231457/5000000000000000000000000000000000000000,-5633540140850058373938420136135978453973/250000000000000000000000000000000000,10980324750951283/1000000000000000000,-100000,binary128_matching,3,SUS,-1,-1,scan_cap,2.3538526683701997e+17,agree,0,3,"[""0"", ""0"", ""1"", ""1"", ""1"", ""0"", ""0"", ""-100000"", ""10980324750951283/1000000000000000000"", ""-10"", ""11/5"", ""1761541805377267420551052714896729231457/5000000000000000000000000000000000000000""]"
positive_infinity_020_hopf_1,1588382368687061573048496436870013032897/1000000000000000000000000000000000000000,87136180732697650214751678407662051/12500000000000000000000000000000000,-76198443543907071/100000000000000000000,-244854472293079060085900671363064820400000/12472206055557677303533460805570143361867,binary128_matching,2,US,-1,-1,scan_cap,2.3538526683701997e+17,agree,0,2,"[""0"", ""0"", ""1"", ""1"", ""1"", ""0"", ""0"", ""-244854472293079060085900671363064820400000/12472206055557677303533460805570143361867"", ""-76198443543907071/100000000000000000000"", ""-10"", ""11/5"", ""1588382368687061573048496436870013032897/1000000000000000000000000000000000000000""]"
negative_021_fold,345815387851329735534301641625554171/1000000000000000000000000000000000000,-1196240733635372909122681942118904119/5000000000000000000000000000000,0,-1000000,binary128_matching,0,,,-1,scan_cap,2.3538526683701997e+17,unresolved,2,0,"[""0"", ""0"", ""1"", ""1"", ""1"", ""0"", ""0"", ""-1000000"", ""0"", ""-10"", ""11/5"", ""345815387851329735534301641625554171/1000000000000000000000000000000000000""]"
negative_021_pair,864626750866157648718856633593864386133/2500000000000000000000000000000000000000,-2989630740472265864092577030467491752537/12500000000000000000000000000000000,0,-1000000,binary128_matching,2,US,-1,-1,scan_cap,2.3538526683701997e+17,agree,0,0,"[""0"", ""0"", ""1"", ""1"", ""1"", ""0"", ""0"", ""-1000000"", ""0"", ""-10"", ""11/5"", ""864626750866157648718856633593864386133/2500000000000000000000000000000000000000""]"
positive_infinity_020_hopf_0.1,1588382368687061573048496436870013032897/1000000000000000000000000000000000000000,87136180732697650214751678407662051/12500000000000000000000000000000000,-76198443543907079/1000000000000000000000,-244854472293079060085900671363064820400000/12472206055557677303533460805570143361867,binary128_matching,2,US,-1,-1,scan_cap,2.3538526683701997e+17,agree,0,2,"[""0"", ""0"", ""1"", ""1"", ""1"", ""0"", ""0"", ""-244854472293079060085900671363064820400000/12472206055557677303533460805570143361867"", ""-76198443543907079/1000000000000000000000"", ""-10"", ""11/5"", ""1588382368687061573048496436870013032897/1000000000000000000000000000000000000000""]"
negative_021_hopf_1,864626750866157648718856633593864386133/2500000000000000000000000000000000000000,-2989630740472265864092577030467491752537/12500000000000000000000000000000000,13593118103915461/50000000000000000,-1000000,binary128_matching,3,SUS,-1,-1,scan_cap,2.3538526683701997e+17,agree,0,0,"[""0"", ""0"", ""1"", ""1"", ""1"", ""0"", ""0"", ""-1000000"", ""13593118103915461/50000000000000000"", ""-10"", ""11/5"", ""864626750866157648718856633593864386133/2500000000000000000000000000000000000000""]"
negative_021_hopf_0.1,864626750866157648718856633593864386133/2500000000000000000000000000000000000000,-2989630740472265864092577030467491752537/12500000000000000000000000000000000,13593118103915461/500000000000000000,-1000000,binary128_matching,3,SUS,-1,-1,scan_cap,2.3538526683701997e+17,agree,0,0,"[""0"", ""0"", ""1"", ""1"", ""1"", ""0"", ""0"", ""-1000000"", ""13593118103915461/500000000000000000"", ""-10"", ""11/5"", ""864626750866157648718856633593864386133/2500000000000000000000000000000000000000""]"
positive_infinity_021_fold,79510969101702080483780369644017111/50000000000000000000000000000000000,700498568677626254825185687227794081/100000000000000000000000000000000000,0,-24502492843388131274125928436138970405/1249241320237445770643168132168376442,binary128_matching,0,,,1,scan_cap,2.3538526683701997e+17,unresolved,0,1,"[""0"", ""0"", ""1"", ""1"", ""1"", ""0"", ""0"", ""-24502492843388131274125928436138970405/1249241320237445770643168132168376442"", ""0"", ""-10"", ""11/5"", ""79510969101702080483780369644017111/50000000000000000000000000000000000""]"
negative_022_fold,21398530964630873629038748516566871/62500000000000000000000000000000000,-77117471889060390080573766317764419/31250000000000000000000000000,0,-10000000,binary128_matching,0,,,-1,scan_cap,2.3538526683701997e+17,unresolved,0,0,"[""0"", ""0"", ""1"", ""1"", ""1"", ""0"", ""0"", ""-10000000"", ""0"", ""-10"", ""11/5"", ""21398530964630873629038748516566871/62500000000000000000000000000000000""]"
positive_infinity_021_pair,397554845508510404489500987399418787819/250000000000000000000000000000000000000,700498568677626254825185687227794081/100000000000000000000000000000000000,0,-61256232108470328185314821090347426012500/3123103300593614449384510861393606666009,binary128_matching,2,SU,1,1,scan_cap,2.3538526683701997e+17,agree,0,1,"[""0"", ""0"", ""1"", ""1"", ""1"", ""0"", ""0"", ""-61256232108470328185314821090347426012500/3123103300593614449384510861393606666009"", ""0"", ""-10"", ""11/5"", ""397554845508510404489500987399418787819/250000000000000000000000000000000000000""]"
positive_infinity_021_hopf_1,397554845508510404489500987399418787819/250000000000000000000000000000000000000,700498568677626254825185687227794081/100000000000000000000000000000000000,-11071895391368059/5000000000000000000,-61256232108470328185314821090347426012500/3123103300593614449384510861393606666009,binary128_matching,2,US,-1,-1,scan_cap,2.3538526683701997e+17,agree,0,2,"[""0"", ""0"", ""1"", ""1"", ""1"", ""0"", ""0"", ""-61256232108470328185314821090347426012500/3123103300593614449384510861393606666009"", ""-11071895391368059/5000000000000000000"", ""-10"", ""11/5"", ""397554845508510404489500987399418787819/250000000000000000000000000000000000000""]"
positive_infinity_021_hopf_0.1,397554845508510404489500987399418787819/250000000000000000000000000000000000000,700498568677626254825185687227794081/100000000000000000000000000000000000,-22143790782736119/100000000000000000000,-61256232108470328185314821090347426012500/3123103300593614449384510861393606666009,binary128_matching,2,US,-1,-1,scan_cap,2.3538526683701997e+17,agree,0,2,"[""0"", ""0"", ""1"", ""1"", ""1"", ""0"", ""0"", ""-61256232108470328185314821090347426012500/3123103300593614449384510861393606666009"", ""-22143790782736119/100000000000000000000"", ""-10"", ""11/5"", ""397554845508510404489500987399418787819/250000000000000000000000000000000000000""]"
positive_infinity_022_fold,159155447310274960683993809292922513/100000000000000000000000000000000000,175742650956989015052354545395005333/25000000000000000000000000000000000,0,-8171617673046593433682363635966702220/416903306804341522507977300740715881,binary128_matching,0,,,1,scan_cap,2.3538526683701997e+17,unresolved,0,1,"[""0"", ""0"", ""1"", ""1"", ""1"", ""0"", ""0"", ""-8171617673046593433682363635966702220/416903306804341522507977300740715881"", ""0"", ""-10"", ""11/5"", ""159155447310274960683993809292922513/100000000000000000000000000000000000""]"
negative_022_pair,342397712043069112038588259027266524731/1000000000000000000000000000000000000000,-1233646167526239767575529150700068227959/500000000000000000000000000000000,0,-10000000,binary128_matching,2,US,-1,-1,scan_cap,2.3538526683701997e+17,agree,0,0,"[""0"", ""0"", ""1"", ""1"", ""1"", ""0"", ""0"", ""-10000000"", ""0"", ""-10"", ""11/5"", ""342397712043069112038588259027266524731/1000000000000000000000000000000000000000""]"
positive_infinity_022_pair,397888618275687401724724985466992076797/250000000000000000000000000000000000000,175742650956989015052354545395005333/25000000000000000000000000000000000,0,-61287132547849450752617727269750266650000/3126774801032561418971974840136912844767,binary128_matching,2,SU,1,1,scan_cap,2.3538526683701997e+17,agree,0,1,"[""0"", ""0"", ""1"", ""1"", ""1"", ""0"", ""0"", ""-61287132547849450752617727269750266650000/3126774801032561418971974840136912844767"", ""0"", ""-10"", ""11/5"", ""397888618275687401724724985466992076797/250000000000000000000000000000000000000""]"
negative_022_hopf_1,342397712043069112038588259027266524731/1000000000000000000000000000000000000000,-1233646167526239767575529150700068227959/500000000000000000000000000000000,12675446161019479/20000000000000000,-10000000,binary128_matching,3,SUS,-1,-1,scan_cap,2.3538526683701997e+17,agree,0,0,"[""0"", ""0"", ""1"", ""1"", ""1"", ""0"", ""0"", ""-10000000"", ""12675446161019479/20000000000000000"", ""-10"", ""11/5"", ""342397712043069112038588259027266524731/1000000000000000000000000000000000000000""]"
negative_022_hopf_0.1,342397712043069112038588259027266524731/1000000000000000000000000000000000000000,-1233646167526239767575529150700068227959/500000000000000000000000000000000,31688615402548699/500000000000000000,-10000000,binary128_matching,3,SUS,-1,-1,scan_cap,2.3538526683701997e+17,agree,0,0,"[""0"", ""0"", ""1"", ""1"", ""1"", ""0"", ""0"", ""-10000000"", ""31688615402548699/500000000000000000"", ""-10"", ""11/5"", ""342397712043069112038588259027266524731/1000000000000000000000000000000000000000""]"
positive_infinity_022_hopf_1,397888618275687401724724985466992076797/250000000000000000000000000000000000000,175742650956989015052354545395005333/25000000000000000000000000000000000,-22136367383242413/10000000000000000000,-61287132547849450752617727269750266650000/3126774801032561418971974840136912844767,binary128_matching,2,US,-1,-1,scan_cap,2.3538526683701997e+17,agree,0,2,"[""0"", ""0"", ""1"", ""1"", ""1"", ""0"", ""0"", ""-61287132547849450752617727269750266650000/3126774801032561418971974840136912844767"", ""-22136367383242413/10000000000000000000"", ""-10"", ""11/5"", ""397888618275687401724724985466992076797/250000000000000000000000000000000000000""]"
negative_023_fold,340318999216065699056128982203515099/1000000000000000000000000000000000000,-1256493108623277310382581195761333911/50000000000000000000000000000,0,-100000000,binary128_matching,2,US,-1,-1,scan_cap,2.3538526683701997e+17,agree,0,0,"[""0"", ""0"", ""1"", ""1"", ""1"", ""0"", ""0"", ""-100000000"", ""0"", ""-10"", ""11/5"", ""340318999216065699056128982203515099/1000000000000000000000000000000000000""]"
negative_023_pair,3403326391669522425701782177720174631849/10000000000000000000000000000000000000000,-12563430691635253317280396045078079049661/500000000000000000000000000000000,0,-100000000,binary128_matching,2,US,-1,-1,scan_cap,2.3538526683701997e+17,agree,0,0,"[""0"", ""0"", ""1"", ""1"", ""1"", ""0"", ""0"", ""-100000000"", ""0"", ""-10"", ""11/5"", ""3403326391669522425701782177720174631849/10000000000000000000000000000000000000000""]"
positive_infinity_022_hopf_0.1,397888618275687401724724985466992076797/250000000000000000000000000000000000000,175742650956989015052354545395005333/25000000000000000000000000000000000,-22136367383242413/100000000000000000000,-61287132547849450752617727269750266650000/3126774801032561418971974840136912844767,binary128_matching,2,US,-1,-1,scan_cap,2.3538526683701997e+17,agree,0,2,"[""0"", ""0"", ""1"", ""1"", ""1"", ""0"", ""0"", ""-61287132547849450752617727269750266650000/3126774801032561418971974840136912844767"", ""-22136367383242413/100000000000000000000"", ""-10"", ""11/5"", ""397888618275687401724724985466992076797/250000000000000000000000000000000000000""]"
negative_023_hopf_1,3403326391669522425701782177720174631849/10000000000000000000000000000000000000000,-12563430691635253317280396045078079049661/500000000000000000000000000000000,295159518040129/200000000000000,-100000000,binary128_matching,3,SUS,-1,-1,scan_cap,2.3538526683701997e+17,agree,0,0,"[""0"", ""0"", ""1"", ""1"", ""1"", ""0"", ""0"", ""-100000000"", ""295159518040129/200000000000000"", ""-10"", ""11/5"", ""3403326391669522425701782177720174631849/10000000000000000000000000000000000000000""]"
negative_023_hopf_0.1,3403326391669522425701782177720174631849/10000000000000000000000000000000000000000,-12563430691635253317280396045078079049661/500000000000000000000000000000000,14757975902006451/100000000000000000,-100000000,binary128_matching,3,SUS,-1,-1,scan_cap,2.3538526683701997e+17,agree,0,0,"[""0"", ""0"", ""1"", ""1"", ""1"", ""0"", ""0"", ""-100000000"", ""14757975902006451/100000000000000000"", ""-10"", ""11/5"", ""3403326391669522425701782177720174631849/10000000000000000000000000000000000000000""]"
negative_024_fold,169491135170066246399031371477426369/500000000000000000000000000000000000,-635597618129271289610654913748309941/2500000000000000000000000000,0,-1000000000,binary128_matching,0,,,-1,scan_cap,2.3538526683701997e+17,unresolved,2,0,"[""0"", ""0"", ""1"", ""1"", ""1"", ""0"", ""0"", ""-1000000000"", ""0"", ""-10"", ""11/5"", ""169491135170066246399031371477426369/500000000000000000000000000000000000""]"
negative_024_pair,1694957853243755382533279002286056618743/5000000000000000000000000000000000000000,-6355464664318690792133930974853377193827/25000000000000000000000000000000,0,-1000000000,binary128_matching,2,US,-1,-1,scan_cap,2.3538526683701997e+17,agree,0,0,"[""0"", ""0"", ""1"", ""1"", ""1"", ""0"", ""0"", ""-1000000000"", ""0"", ""-10"", ""11/5"", ""1694957853243755382533279002286056618743/5000000000000000000000000000000000000000""]"
negative_024_hopf_1,1694957853243755382533279002286056618743/5000000000000000000000000000000000000000,-6355464664318690792133930974853377193827/25000000000000000000000000000000,35138481689632961/10000000000000000,-1000000000,binary128_matching,3,SUS,-1,-1,scan_cap,2.3538526683701997e+17,agree,0,0,"[""0"", ""0"", ""1"", ""1"", ""1"", ""0"", ""0"", ""-1000000000"", ""35138481689632961/10000000000000000"", ""-10"", ""11/5"", ""1694957853243755382533279002286056618743/5000000000000000000000000000000000000000""]"
negative_024_hopf_0.1,1694957853243755382533279002286056618743/5000000000000000000000000000000000000000,-6355464664318690792133930974853377193827/25000000000000000000000000000000,35138481689632961/100000000000000000,-1000000000,binary128_matching,3,SUS,-1,-1,scan_cap,2.3538526683701997e+17,agree,0,0,"[""0"", ""0"", ""1"", ""1"", ""1"", ""0"", ""0"", ""-1000000000"", ""35138481689632961/100000000000000000"", ""-10"", ""11/5"", ""1694957853243755382533279002286056618743/5000000000000000000000000000000000000000""]"
negative_025_fold,169028426947990488134869563637782083/500000000000000000000000000000000000,-640687314072104630516434799984397087/250000000000000000000000000,0,-10000000000,binary128_matching,0,,,-1,scan_cap,2.3538526683701997e+17,unresolved,0,0,"[""0"", ""0"", ""1"", ""1"", ""1"", ""0"", ""0"", ""-10000000000"", ""0"", ""-10"", ""11/5"", ""169028426947990488134869563637782083/500000000000000000000000000000000000""]"
positive_infinity_023_fold,31851374166745974406444773676128423/20000000000000000000000000000000000,176211348327180710685303666772140287/25000000000000000000000000000000000,0,-4904845393308722842741214667088561148/250365115834205718470892510437412653,binary128_matching,0,,,1,angular_chart_failure,1.9321599304402836e+16,unresolved,0,1,"[""0"", ""0"", ""1"", ""1"", ""1"", ""0"", ""0"", ""-4904845393308722842741214667088561148/250365115834205718470892510437412653"", ""0"", ""-10"", ""11/5"", ""31851374166745974406444773676128423/20000000000000000000000000000000000""]"
negative_025_pair,1690317592192374810752380484049700835393/5000000000000000000000000000000000000000,-6406506590883877081723814675453290810677/2500000000000000000000000000000,0,-10000000000,binary128_matching,2,US,-1,-1,scan_cap,2.3538526683701997e+17,agree,0,0,"[""0"", ""0"", ""1"", ""1"", ""1"", ""0"", ""0"", ""-10000000000"", ""0"", ""-10"", ""11/5"", ""1690317592192374810752380484049700835393/5000000000000000000000000000000000000000""]"
negative_025_hopf_1,1690317592192374810752380484049700835393/5000000000000000000000000000000000000000,-6406506590883877081723814675453290810677/2500000000000000000000000000000,43048210199081769/5000000000000000,-10000000000,binary128_matching,3,SUS,-1,-1,scan_cap,2.3538526683701997e+17,agree,0,0,"[""0"", ""0"", ""1"", ""1"", ""1"", ""0"", ""0"", ""-10000000000"", ""43048210199081769/5000000000000000"", ""-10"", ""11/5"", ""1690317592192374810752380484049700835393/5000000000000000000000000000000000000000""]"
negative_025_hopf_0.1,1690317592192374810752380484049700835393/5000000000000000000000000000000000000000,-6406506590883877081723814675453290810677/2500000000000000000000000000000,43048210199081771/50000000000000000,-10000000000,binary128_matching,3,SUS,-1,-1,scan_cap,2.3538526683701997e+17,agree,0,0,"[""0"", ""0"", ""1"", ""1"", ""1"", ""0"", ""0"", ""-10000000000"", ""43048210199081771/50000000000000000"", ""-10"", ""11/5"", ""1690317592192374810752380484049700835393/5000000000000000000000000000000000000000""]"
negative_026_fold,168691705714502234402543254675489423/500000000000000000000000000000000000,-644391238190475421572024198569616347/25000000000000000000000000,0,-100000000000,binary128_matching,2,US,-1,-1,scan_cap,2.3538526683701997e+17,agree,0,0,"[""0"", ""0"", ""1"", ""1"", ""1"", ""0"", ""0"", ""-100000000000"", ""0"", ""-10"", ""11/5"", ""168691705714502234402543254675489423/500000000000000000000000000000000000""]"
negative_026_pair,1686941938258902380161480269118315821313/5000000000000000000000000000000000000000,-6443638689652073818223717039698525965557/250000000000000000000000000000,0,-100000000000,binary128_matching,2,US,-1,-1,scan_cap,2.3538526683701997e+17,agree,0,0,"[""0"", ""0"", ""1"", ""1"", ""1"", ""0"", ""0"", ""-100000000000"", ""0"", ""-10"", ""11/5"", ""1686941938258902380161480269118315821313/5000000000000000000000000000000000000000""]"
negative_026_hopf_1,1686941938258902380161480269118315821313/5000000000000000000000000000000000000000,-6443638689652073818223717039698525965557/250000000000000000000000000000,10917375727520241/500000000000000,-100000000000,binary128_matching,3,SUS,-1,-1,scan_cap,2.3538526683701997e+17,agree,0,0,"[""0"", ""0"", ""1"", ""1"", ""1"", ""0"", ""0"", ""-100000000000"", ""10917375727520241/500000000000000"", ""-10"", ""11/5"", ""1686941938258902380161480269118315821313/5000000000000000000000000000000000000000""]"
negative_026_hopf_0.1,1686941938258902380161480269118315821313/5000000000000000000000000000000000000000,-6443638689652073818223717039698525965557/250000000000000000000000000000,5458687863760121/2500000000000000,-100000000000,binary128_matching,3,SUS,-1,-1,scan_cap,2.3538526683701997e+17,agree,0,0,"[""0"", ""0"", ""1"", ""1"", ""1"", ""0"", ""0"", ""-100000000000"", ""5458687863760121/2500000000000000"", ""-10"", ""11/5"", ""1686941938258902380161480269118315821313/5000000000000000000000000000000000000000""]"
negative_027_fold,168436780210475781894125256293767219/500000000000000000000000000000000000,-647195417789766399164622180768560591/2500000000000000000000000,0,-1000000000000,binary128_matching,2,US,-1,-1,scan_cap,2.3538526683701997e+17,agree,0,0,"[""0"", ""0"", ""1"", ""1"", ""1"", ""0"", ""0"", ""-1000000000000"", ""0"", ""-10"", ""11/5"", ""168436780210475781894125256293767219/500000000000000000000000000000000000""]"
negative_027_pair,336877403150612577492362571841980645791/1000000000000000000000000000000000000000,-1294348565553261647584011709738212896299/5000000000000000000000000000,0,-1000000000000,binary128_matching,2,US,-1,-1,scan_cap,2.3538526683701997e+17,agree,0,0,"[""0"", ""0"", ""1"", ""1"", ""1"", ""0"", ""0"", ""-1000000000000"", ""0"", ""-10"", ""11/5"", ""336877403150612577492362571841980645791/1000000000000000000000000000000000000000""]"
negative_027_hopf_1,336877403150612577492362571841980645791/1000000000000000000000000000000000000000,-1294348565553261647584011709738212896299/5000000000000000000000000000,753105493614117/12500000000000,-1000000000000,binary128_matching,3,SUS,-1,-1,scan_cap,2.3538526683701997e+17,agree,0,0,"[""0"", ""0"", ""1"", ""1"", ""1"", ""0"", ""0"", ""-1000000000000"", ""753105493614117/12500000000000"", ""-10"", ""11/5"", ""336877403150612577492362571841980645791/1000000000000000000000000000000000000000""]"
positive_infinity_023_pair,1592568708337298720322666225367303469329/1000000000000000000000000000000000000000,176211348327180710685303666772140287/25000000000000000000000000000000000,0,-245242269665436142137060733354428057400000/12518255791710285923549328479040338162619,binary128_matching,2,SU,1,1,angular_chart_failure,1.9321599304402836e+16,agree,0,1,"[""0"", ""0"", ""1"", ""1"", ""1"", ""0"", ""0"", ""-245242269665436142137060733354428057400000/12518255791710285923549328479040338162619"", ""0"", ""-10"", ""11/5"", ""1592568708337298720322666225367303469329/1000000000000000000000000000000000000000""]"
negative_027_hopf_0.1,336877403150612577492362571841980645791/1000000000000000000000000000000000000000,-1294348565553261647584011709738212896299/5000000000000000000000000000,15062109872282341/2500000000000000,-1000000000000,binary128_matching,3,SUS,-1,-1,scan_cap,2.3538526683701997e+17,agree,0,0,"[""0"", ""0"", ""1"", ""1"", ""1"", ""0"", ""0"", ""-1000000000000"", ""15062109872282341/2500000000000000"", ""-10"", ""11/5"", ""336877403150612577492362571841980645791/1000000000000000000000000000000000000000""]"
negative_028_fold,336475146978923634325568675630591991/1000000000000000000000000000000000000,-1298773383252840022418744568063488099/500000000000000000000000,0,-10000000000000,binary128_matching,0,,,-1,scan_cap,2.3538526683701997e+17,unresolved,2,0,"[""0"", ""0"", ""1"", ""1"", ""1"", ""0"", ""0"", ""-10000000000000"", ""0"", ""-10"", ""11/5"", ""336475146978923634325568675630591991/1000000000000000000000000000000000000""]"
negative_028_pair,672956394283690531717291130275606765049/2000000000000000000000000000000000000000,-2597479662921404151109797566968325584461/1000000000000000000000000000,0,-10000000000000,binary128_matching,2,US,-1,-1,scan_cap,2.3538526683701997e+17,agree,0,0,"[""0"", ""0"", ""1"", ""1"", ""1"", ""0"", ""0"", ""-10000000000000"", ""0"", ""-10"", ""11/5"", ""672956394283690531717291130275606765049/2000000000000000000000000000000000000000""]"
negative_028_hopf_1,672956394283690531717291130275606765049/2000000000000000000000000000000000000000,-2597479662921404151109797566968325584461/1000000000000000000000000000,10878384116260817/50000000000000,-10000000000000,binary128_matching,3,SUS,-1,-1,scan_cap,2.3538526683701997e+17,agree,0,0,"[""0"", ""0"", ""1"", ""1"", ""1"", ""0"", ""0"", ""-10000000000000"", ""10878384116260817/50000000000000"", ""-10"", ""11/5"", ""672956394283690531717291130275606765049/2000000000000000000000000000000000000000""]"
negative_028_hopf_0.1,672956394283690531717291130275606765049/2000000000000000000000000000000000000000,-2597479662921404151109797566968325584461/1000000000000000000000000000,21756768232521637/1000000000000000,-10000000000000,binary128_matching,3,SUS,-1,-1,scan_cap,2.3538526683701997e+17,agree,0,0,"[""0"", ""0"", ""1"", ""1"", ""1"", ""0"", ""0"", ""-10000000000000"", ""21756768232521637/1000000000000000"", ""-10"", ""11/5"", ""672956394283690531717291130275606765049/2000000000000000000000000000000000000000""]"
positive_infinity_023_hopf_1,1592568708337298720322666225367303469329/1000000000000000000000000000000000000000,176211348327180710685303666772140287/25000000000000000000000000000000000,-691585340011143/312500000000000000,-245242269665436142137060733354428057400000/12518255791710285923549328479040338162619,binary128_matching,2,US,-1,-1,angular_chart_failure,1.9321599304402836e+16,agree,0,2,"[""0"", ""0"", ""1"", ""1"", ""1"", ""0"", ""0"", ""-245242269665436142137060733354428057400000/12518255791710285923549328479040338162619"", ""-691585340011143/312500000000000000"", ""-10"", ""11/5"", ""1592568708337298720322666225367303469329/1000000000000000000000000000000000000000""]"
positive_infinity_023_hopf_0.1,1592568708337298720322666225367303469329/1000000000000000000000000000000000000000,176211348327180710685303666772140287/25000000000000000000000000000000000,-22130730880356577/100000000000000000000,-245242269665436142137060733354428057400000/12518255791710285923549328479040338162619,binary128_matching,2,US,-1,-1,angular_chart_failure,1.9321599304402836e+16,agree,0,2,"[""0"", ""0"", ""1"", ""1"", ""1"", ""0"", ""0"", ""-245242269665436142137060733354428057400000/12518255791710285923549328479040338162619"", ""-22130730880356577/100000000000000000000"", ""-10"", ""11/5"", ""1592568708337298720322666225367303469329/1000000000000000000000000000000000000000""]"
positive_infinity_024_fold,159336538207545879691474862767067037/100000000000000000000000000000000000,44144757525731380879336976664465107/6250000000000000000000000000000000,0,-24531580602058510470346958133157208560/1252701920283004676606223490437737407,binary128_matching,0,,,1,angular_chart_failure,1.9321599304402836e+16,unresolved,0,1,"[""0"", ""0"", ""1"", ""1"", ""1"", ""0"", ""0"", ""-24531580602058510470346958133157208560/1252701920283004676606223490437737407"", ""0"", ""-10"", ""11/5"", ""159336538207545879691474862767067037/100000000000000000000000000000000000""]"
positive_infinity_024_pair,796682691037729398457375886167630582071/500000000000000000000000000000000000000,44144757525731380879336976664465107/6250000000000000000000000000000000,0,-122657903010292552351734790665786042800000/6263509601415023383031134747843936402781,binary128_matching,2,SU,1,1,scan_cap,4.727839468229346e+18,agree,0,1,"[""0"", ""0"", ""1"", ""1"", ""1"", ""0"", ""0"", ""-122657903010292552351734790665786042800000/6263509601415023383031134747843936402781"", ""0"", ""-10"", ""11/5"", ""796682691037729398457375886167630582071/500000000000000000000000000000000000000""]"
positive_infinity_024_hopf_1,796682691037729398457375886167630582071/500000000000000000000000000000000000000,44144757525731380879336976664465107/6250000000000000000000000000000000,-22126305191823171/10000000000000000000,-122657903010292552351734790665786042800000/6263509601415023383031134747843936402781,binary128_matching,2,US,-1,-1,angular_chart_failure,1.9321599304402836e+16,agree,0,2,"[""0"", ""0"", ""1"", ""1"", ""1"", ""0"", ""0"", ""-122657903010292552351734790665786042800000/6263509601415023383031134747843936402781"", ""-22126305191823171/10000000000000000000"", ""-10"", ""11/5"", ""796682691037729398457375886167630582071/500000000000000000000000000000000000000""]"
positive_infinity_024_polished_fold,63734615283018351876589948190874631339/40000000000000000000000000000000000000,28252644816468083762775673506548383419701009432055883561621163472989200391181/4000000000000000000000000000000000000000000000000000000000000000000000000000,0,-391658705153360796489399521898475000789/20000000000000000000000000000000000000,double_full_return,0,,,,,,unresolved,0,1,"[""0"", ""0"", ""1"", ""1"", ""1"", ""0"", ""0"", ""-391658705153360796489399521898475000789/20000000000000000000000000000000000000"", ""0"", ""-10"", ""11/5"", ""63734615283018351876589948190874631339/40000000000000000000000000000000000000""]"
positive_infinity_024_polished_pair,1593365382075458796914746349305487208607/1000000000000000000000000000000000000000,706316120411702094069381689735679071496315405785959517632629032624241058500153/100000000000000000000000000000000000000000000000000000000000000000000000000000,0,-391658705153360796489399521898475000789/20000000000000000000000000000000000000,binary128_matching,2,SU,1,1,scan_cap,4.727839468229346e+18,agree,0,1,"[""0"", ""0"", ""1"", ""1"", ""1"", ""0"", ""0"", ""-391658705153360796489399521898475000789/20000000000000000000000000000000000000"", ""0"", ""-10"", ""11/5"", ""1593365382075458796914746349305487208607/1000000000000000000000000000000000000000""]"
positive_infinity_024_polished_hopf_preserved,1593365382075458796914746349305487208607/1000000000000000000000000000000000000000,706316120411702094069381689735679071496315405785959517632629032624241058500153/100000000000000000000000000000000000000000000000000000000000000000000000000000,-768757042664689/20000000000000000000000000000000000000000,-391658705153360796489399521898475000789/20000000000000000000000000000000000000,binary128_matching,3,USU,1,1,scan_cap,4.727839468229346e+18,agree,0,1,"[""0"", ""0"", ""1"", ""1"", ""1"", ""0"", ""0"", ""-391658705153360796489399521898475000789/20000000000000000000000000000000000000"", ""-768757042664689/20000000000000000000000000000000000000000"", ""-10"", ""11/5"", ""1593365382075458796914746349305487208607/1000000000000000000000000000000000000000""]"
positive_infinity_025_polished_fold,318740580525461817384744168090923951601/200000000000000000000000000000000000000,88367338393338359192760529746751464735063938703635027524678313401868791083859/12500000000000000000000000000000000000000000000000000000000000000000000000000,0,-244745215951309050640050275168128081769/12500000000000000000000000000000000000,double_full_return,0,,,,,,unresolved,0,1,"[""0"", ""0"", ""1"", ""1"", ""1"", ""0"", ""0"", ""-244745215951309050640050275168128081769/12500000000000000000000000000000000000"", ""0"", ""-10"", ""11/5"", ""318740580525461817384744168090923951601/200000000000000000000000000000000000000""]"
positive_infinity_025_polished_pair,1593702902627309086923720630972385972871/1000000000000000000000000000000000000000,441836691966691795963802084766237320917794292586373700822700395881725140576789/62500000000000000000000000000000000000000000000000000000000000000000000000000,0,-244745215951309050640050275168128081769/12500000000000000000000000000000000000,binary128_matching,2,SU,1,1,scan_cap,3.4934271057485095e+19,agree,0,1,"[""0"", ""0"", ""1"", ""1"", ""1"", ""0"", ""0"", ""-244745215951309050640050275168128081769/12500000000000000000000000000000000000"", ""0"", ""-10"", ""11/5"", ""1593702902627309086923720630972385972871/1000000000000000000000000000000000000000""]"
positive_infinity_025_polished_hopf_preserved,1593702902627309086923720630972385972871/1000000000000000000000000000000000000000,441836691966691795963802084766237320917794292586373700822700395881725140576789/62500000000000000000000000000000000000000000000000000000000000000000000000000,-17081511541633781/5000000000000000000000000000000000000000000,-244745215951309050640050275168128081769/12500000000000000000000000000000000000,binary128_matching,3,USU,1,1,scan_cap,3.4934271057485095e+19,agree,0,1,"[""0"", ""0"", ""1"", ""1"", ""1"", ""0"", ""0"", ""-244745215951309050640050275168128081769/12500000000000000000000000000000000000"", ""-17081511541633781/5000000000000000000000000000000000000000000"", ""-10"", ""11/5"", ""1593702902627309086923720630972385972871/1000000000000000000000000000000000000000""]"
positive_infinity_018_hopf_preserved,1581383064596916817724860076305973217971/1000000000000000000000000000000000000000,342008729018362619969846297370204979/50000000000000000000000000000000000,-8908800862923477/25000000000000000000000000000,-244200872901836261996984629737020497900000/12395213710566084994973460839365705397681,binary128_matching,3,USU,1,1,scan_cap,2.3538526683701997e+17,agree,0,2,"[""0"", ""0"", ""1"", ""1"", ""1"", ""0"", ""0"", ""-244200872901836261996984629737020497900000/12395213710566084994973460839365705397681"", ""-8908800862923477/25000000000000000000000000000"", ""-10"", ""11/5"", ""1581383064596916817724860076305973217971/1000000000000000000000000000000000000000""]"
positive_infinity_019_hopf_preserved,317138853909932986247785225356266954657/200000000000000000000000000000000000000,346042332617126945483047647176551933/50000000000000000000000000000000000,-22323678901476827/10000000000000000000000000000000,-48920846652342538909660952943531038660000/2488527393009262848725637478918936501227,binary128_matching,3,USU,1,1,scan_cap,2.3538526683701997e+17,agree,0,1,"[""0"", ""0"", ""1"", ""1"", ""1"", ""0"", ""0"", ""-48920846652342538909660952943531038660000/2488527393009262848725637478918936501227"", ""-22323678901476827/10000000000000000000000000000000"", ""-10"", ""11/5"", ""317138853909932986247785225356266954657/200000000000000000000000000000000000000""]"
positive_infinity_020_hopf_preserved,1588382368687061573048496436870013032897/1000000000000000000000000000000000000000,87136180732697650214751678407662051/12500000000000000000000000000000000,-3708087334181569/250000000000000000000000000000000,-244854472293079060085900671363064820400000/12472206055557677303533460805570143361867,binary128_matching,3,USU,1,1,scan_cap,2.3538526683701997e+17,agree,0,1,"[""0"", ""0"", ""1"", ""1"", ""1"", ""0"", ""0"", ""-244854472293079060085900671363064820400000/12472206055557677303533460805570143361867"", ""-3708087334181569/250000000000000000000000000000000"", ""-10"", ""11/5"", ""1588382368687061573048496436870013032897/1000000000000000000000000000000000000000""]"
positive_infinity_021_hopf_preserved,397554845508510404489500987399418787819/250000000000000000000000000000000000000,700498568677626254825185687227794081/100000000000000000000000000000000000,-10235510170637541/100000000000000000000000000000000000,-61256232108470328185314821090347426012500/3123103300593614449384510861393606666009,binary128_matching,3,USU,1,1,scan_cap,2.3538526683701997e+17,agree,0,1,"[""0"", ""0"", ""1"", ""1"", ""1"", ""0"", ""0"", ""-61256232108470328185314821090347426012500/3123103300593614449384510861393606666009"", ""-10235510170637541/100000000000000000000000000000000000"", ""-10"", ""11/5"", ""397554845508510404489500987399418787819/250000000000000000000000000000000000000""]"
positive_infinity_022_hopf_preserved,397888618275687401724724985466992076797/250000000000000000000000000000000000000,175742650956989015052354545395005333/25000000000000000000000000000000000,-72526805152055439/100000000000000000000000000000000000000,-61287132547849450752617727269750266650000/3126774801032561418971974840136912844767,binary128_matching,3,USU,1,1,angular_chart_failure,1.9321599304402836e+16,agree,0,1,"[""0"", ""0"", ""1"", ""1"", ""1"", ""0"", ""0"", ""-61287132547849450752617727269750266650000/3126774801032561418971974840136912844767"", ""-72526805152055439/100000000000000000000000000000000000000"", ""-10"", ""11/5"", ""397888618275687401724724985466992076797/250000000000000000000000000000000000000""]"
positive_infinity_023_hopf_preserved,1592568708337298720322666225367303469329/1000000000000000000000000000000000000000,176211348327180710685303666772140287/25000000000000000000000000000000000,-52401977537108067/10000000000000000000000000000000000000000,-245242269665436142137060733354428057400000/12518255791710285923549328479040338162619,binary128_matching,3,USU,1,1,angular_chart_failure,1.9321599304402836e+16,agree,0,1,"[""0"", ""0"", ""1"", ""1"", ""1"", ""0"", ""0"", ""-245242269665436142137060733354428057400000/12518255791710285923549328479040338162619"", ""-52401977537108067/10000000000000000000000000000000000000000"", ""-10"", ""11/5"", ""1592568708337298720322666225367303469329/1000000000000000000000000000000000000000""]"
